"","sub","W"
"1","557c0bd8fdf99b120dc45dde",0.13
"2","55cca8f81676ab000ff06ef1",0.2855
"3","561f684fed6e5a000dc7e878",0.1905
"4","56e9c7ac0a5579000d8f7dd4",0.0295
"5","57681fca8e454c000133a203",0.0365
"6","57a5c633275be6000135b61c",0.4005
"7","57b77ad86615e5000160ea97",0.0215
"8","57c843b0414f730001e3cc7a",0.2185
"9","5977986837d15f00016f1d08",0.28
"10","59860ea5fd8cca00015cba4d",0.194
"11","5996f25a05a0e30001f1fd72",0.201
"12","59ae8d282a78fd00010b80e7",0.1865
"13","59f392ef9618dc0001d33a58",0.0945
"14","5a9057b96219a30001d2d8f6",0.209
"15","5b126b7ebd9c31000156c3b9",0.2275
"16","5b266738007d870001c7c360",0.205
"17","5b2a2d855b5c0900018b0bf5",0.123
"18","5b460b3678d6310001b74803",0.2275
"19","5b52f4933234ab00014ca442",0.6825
"20","5b829a201a1b2200016e86c4",0.2895
"21","5ba104967b196f00019640a1",0.125
"22","5baa685207b344000128ea01",0.208
"23","5bcd24135c2b810001dc9756",0.05
"24","5c8b065abd96ce0001947d1b",0.168
"25","5ca73fe6bcdcc2001291822d",0.286
"26","5d1a1d97a51463000183f7af",0.014
"27","5d3f020cfd9694001a2d1a1c",0.185
"28","5d543730eda30f0001bb779a",0.1925
"29","5d66f49c531d6e0001e99e8a",0.08
"30","5d9ca4eff93dba0013e68c11",0.604
"31","5da83385e8bf0200113c3c6e",0.183
"32","5dbc7bb351b13c22d8df0fe8",0.273
"33","5dccf99db9d9049777368b3b",0.1755
"34","5dd2bfcc51db1c2d1c3263b7",0.0685
"35","5ddac93016d10ca2991f7dbf",0.206
"36","5e2e7ffe484f9b45e086fdc0",0.1335
"37","5e5bf2d23ff8553d87edd445",0.1235
"38","5e73c7a5d302e933a4a51bd8",0.229
"39","5e84c792bde837092ec273de",0.029
"40","5e933bbce6812e6768a81eb9",0.2225
"41","5ebbea369da72a018c463ed4",0.196
"42","5eed14f9c71a701260df7784",0.215
"43","5efe4a942544c433d6436a15",0.156
"44","5f088ba29bf08d0b3885f726",0.0915
"45","5f959198afcad03e98ee113f",0.338
"46","5f9ac9de923dca223848cf19",0.191
"47","5fc8384d1bc5841b0e23dce6",0.1895
"48","5fd76b7d246a3705a25c9a94",0.0185
"49","5fdb2fd2f50fe7840ab768d3",0.202
"50","601ecf037d641438c0840330",0.0305
"51","60466d07f1413d03d525ce43",0.1975
"52","605772a89b984daa51fb5692",0.313
"53","6074c0ce19889ca4efd4448e",0.193
"54","6096641a9e223108983672a4",0.1915
"55","60c67f7c98690351d580de6c",0.105
"56","60ca044c7b2e9a4654efeb77",0.4525
"57","60cba845ce728e9261e12f6f",0.034
"58","60d3136e74b1871646e72544",0.267
"59","60e5fa452bd56bda03990e27",0.1605
"60","60e97cc8cfc0ba33080d90fe",0.097
"61","60eda06d99b98a3a16aac2fb",0.01
"62","60fc14b7339c9fc0dc0ab317",0.2045
"63","6100fd9153a73727cf2edda8",0.6045
"64","610303cc518cc9e3899dcbb7",0.206
"65","611572b4abe6a1bfe26001a3",0.2995
"66","611bac33b05155b4845a6f41",0.0175
"67","613f1d6420141eefc3e5f1b0",0.196
"68","62962018b1bef67edfd5718e",0.29
"69","62b9cf42a63194f71fc0a393",0.1175
"70","62d6d77df59450e545fb22f6",0.1795
"71","62fb7ba781f1eaac2b543934",0.0335
"72","62fd10443b9a8510ba1298fc",0.1645
"73","63af557b3d4f219c3226b7d6",0.1785
"74","63d05806e94c60eb89e4d3f5",0.026
"75","63d13d214a2a7a3987f88f5b",0.3335
"76","63d3f9a5b1eff52d97c7c86e",0.187
"77","63d8073e2f2480e62ba8d4b9",0.1935
"78","63e40d7b1a88578e3c993478",0.2195
"79","63e51c201c0000d37060d920",0.195
"80","63ee7fdc7353888045333f01",0.0655
"81","63f7a8d2b40592bb1db6cbef",0.0615
"82","6400e00a3cf40dffc3b211c5",0.144
"83","641357a75fa4ec5723843eb2",0.502
"84","64416ffb0b2219961e4ce181",0.197
"85","645d76901063f7fdff9ce59b",0.181
"86","65341bd6cc83ab081644bbfb",0.1725
"87","654cec9d03f822b4b2b4133a",0.2025
"88","65d8fa2941e5a23c0bd0fb87",0.2525
"89","65e0a88fcc6c49698e16ee00",0.1955
"90","65f66a9c78b358ac9108f8fe",0.227
"91","660d5af29e8f6f8ac3be3749",0.2125
"92","661bc4e8c0659c1e17f751d3",0.206
"93","6620f5de5edae6e60f556986",0.2065
"94","662864dd0ee4a4b771071198",0.1265
"95","662ce5a11111e03ef13bdb69",0.117
"96","663827f44936c1ad8d008b68",0.2065
"97","663b7ad234b11a3aa63c6685",0.185
"98","6640edf60de1f01b4cc686dd",0.195
"99","6643dcdaee723e90ec897171",0.671
"100","6644b247f360df5a617df998",0.21
"101","559d75befdf99b1e2b2dc522",0.959
"102","57c4761195a3ea00016e5992",0.95
"103","58f501db575c01000180b65e",0.9355
"104","5954900d5071bb0001ce99f0",0.9285
"105","5999aedebbe8480001796677",0.8845
"106","59b187d0834a170001d607bf",0.9465
"107","5a9bbda1f6dfdd0001ea9639",0.9545
"108","5b7924d8338a93000154ad21",0.811
"109","5be742980bedce00010bcf31",0.967
"110","5c027a6dc776820001bd652f",0.8855
"111","5cc8a98dcedf2000172b04ae",0.8735
"112","5cf245d4639b150018eb7351",0.9555
"113","5d4de7322bb0fa0001c21257",0.916
"114","5d867c33964b9b001a96dcb4",0.927
"115","5dc161a2ce6a9d0cf9814d5b",0.6215
"116","5e2b36b28ef3f2000d8600c2",0.873
"117","5e2f5e5b49436752b45e0e9e",0.8875
"118","5e7e72de99b9e6553dc28dcf",0.944
"119","5e907551265410377d898222",0.9865
"120","5ea4cebb8944a8495280db42",0.925
"121","5eaf94ba2b58c169c02785c2",0.9385
"122","5eb53b2fd978b13c38744dfa",0.879
"123","5ed1288955ecd90325cb727c",0.674
"124","5edd5b6d419dc20c161b4e9e",0.879
"125","5f4fc59aab8e460ca4a9a8b0",0.95
"126","5f57be602095072bb238a7ab",0.7155
"127","5f69a3c91c1e25193e3f9c7b",0.9085
"128","5fe09680a60b5b9d945ca235",0.958
"129","60650e72f3359295eb889c0f",0.8865
"130","60cf0d251a90eb823bc9b740",0.9735
"131","60ec1784273ae579b9a2a530",0.9255
"132","60f58103f23bca812b229dbb",0.9725
"133","6112dc9fe0bbeb6fca8fc014",0.9915
"134","612198f856c9f4f2f02f7046",0.9045
"135","6150dd240ac46d69cf98aab6",0.866
"136","61698720ea3862e067c47c73",0.953
"137","6169e8d9be13591ec127234a",0.963
"138","62348a6d578faf950d112cd3",0.9175
"139","6277dd39dea28b8907aeef70",0.9735
"140","629625e303590ce5fcbcc825",0.9105
"141","62a1d848cc2237ff6738870f",0.891
"142","62e0289b12d76830eadddf64",0.9275
"143","631a0092b31ed67abaac9a02",0.892
"144","6329cf9aff421956acd033e9",0.8815
"145","63471036ea4370051841008b",0.8845
"146","634d7250f674c11a71d1b88e",0.889
"147","6383b7d918eb0bcaf1047eed",0.955
"148","63862402dfdb1803712bccc2",0.9315
"149","63d79c1136770259780aac5b",0.8945
"150","63eb2becc8df9ebd3464ee30",0.956
"151","63fe92b28adbbeb199f72bce",0.898
"152","657b1ac8f219aa9a6748e296",0.9135
"153","6582f4957f9dd146c22f5133",0.8965
"154","65ae789d505b83fbae83d2d9",0.9425
"155","660c14adf5c4fa1a37266dfb",0.816
"156","660f0517a5411a6b75167dbb",0.9655
"157","661c4c59aff03b32a5c33f00",0.8995
"158","6630ee67299e21042731c4bd",0.6495
"159","66463bf72e59172adcc8984d",0.6835
"160","664ca5ef9be114327005411b",0.9835
"161","6658b14998569e477b21cd80",0.9415
"162","6658b182bb57e6360147f2f5",0.959
"163","6658b1949fc464b37f912b54",0.9825
"164","6658b407522b5c7e897529d5",0.98
"165","6658bd742faf93a3722865ec",0.8825
"166","6658d5bd37eb0f2c12697272",0.8485
"167","66598d6e838231ffe9e1613b",0.8755
"168","6659c96903fd81f8cb8f28b3",0.889
"169","665b45af7b1fe039854a384a",0.967
"170","665c19cbf05490e862a35c11",0.9495
"171","66621953106bcfd2a341c0c0",0.982
"172","66621a2d9fa233fcc827b7ae",0.944
"173","6665aa62523e75dac0aa67a4",0.951
"174","6666c8e64388bb611a6b0360",0.9725
"175","6667015e358c1fe41b8a3d7f",0.8235
"176","667026a378d84c75e1cf8cd0",0.8765
"177","667188c0df62cb2dc8136a1a",0.527
"178","66735eb3b7a2b7865029fd0e",0.8875
"179","66738faa84ab2350369ce05f",0.9395
"180","6676e112cb8e96df168a93a1",0.9055
"181","667784373f153eea5dcb4a37",0.987
"182","667970d8a01336cee143d871",0.893
"183","66798d6e51f5bcf4c0a8d2fc",0.915
"184","6679f1569f882aa303fa49bb",0.9305
"185","667b24c6c25f7a12d08d9ab6",0.9505
"186","667c11cd9bfcad443af6584f",0.905
"187","667ebc629093f022db34278f",0.8805
"188","66804ea629a042a9477fc387",0.888
"189","6682c4822f75bd26637c1cad",0.1255
"190","6683c48e031b35373bd3ff0c",0.976
"191","66859537f8fee40f342c2d6d",0.702
"192","6686006e69071d83fee5c816",0.861
"193","66862fbfcf8f9b001caadb69",0.8805
"194","6687ef9f1e15a5d201ba3b3f",0.978
"195","6687f3edcee793fc3d6185ee",0.872
"196","668a935e677dc562a445cd03",0.914
"197","668bb99e5fa8b9ebb3c428ac",0.8805
"198","668bfbcbfd735b6652c60f20",0.9165
"199","668d5331aa58b7e75ff160d7",0.973
"200","668d822d705c807ed4664ae1",0.9785
"201","5466464dfdf99b7fec4402b0",0.0365
"202","54b042f9fdf99b71c47ea96b",0.14
"203","558996f2fdf99b7ae47f5ed2",0.4545
"204","5680383ac5767f000d1c7e77",0.024
"205","5755c957eb80c4000741a9ce",0.018
"206","577173988445140001a36edb",0.122
"207","5a465b1756ec1100014a317f",0.0875
"208","5a4698b97a3e3a0001dd564e",0.189
"209","5a598f2b8e6259000175f094",0.0735
"210","5a89afc90f1bce00012242d8",0.165
"211","5a991dd86475f900019fe4b6",0.0455
"212","5ae9decad9f2be000193310a",0.075
"213","5b15a1369663ee000146421e",0.216
"214","5b1d5fabbdf4e10001638a19",0.012
"215","5b544d49026602000179257e",0.004
"216","5bdead73ed3acf0001666f03",0.5965
"217","5c28d36b6fbaed00010847a8",0.1775
"218","5c3fd0d4c2d0b700017d02cd",0.181
"219","5c4757857aa69f00017418af",0.1665
"220","5c604a82001e3400014515f2",0.026
"221","5c6c2dd852688b0001d20458",0.214
"222","5c765990f33ac60016b7b2a1",0.147
"223","5c7f087e7ce06e0012d9eadc",0.0025
"224","5c92a21d2affcf001776a514",0.1605
"225","5ccef4423f15b900199e1ec3",0.152
"226","5cd47eac121337001afb9e96",0.3055
"227","5cd6f48c48cd50001862b4c4",0.562
"228","5cd9dd09c8e37500018ab627",0.161
"229","5d190e1c686b190018ea4d86",0.1215
"230","5d5b234a5884e3001552657b",0.1645
"231","5da78f61a60c0d0017d6ed89",0.107
"232","5dac2415bb24a50017217397",0.167
"233","5dc9e325ac77c76f8a335019",0.147
"234","5dcebc20393bd3000a9dcc2e",0.1655
"235","5e110747dc265f7d25341439",0.4735
"236","5e33e9b555c80a3b1a42693d",0.1935
"237","5e4b1627e778a8030266480c",0.1565
"238","5e7b84917412d418676e1b19",0.1655
"239","5e7e729c1fe4f954c8b8abf6",0.011
"240","5e9ffaf7e9ea4e000b76917c",0.017
"241","5ea1a2e7939362055f0c325a",0.1395
"242","5eb57a827b87b908ed464aca",0.179
"243","5eb9499bcbc2140180e31037",0.016
"244","5ebc466264fea60774387e75",0.277
"245","5ec7d68512268325623eb178",0.23
"246","5f19a735255c76000b023d92",0.2075
"247","5f3d63427c561a0f0d0cb09c",0.303
"248","5f44ed0e7f545e029071c4e8",0.273
"249","5f778d553167a12eae0e1c00",0.52
"250","5fb997d62e675a62d4512560",0.166
"251","5fdbf1bce6b2811086d25be3",0.032
"252","5fde8fc3c0e40a651914c261",0.1415
"253","5ff1aa3251f3a95f05d80068",0.0065
"254","600784c70a5c05292d6ae3c0",0.3855
"255","603ec9304e3f3200d7ed2ead",0.0375
"256","604a06acf362ce3bbf7b5106",0.1555
"257","605cd1b167207b8209b39fee",0.184
"258","60855f538b53f54054804748",0.581
"259","60b7d053a787ce9076e74227",0.003
"260","60c1f0e3708c6bcc65473102",0.021
"261","60cf6fc7a6a20c1402bc53f3",0.199
"262","60d242dbd4a3ad11a5aeb7c5",0.0325
"263","60db48ac84dd2a3eaa65d912",0.165
"264","60fc50b86b35094f5e5cd284",0.0085
"265","60fdb82c66e02b2b47798dc7",0.165
"266","61006b0f1f3bfddb6b4c5d55",0.1665
"267","61026015b70c93b95254a4ca",0.0845
"268","610466e3fb619bdbdf8eb32d",0.1565
"269","610a547a326f57e33bb87e88",0.167
"270","61186e3cfc2694eafd5170e4",0.4295
"271","613b89f37101459d36a4768f",0.1725
"272","613e495d5991ed54f860fe9d",0.1935
"273","6147a1a9fd8dbbfb4e1e6711",0.1935
"274","616c98c5821cbeeffb348e40",0.1775
"275","6269a659f3f7e7e125de8af1",0.152
"276","62b2aea60b8dbf2bda1d67e7",0.1495
"277","62c4447bf90fc4b646c59a62",0.1635
"278","62dc597fd77d6332766c29a4",0.181
"279","62e3b86e93ec657bf1a690b5",0.1635
"280","62ecf9bfdac8441b46ddaaf6",0.1005
"281","63468b1061ea9fad9573cee9",0.0595
"282","634d7250a9dbe47b2b1d110f",0.026
"283","63cf9471d0cf4c4c8ebd9ee7",0.0625
"284","63f77d3124200f797c299213",0.0125
"285","6415b3c95afa8dcac0dd7ae3",0.148
"286","6447abcf5525c01385eda994",0.175
"287","64fb1c70c9719e368a47142d",0.1165
"288","6520290b73bfb2e99d29a826",0.053
"289","652ae54b698bbd5c18c0c90e",0.013
"290","6573aa939c6576b736f010c3",0.1545
"291","6580514493246c5405bcf34f",0.045
"292","65a5920088672d869713f267",0.0955
"293","660127d40cbc878e8a0cf7fc",0.189
"294","660c025b08e3356815aa96ef",0.0385
"295","661150ffd1b67ab0b6f6176e",0.2045
"296","662fb45148dc640c520e5272",0.097
"297","66337987220de404794cb171",0.1435
"298","6637925e47202e10aa6e5cc5",0.1655
"299","6638e4a35e6232515dadc5bf",0.249
"300","6641220f4193c77a18d63a8e",0.108
"301","56c24f960a25f10005e5797b",0.018
"302","5841e1b3541de800013d49ce",0.2775
"303","599ac21305a0e30001f200c1",0.302
"304","5a031341728b1b0001ad8bee",0.0385
"305","5a89b3a0b093f80001a7f77f",0.3715
"306","5b1dfad43522660001b4510d",0.01
"307","5b61d0768de04c000171cf1b",0.0015
"308","5ba2a1c8c96df90001ce9159",0.2865
"309","5ba6d33077f30d00014fe202",0.166
"310","5c05da0155614800012bb7bc",0.155
"311","5c1d232074ad0b0001531eea",0.008
"312","5c1fdc85e622c10001ece52a",0.01
"313","5c2b6280248ff5000114042b",0.6045
"314","5c2b80f371d2760001eff037",0.5055
"315","5cad1eef8ed53d00180d2532",0.913
"316","5ccf41c9bd0d3e001593ce92",0.54
"317","5ced2932539ced0017fbcb29",0.097
"318","5cf398a1e55efc000127adae",0.0115
"319","5d3b27a3cb6d84001835402b",0.082
"320","5d403b7d4e509a0019f664f0",0.242
"321","5d45e40fd62d7a0017395277",0.0085
"322","5d6e4fa13e7e82001b2e8586",0.405
"323","5d8878251f684d0001737c56",0.2775
"324","5d8a2b0f887a21001543980f",0.2715
"325","5d9990363342a002b765ad1d",0.2735
"326","5dd529363558224d3f7fa486",0.4235
"327","5de12e8bcc246f1801c63071",0.398
"328","5de572f21a7af84fc3cd0ca7",0.272
"329","5dec1798e4f840300cd3c680",0.32
"330","5e1b6da99debf5393dfba2dc",0.2645
"331","5e1f97bb97308b2cf7b254fb",0.235
"332","5e28bd32e4254006e204f309",0.5265
"333","5e2c86f4d747d92ad0120813",0.3015
"334","5e398a6ef906aa19bb160842",0.0955
"335","5e3afe879d5f1e30b75b9ca6",0.0175
"336","5e57d38b533eec1818078f0b",0.557
"337","5e5e817e9dad801ad64f116f",0.3055
"338","5e84391b7eff7b18bfbeba13",0.057
"339","5e89ba09ec9b3364b1fc0bd1",0.247
"340","5ec9c8ac6c15054fe7508271",0.294
"341","5ed4106ca9bba30c4b74bbbd",0.283
"342","5ee944d1886b7d1b8481387d",0.8825
"343","5f1d635678812366e39f335f",0.0795
"344","5f356cbffb4cea5170d04fd9",0.057
"345","5f3d42de03555c0832cbef73",0.0735
"346","5f6b027e6eae971e2fa13594",0.31
"347","60369ae814f750ef3d063c3e",0.013
"348","6042043e8399b51f696c5cda",0.3095
"349","604647daf93b230c5c1521f3",0.037
"350","6060a66b5038da4bed166eed",0.2525
"351","6065156e5a052bf80d91ff93",0.2735
"352","6084b61050c26fcc0f794675",0.399
"353","60efef370d821bde9cbb0099",0.2715
"354","60fd104de10db57a893a0296",0.4305
"355","60fd56221905a639b3a6ab51",0.277
"356","610074329088b3e63b1ce2f1",0.5585
"357","6110987b6efd3ca6a745836b",0.327
"358","614ad1d11ebbb70be136b832",0.0415
"359","61509e9ca1a1eb29e9e76c44",0.336
"360","61688d6c15deec9c3554760e",0.0445
"361","6286800999a782f0e51954a5",0.098
"362","6286ae7ceda94060ab23bb7c",0.1575
"363","629f2a9c3effb1dc81c49116",0.8545
"364","62a1e2fd89e02622395cab4d",0.7785
"365","62a71d4e0485f3195cd5fe54",0.2705
"366","62c71e41af2bc57590b548e8",0.272
"367","62db2b12610af426614b50bd",0.004
"368","63038b2eaffacfbe936164c1",0.8925
"369","63038e5456edb0d2cb421385",0.1815
"370","631f8164145b26de1567f040",0.374
"371","6321da5de806efad3e53163f",0.2895
"372","63cff251f44e8a213aab86c6",0.2025
"373","640132934d00561d78518c4c",0.012
"374","646995ed901eb3789602a086",0.315
"375","646d53d90b1b0ceddb776f59",0.2745
"376","651979733e35af04ce5fca4e",0.3335
"377","6557a511c1820638346dba24",0.2425
"378","659ecf23553b45a0326cb6b2",0.278
"379","65abde492c561233fe22a621",0.297
"380","65abea576ca74c598aef13c3",0.3515
"381","65ba5ca6245531fb7cef4ddf",0.0225
"382","65cb7b4f9b771b8103c8c0a4",0.9065
"383","6601aa682f7f3855f98f4647",0.2745
"384","660ef2786a0104b156989af7",0.0205
"385","66105399d0c91c3e9e4c3bce",0.2795
"386","6616850023ea961627153655",0.0555
"387","661825de60cb5961005070eb",0.2555
"388","661e683f2cb86a7f3e041b23",0.2155
"389","662283c9f55042768b2ffe91",0.334
"390","6643056f4f4e3215cd694776",0.186
"391","6643555f305ea02592fa0ccb",0.5785
"392","6643c8d8f6c2189fd555f249",0.11
"393","6645b72a1a5f7902bfd57b52",0.2345
"394","6647a25b9eb3a83d8f527876",0.254
"395","6649073f409261b612520f97",0.231
"396","664a1bcbac985050a4575af2",0.0995
"397","664a9f9a7b9198dc1ad857ca",0.016
"398","664c9de6874cd4d39680afea",0.016
"399","664ce8a6dbdc7630d2abd227",0.0225
"400","664def2981f1d36ca1e9d24b",0.2695
"401","57308d1530a5560010ecbc1a",0.008
"402","57deda2591b7fc0001493e95",0.3495
"403","5823c1b185e40e00012f2e68",0.486
"404","585586c728da4d0001884a00",0.3435
"405","58eb9b26b0ddf800010dc8bd",0.5185
"406","594e2bb7a402220001d84067",0.4615
"407","5953668fb2e8430001ea478f",0.804
"408","59646f5198cf77000106feb1",0.3495
"409","5973c67b5eccd900013a7f8b",0.3595
"410","5982e7b91815040001e698c4",0.0045
"411","59e7276d5de9b000017ed1c1",0.7625
"412","5a606ae1eedc32000142ea79",0.004
"413","5a6759ad35f26b0001496694",0.1045
"414","5a9bcd3f1eda410001366c55",0.368
"415","5a9ea9fe1ade740001b92063",0.345
"416","5b17642244127b00013f7f65",0.3305
"417","5b55e6bb6a1fa9000103b304",0.0025
"418","5bec8053b6b5ab00017c7349",0.4905
"419","5c2cf8a7be4e9200014fc062",0.375
"420","5c2f6d25e38ccd0001caab19",0.39
"421","5c4ce29ad7c9720001295e1b",0.323
"422","5c4e5f2ae5f00f0001542748",0.304
"423","5c617b872026f300018082d1",0.3575
"424","5c6e8dd877955b0001ff0c58",0.1165
"425","5c81582c4c1a61000155584f",0.3155
"426","5c97f7ed18a759001648027a",0.3275
"427","5cab7cc86d3a6e001519d9e9",0.0165
"428","5cb1e0ccc9ca1c00181d3e3c",0.3755
"429","5cb59c9e4c39f300173efd41",0.0025
"430","5cd2f0685a6ef30012924432",0.081
"431","5d0913ff65eb3400019cc1d8",0.3255
"432","5d838915e3876a00014c44b9",0.865
"433","5d8bb1cb08831c00199158e1",0.3715
"434","5d9b02cd4ce5d302eb84801d",0.0495
"435","5deadb731aaabf212ed16016",0.1635
"436","5df538c3ff28a83bc0b72669",0.9375
"437","5e35373e1ddb124e6c306747",0.0415
"438","5e85bef40312bf1accc43239",0.1105
"439","5e9aff02f4a78b1a1fe7fc3c",0.324
"440","5e9f897c20320b000b1cc4cb",0.49
"441","5ea5ab953728485a2d53e033",0.462
"442","5eb561131434b1053a77d85d",0.2485
"443","5eb7dec5245b8670ff3536f2",0.0305
"444","5eea9699ab4f5c1bcbffa983",0.8215
"445","5ef40a3ceb5b661c164551c4",0.0605
"446","5f8b4560fc6686262722efdb",0.3655
"447","5f8bad1242efeb2f49156f51",0.4625
"448","5f9968d24377ef035c24dcd6",0.2115
"449","6022cb0bc69ce70874b42f78",0.414
"450","60241d8be372010009703f80",0.004
"451","6091c048a583f9919843aa1c",0.039
"452","60a00380a43a4ac3e0a1c66a",0.395
"453","60c2a30e24e7f2ce0c8b56ca",0.956
"454","60d784db7de1cc8f3d59d3a6",0.3085
"455","60de3960a914c5219a7f0d4d",0.337
"456","60de4cc94dfda4d9e1948e6d",0.1385
"457","60e39059c89cadf89f4e29eb",0.3055
"458","60e5ffe203dd6eafa22c5d15",0.32
"459","613a5cffb2911279076b5709",0.8375
"460","61594f3d0ab0ed54b1deb3ec",0.0295
"461","61648be296a6aa6811817678",0.4615
"462","6166d5303697f00c3b572066",0.0355
"463","61fa936e5719bc09cb834cbe",0.4155
"464","62714f1a980371802eccdfd3",0.3305
"465","628775652a4a95dff424b930",0.003
"466","62fb79136f84975e7d460f8b",0.1165
"467","630390a342ae232220e6034c",0.085
"468","634ad1cca828fbb8c355380f",0.0165
"469","63d0e55975e5beb4cdb7b188",0.3085
"470","63e6dfd8bb1c10a44d13d7e5",0.4965
"471","63ea437afbb1a5dcfe7740c5",0.4175
"472","6400d8a392df8ab66a45814c",0.319
"473","64136034f020e6b765d0bc4c",0.2565
"474","64137ab1ba8c23e1b4282140",0.8625
"475","648433888b4673eccb878f88",0.3205
"476","6495b20dcbfda549afea6f6b",0.358
"477","64e871eb5d4b2bd9ce50f82b",0.015
"478","651c267cadc54f1b3e611efa",0.322
"479","651f8c9561bba4367911484c",0.3475
"480","654e526bf428f37cda613482",0.4405
"481","654e60c7652a6e1ea8418ebe",0.485
"482","654e6ed02fec82d232613bd2",0.8295
"483","654ffa78185a13c48b109ec7",0.274
"484","655f21ba67b1e9cdbea32007",0.325
"485","6570da97d601259c091e3cc6",0.343
"486","6578943bda60b06de1ba4628",0.428
"487","65aec8a515a9038f95ed2f08",0.2135
"488","65bba95969fb7e58ac83a6ce",0.4635
"489","65e5c74d56a92539d1f5ba3a",0.321
"490","65e5d4a89070326bc76fae1a",0.4265
"491","660426c0c862023fc9832df0",0.519
"492","6607eadfd4b4ebe8f9606b24",0.003
"493","660d6717775ec7820f850231",0.3685
"494","662286b393d845c24ec5d209",0.2265
"495","663d2e5f5dc0f123029a7897",0.309
"496","663d4cefd7da693cba93ab4a",0.305
"497","66421a683ec1aada2f687975",0.3315
"498","664604da31bc7fa510005366",0.5625
"499","66472012c86df53542876f2a",0.3285
"500","664e35139edce1893498a47e",0.051
"501","56b72c28f2fc70000c32fb37",0.829
"502","594a481105e73f0001450009",0.6495
"503","59ff8226ab721b0001ef6e61",0.7825
"504","5ab10212fb22320001bacdfe",0.8795
"505","5ac897a6e734400001da581c",0.37
"506","5b0ea5ea30d5620001558164",0.431
"507","5b30dd61e223e800012bd935",0.0205
"508","5b5e0e86902ad10001cfcc59",0.246
"509","5b688bf2263ecb000134330a",0.3735
"510","5b96ded47485e1000175d72d",0.7795
"511","5bd34c2c4126510001d5dbef",0.573
"512","5be94f66a169160001dafb9d",0.3195
"513","5c79bc94d454af00160e2eee",0.2785
"514","5c7c4358d81ffd0016dffe5b",0.4545
"515","5c7c73b6f48c6d0001f6f49c",0.345
"516","5c8e9e97112f870001b12bb9",0.0525
"517","5ce94777de266200151ea319",0.434
"518","5cefad9ddfb27200019620b2",0.48
"519","5cf67b231a364e00170a8ca4",0.179
"520","5d1f6e8a79b6870016f803da",0.368
"521","5d3b65136a4c6d0001cdd8ba",0.4185
"522","5d53be7ddaac02001566b548",0.357
"523","5d8cef3c28e183001a335ab0",0.035
"524","5db70fcb7bf4fe000daf3b93",0.5095
"525","5dbe90f8965e863667a79ca8",0.416
"526","5dbf261c3b89f23ccd3007af",0.3885
"527","5e237caac530bd62e210d540",0.048
"528","5e3a0494852c30225cf95713",0.0255
"529","5e482352020bde2be9b4ded1",0.3335
"530","5eaeb7b38955ea0009bd605d",0.0235
"531","5eb41fcb3a7a1724207bbfd6",0.9035
"532","5eb81d360943fe74d6aba62b",0.49
"533","5ebac054d63dde03790ceef8",0.373
"534","5ed1520d74c93509055aab74",0.2075
"535","5f0de04a8fbf010a723c826a",0.144
"536","5f240054aa2111204f231a51",0.017
"537","5f3edad9746e76182670cd0d",0.2495
"538","5f4ac049c374f51158b481ba",0.26
"539","5f5aa9f89a3ef61b0778d49a",0.799
"540","5fd5381b5807b616d910c586",0.052
"541","5fea486eeed16da38175ba44",0.337
"542","5ff0f1b0dd8cf14ba8957c5b",0.356
"543","6012d27152fa5e09eb6a29e0",0.018
"544","6020606d7b0258677b881f63",0.247
"545","605a2dbead400eae8de18f8c",0.359
"546","60b8edbbe558c9a5370335c8",0.482
"547","60b8fb929701cb52b39796aa",0.0755
"548","60e4949dd5c2941c69e48621",0.037
"549","60f8658bf9d1627d3bc87a3d",0.3395
"550","60fd954ba06b12dc5916eadd",0.7505
"551","60fdab454b8c00448c10fa27",0.3825
"552","60fdbbbaa77d40705341b211",0.027
"553","60fec21e36a05990cfa8a715",0.1225
"554","610fb8ff377a37c16a4edf38",0.1675
"555","61267e282a445af9eb95beae",0.9335
"556","6136503d70302c9d1aa894f4",0.401
"557","614ce6a7a33bac955957f7a6",0.002
"558","614f571879ee135c5a579e08",0.3525
"559","61bb381140db417c1a138ba3",0.2995
"560","62b33e90d4a7c3f314f45ba6",0.382
"561","62d138e361857aef127c9e8b",0.61
"562","62d81f26161631255f0d36bd",0.9565
"563","62d8229a7c40118d96ddcd58",0.8735
"564","62fb792a0ee96d07e2fccdb8",0.3545
"565","6329c13285c93cafdf51ed77",0.017
"566","63d40b7d3c7f92ff15ef6b67",0.0645
"567","63f79db67653ad752d6c4477",0.3125
"568","6401041925b69c601d8c81eb",0.3605
"569","640c3e718d10af5614ee82ee",0.0095
"570","6414687ee84275780cfe8acf",0.737
"571","64427a7ac5edfedbe0c2779b",0.317
"572","648706968595d07a26faa725",0.7295
"573","652c8a9f34ac384b7831f26e",0.0335
"574","656bb9267df44f2c87420776",0.079
"575","6579d1fb582e8caf3b42396c",0.2465
"576","659864775dffc3c84fb4f328",0.867
"577","65c17320210de766c44c9e75",0.0065
"578","65c247a8e76e1786498e63e6",0.1785
"579","66129f25b6661fefd057bd36",0.43
"580","661c27545897e4caee79632e",0.06
"581","662b67413674be02b03c97bc",0.0745
"582","6633e4b5ab5fed569dfd3a2b",0.339
"583","6635db76b0a9ea4ecad2f302",0.269
"584","663a5538ea4ded3dd872258e",0.443
"585","664a375e07e464189e4b25f4",0.341
"586","664b615984a00f9c282074c2",0.343
"587","664f402dab9a2b0829103e37",0.316
"588","6655eaccc1d8a40fca9da67e",0.3595
"589","6658b146f3fa1df02771f42b",0.3315
"590","6658b187cb2020d6b19f884a",0.206
"591","6658b2050980b63fc8fdbd13",0.493
"592","6658b244d45dca942abbe982",0.5905
"593","6658b687ab732c38533b24e7",0.538
"594","665969b0a8fca6ea85c9b24f",0.2995
"595","66630c7e4f6214b0121ff68f",0.0345
"596","666422af73d32545da6c7285",0.3095
"597","6665a876f27007d4b557462b",0.037
"598","66699ef0d93ccc09d70a1d25",0.465
"599","666c40543ad0f87648049c4a",0.225
"600","666d96e9bd3c2a2676a834f8",0.387
"601","54b19cadfdf99b0b3d806330",0.92
"602","558fb997fdf99b7ce292469b",0.8615
"603","563fa227074be600115e9642",0.166
"604","57d2edf35e9bc90001f76b06",0.1335
"605","594c69ee4b07c400013aa466",0.037
"606","5987bfb80e411a0001d83837",0.336
"607","59e52174e75b450001a69189",0.377
"608","5a3be356c69d960001598162",0.312
"609","5a68c8ec63394a000155cbb9",0.221
"610","5b278c153a20420001efd41b",0.596
"611","5b311fcea8327d0001000777",0.493
"612","5be08379a34306000165f14c",0.013
"613","5c51d18698b0ff000110da96",0.591
"614","5c91fad394f7e600172f9d4a",0.889
"615","5ca73fcf7067e70001f7a41f",0.187
"616","5cfe43f8d09fbc00013a0ee5",0.9225
"617","5d45d2c3b30ae50001578172",0.318
"618","5d5dc275c4776b001936cddd",0.2255
"619","5d5e7c716a846b0017760587",0.0385
"620","5d6da6447ef31f001e90d985",0.264
"621","5dfaafeec0b81f7f32f10709",0.3245
"622","5e7c7bf3ca18002bd9cf6eca",0.538
"623","5e7e846a89a21d55d5e77411",0.073
"624","5ee18255395f8655ae190e48",0.183
"625","5efae44f5a33e693df274fea",0.011
"626","5f01c399cbdce603a8af49b4",0.3735
"627","5f319705c8f15307cbb192a7",0.2145
"628","5f3ab128c4b6921312f28237",0.2385
"629","5fb46dd5d9ece50422838e7a",0.3775
"630","600cc0ed3a7a0744a0699c5b",0.91
"631","6050a8d916ed9ccb611761b4",0.3875
"632","60a4efcabe6d8f29513a5258",0.411
"633","60d03b4be7200f842a86ee33",0.4965
"634","60fbda8da0a0d35e04244499",0.376
"635","60fee8accc3a1247684fbe16",0.362
"636","6124ea99728014c37c9635c7",0.9685
"637","6131057db82458b8609961c1",0.009
"638","613bae70cab01ced932e5e9f",0.5955
"639","6145e674f74f637530a08a39",0.664
"640","614782b3984210a92c787d6d",0.101
"641","614c6f6d59ee1549ff1f493e",0.0375
"642","615f0c2cab82bb38958bfd7f",0.009
"643","6282486284f992485dcdf4ea",0.4995
"644","628d78a2ccf4a41f24c2d2d8",0.0835
"645","62a12aee913c1c1a20613418",0.107
"646","62a42874616cea6120350ad9",0.164
"647","62b35b7ceadb050497fbbe58",0.0055
"648","62df57db36c1085c48f8d86c",0.348
"649","62ececf09d04c75b0ac68b0b",0.309
"650","62fb7bd5e0c65f772ce189c8",0.3975
"651","632b3639f61612815d100608",0.1085
"652","634689209c4779c9b181ff9f",0.4145
"653","63d000d62878aa92b833c5fc",0.854
"654","63d142cd6facbdd809867c48",0.3235
"655","63d17686afe6614ac1f77f9b",0.8035
"656","63d7a26f594b17eba6a83328",0.301
"657","63e5eb956eab1f2740ac6289",0.964
"658","6401bcfa282745fe0e77361e",0.293
"659","64401708880c30ec28b9aef4",0.131
"660","6447e2e2d1e8e330d23d4057",0.3435
"661","6458fe267afe71c7aa4de260",0.67
"662","64a83272f2f581fb23f023b1",0.128
"663","6542617070afd2731d6bd018",0.126
"664","65602bda0d0e433540dc765b",0.01
"665","65bcba7abc3559a97b375589",0.413
"666","65c732e873b992088286bec2",0.3875
"667","65d5106c519964c4e8fe85dc",0.359
"668","65d687224b44a4dcf4d06863",0.06
"669","65e74105c99a4ee078b66239",0.8355
"670","6601a7e1895f6a6f2d9ccea9",0.255
"671","66240f6ce1a02cdc40bb666a",0.04
"672","662adac9f79478598b0e842c",0.039
"673","6632b7f87aa9f328a450e664",0.766
"674","663316bf6334f1396d7df80f",0.741
"675","6633fa4ebe0a692fc1a5f422",0.2135
"676","6636846a9190727f3132791a",0.083
"677","6638e643284b804701f00535",0.3785
"678","663e83a2acfdb0135f470a34",0.1905
"679","664463deee6a56f00a43c35e",0.1445
"680","6644f8f56b474f497134b1c4",0.657
"681","665488225b3bbb3e8317b1bd",0.2975
"682","66562890f69de1ed9b022a86",0.6355
"683","66572a95e52bc5d24caedc7b",0.3755
"684","665735c6cfc5aaecdc031a50",0.685
"685","6658b13d6a1df274ee633f90",0.245
"686","6658b3351fbec54d5289350d",0.3185
"687","6658b52e7eff2a1582ca671b",0.637
"688","6658bcfd198f87b4009b05d6",0.377
"689","6658be7bbc36ded0ffe47140",0.3625
"690","6658c862c0f839493f866a75",0.1845
"691","665947e5a8fca6ea85c9abc0",0.282
"692","6659f69f13983841995832ae",0.055
"693","665a00d9581153685eceb8d2",0.1825
"694","665b23cd7b1fe039854a2f13",0.3485
"695","665b7b3f5c51de1463521b6a",0.636
"696","665c050b07508f6c4f8d01e0",0.4245
"697","666600547628e9babf3517b2",0.7245
"698","6666293d112b79e87d0ce0cc",0.1995
"699","6666ef99b3beef6d08efdbfc",0.4625
"700","66718617fd80560808562990",0.4285
"701","55b95e2ffdf99b469f622883",0.2805
"702","56e808a27bb8880005d65188",0.435
"703","573107ef1efe74000e3088d2",0.744
"704","5766788c3d2d3a000138b0ef",0.141
"705","57a1e03b8eccbc0001f39c13",0.9425
"706","5810a2fa7d3e6d0001df294c",0.035
"707","59317b8761bcd8000107cad6",0.5385
"708","596f2a1f50e2f000016fd93b",0.478
"709","59931157f9db7d00018955b8",0.0675
"710","59f0f82ce75b450001a699ad",0.981
"711","5a0d4a205d06850001afff96",0.456
"712","5a6107bb31b87a0001c6c49b",0.3515
"713","5b666901f7798c000182c01c",0.3905
"714","5bd248b1022e9b0001b91eaf",0.4325
"715","5bffc3ae4108380001f5cd63",0.863
"716","5c0947e4c15a020001bafe61",0.42
"717","5c5a000eb7edc10001a7ee16",0.0625
"718","5c921106b788a2000170709f",0.592
"719","5ceb00125b78dd0015cb4406",0.017
"720","5d945d41e5ce0a001347e2b5",0.4175
"721","5ddebe998ed6bfe3cac0174c",0.966
"722","5e4dd29b9b6e560e61ee14c7",0.9705
"723","5f4143f294d6482bd9689da0",0.018
"724","5f58c945b5424a055aad846b",0.94
"725","5f5b466013a22426346e8fba",0.69
"726","5f7126de20717c75c0201315",0.015
"727","5f960a9442d5f34e319e3cf7",0.2165
"728","5f9e03f3517e0d3ad1eab67b",0.4395
"729","5fbc036099f6c9050e664b2e",0.05
"730","60035a7089252e07b1d4b077",0.4225
"731","604604bf082da501e40808c3",0.4145
"732","608b2baaabbc11fcf3928625",0.507
"733","60ad4325e23286e1191e31aa",0.0245
"734","60c75c100cecfd420ae81b79",0.528
"735","60dca4d773b80ebb055e5de8",0.899
"736","61088f97759a1199340202e9",0.498
"737","6108d2066bcc43df291c93f7",0.685
"738","6109917749b14701436e49f9",0.984
"739","614e480621f3b7c9992fe1ee",0.4685
"740","6154b537a93b01369670a9f5",0.3925
"741","6286718faa00d344b74cb609",0.4855
"742","6298e97db2a191f24ebb9db1",0.059
"743","62a35981f07eec138b14cb6e",0.008
"744","62abb1afcd1bb1a819c90a0c",0.0375
"745","62b33e5e6103ca47d3c8a953",0.4845
"746","62c612ea71b6cc890bd5ad41",0.316
"747","63068110447ef1aaa9660816",0.479
"748","63203d7490bfb5e4b58956a8",0.5725
"749","63655432e66823b2595ee761",0.42
"750","6365932d7d5677237318f982",0.0485
"751","637ffd0ae752c8e33f91798b",0.352
"752","63d32088bcda95aceb86ffca",0.019
"753","63d4029514fd2433484c50a4",0.452
"754","63d45b37f8f7c19c1dce7c5d",0.5125
"755","63f7a2d8acd4b0cead8773e9",0.87
"756","63f8eaeb261f726a83d65177",0.9815
"757","6418bbe97ce6b1644060b8c6",0.9
"758","652159d3d4cf5d248a3350fd",0.412
"759","65464fec47eeb23dde2b5c56",0.453
"760","6550a9f2fc2fc3a9c2d04180",0.057
"761","6552a35b882343af828d859a",0.151
"762","6554990ace48275d4017fe99",0.558
"763","655d35168909cc0448bcd7b7",0.3095
"764","656615b432984a1b0ea3273f",0.012
"765","6568064f27e7b2f8ccd32058",0.0845
"766","656e02962907eb6f11faa71f",0.299
"767","65a9239a58dbce6f4fa1d6af",0.3805
"768","65c111f100af1af81e3f444d",0.335
"769","65de2dd9077f463fedd79272",0.696
"770","65e4d77aff8f62cfcb72fe4c",0.0225
"771","65e5d439de1a27ed1b7a6a9c",0.538
"772","65e646da8809bd962f8da706",0.3755
"773","661555d405381d6f17b1471b",0.0035
"774","661ed12701e9fa042486677a",0.426
"775","662790ba12f6c8d4d6b4296a",0.2955
"776","6632b54136b1bb42e3bef01f",0.073
"777","6638dd16afb2f1408c461347",0.0185
"778","663e1a9538a5d269744692cc",0.951
"779","664f44d2b701a2807787b0c6",0.0485
"780","664fa6868de801f9143b4e5f",0.5545
"781","6654e2852ba96cf3fe061069",0.9225
"782","6658b25488108e97424af6c2",0.848
"783","6658b75b684674803e83e24e",0.4085
"784","6658bc41c9e6deadfc5bb326",0.64
"785","6658bff08ce40f13d68d7f65",0.4495
"786","6658db348f6f9dd68d0405da",0.009
"787","6659c792c24dfe1ff2040994",0.913
"788","665a0b36c79e6bed8c56c42f",0.056
"789","665a23747dc3dbf8b0cd8da7",0.717
"790","665b8e75b596a3558adbc3ad",0.377
"791","665e31fc6e2f3f209088cbbc",0.305
"792","665f11d091ed0d56483f1227",0.4125
"793","666054d2f2dd0fe6e8be5a57",0.417
"794","6660c05740ab8863f127c405",0.5515
"795","6662cf12dd16203f37d02d3c",0.4025
"796","666742ccfb7d42843eb91621",0.966
"797","66684b4027ac8c6a6fb7dc5a",0.419
"798","666b1913047e96c54165e3a4",0.4195
"799","666c5a6d511111801e7fccaf",0.1765
"800","66712a062c19658f3f46a9ce",0.166
"801","55f42b6a32af740005170bd0",0.9745
"802","5982eef79dfc3e00011d81e0",0.6385
"803","59917a2b0675b100014dadb8",0.9275
"804","599f17cb8d2b1600011b3dd3",0.5175
"805","59c7d5a159b379000115106e",0.6395
"806","5a33acd25617d60001f0e8ba",0.2705
"807","5a91cb166219a30001d2e6ef",0.9475
"808","5ad0422dfb109b0001a30f35",0.868
"809","5c0a29b6c307a400016adb9f",0.9375
"810","5c4353086ce36f0001205f65",0.2685
"811","5c4d8d706b23ab0001a34af2",0.447
"812","5c636bc3302b1e0001e69dce",0.608
"813","5c7bc8ea5a669300172440fc",0.645
"814","5cbb1374517cd00001310c43",0.5975
"815","5cdc899d48d5f100195fafff",0.5935
"816","5d35989e71b4880017d5cc81",0.9795
"817","5d95dfca33f8930017e85486",0.7545
"818","5dbf704fa3f5cb40876271fc",0.7885
"819","5dd742a140460e6e2b707d58",0.622
"820","5e2c8f69cad44b2bc5ce9a34",0.7815
"821","5e54c7fc2394ea4c99f88987",0.348
"822","5e7dba4f1d6961436474c8f2",0.9075
"823","5ea9e36155624e14a9a64525",0.645
"824","5ecfd28bb14b1c05751f178c",0.496
"825","5ee693b0822bd24173d86324",0.441
"826","5eecd2e3a38fd009dd9d1f3d",0.4045
"827","5f196e2fab8a9003090bd474",0.0805
"828","5f1be87fea92af4118e1109e",0.7805
"829","5f3483c9be9b7c3a6d9c2d79",0.2335
"830","5f5834134283933a1c3b42d0",0.9835
"831","5f625539ecec8c13b04d83e3",0.113
"832","5fb08ec5ddc19949a58f5a4f",0.3305
"833","5fd6f37a0ffc7b67ce2a73a3",0.6155
"834","60153f6faf1cb75da820c070",0.016
"835","601a3b26e9531b22dc95dd8c",0.9545
"836","6022e90eaccb290e2f1b07a2",0.6205
"837","605775ca8da35e75f7b6cb50",0.8865
"838","60ddc62b071a009e0b0c2922",0.024
"839","60fd29f9a87256295399a571",0.676
"840","60fde71d08e32b4b5bbdfc38",0.1375
"841","6100055d33f16a3c21e34bc5",0.939
"842","611e8bbe52b050f81208f7ea",0.035
"843","612266e2ea3c172619abba50",0.7335
"844","6165e6f471254e3af05c5057",0.624
"845","617407bb2ba9f1c43b5b5113",0.6
"846","62a72693ad239d8873b2d0bc",0.085
"847","62e154f05a9102fd27cdf5fd",0.922
"848","62e18da43c8a429a0bae6251",0.705
"849","62e5284ab84a0999a4fbc14f",0.604
"850","62ea86460ac7b94e757b7cbd",0.7605
"851","62eb8d7fddd5727deb1fd0dd",0.603
"852","6303b4c05665ebafc44b5f19",0.709
"853","631745a70c7c585248df1a5d",0.6795
"854","634d7466eeab50ae6cd7258a",0.809
"855","63654fcf8d9402db00e4fec9",0.937
"856","63d13edbfc31f4ecf0122017",0.592
"857","63d1404712c3f98874867c5c",0.7205
"858","63d7bb92ab9685eb344e78f4",0.644
"859","63f799d2960e7d0495eb1726",0.8195
"860","652981dabcaee22f94ef3d9b",0.9605
"861","653d1a347da5636bc74b4d9c",0.8655
"862","656b6e1fe07ae01094b87cda",0.8315
"863","657bbdb26495af184d3f222b",0.959
"864","65830055257db95983265d5c",0.688
"865","65a56c2cbc409fca218e8285",0.609
"866","65b6e2068a64315ecc01b3a5",0.737
"867","65c10d5c7796221b6986edba",0.635
"868","65ca4efd9e492352fb16ca90",0.612
"869","65e124f9e8fdc1f0cf89d7a7",0.6135
"870","6604686e0b7113cd625722e3",0.623
"871","660d9ae9eb48e944156c6bfb",0.9835
"872","660ea63f6efa52f887394f89",0.634
"873","66155607a7f8c623df21f8ff",0.6195
"874","662d51a9d8d126513b3e7f5f",0.5955
"875","663fa3adb913d930a704bb2f",0.409
"876","66439d7af15ad76099729ca0",0.062
"877","664a5be05bc29332beb2fced",0.633
"878","664decec249d8d74e41ed0f2",0.018
"879","664defd9cab927cb9a688d57",0.622
"880","664f5f31aa35be7505289bc1",0.9765
"881","6650f5030a15563b2658d5a0",0.575
"882","6651e1661b8d1a6b23f4e4d1",0.939
"883","6651e2f4da645d7478dab0c1",0.492
"884","6652a787bc9052c5a91535b9",0.931
"885","66538dda9f37e7ce5378aa3f",0.1055
"886","66572f7fad22008862aedbde",0.488
"887","6658b417198f87b4009b0332",0.7355
"888","6658b94f4552a75abbc1582c",0.356
"889","6658cbcb487ff144dc5280d6",0.9325
"890","6658e4e34f71ba900a44b907",0.844
"891","6658f3a2492864458de1a285",0.881
"892","6659f778e5822996669dce16",0.9665
"893","6659f7b686070a60418a9b41",0.935
"894","6659f937e570ab09f05021a3",0.858
"895","6659fdebb655a078b9cfce41",0.84
"896","66620adc8ed85217ecb07185",0.656
"897","666218f380e7717867e40fce",0.5985
"898","66699c70cfae1cfd3b1ba53a",0.931
"899","666b35640c6365706716ff4c",0.663
"900","666d9127b3793ddb90867fa8",0.986
"901","54249d5bfdf99b691e6ac9a0",0.3245
"902","597a2ec999bd880001771cb3",0.8485
"903","597a5a62ae36d500016cb0a7",0.693
"904","59a6aa43b2130b000179d303",0.9605
"905","5a9bf9bd89de8200013f0f28",0.9815
"906","5aead7e42ef8f800014af4a5",0.045
"907","5b8011a80a67ca0001cc3f9b",0.962
"908","5c436d365140ec0001030b05",0.6845
"909","5c6fd0be04b76500015f9db9",0.978
"910","5c9e2e3eaac2b40017e7fd62",0.517
"911","5d07ead6a1bdc70001799a94",0.953
"912","5d8fd7dea98dad0019f00f2e",0.9125
"913","5dd31d3216d10c341d2d2c7e",0.7795
"914","5dd9bd7bf85b50953fdf003c",0.914
"915","5de325f6df86d334c8894e69",0.7035
"916","5dea6cdd245a4617ff0cba9e",0.7545
"917","5e020766b633b5db8b72c15b",0.9825
"918","5e3ee908c055be141fe3108f",0.7285
"919","5ea03f468b35e20642b22a6d",0.8445
"920","5eb08706ca93a41222c8425a",0.236
"921","5ec957b88b62d208f6997476",0.6955
"922","5f1090a78830d9363ed7c78f",0.9145
"923","5f235c88d7c5b4117f9ba2fb",0.9665
"924","5f3c5d4c9168ccad270ddb36",0.9655
"925","5f43bbbc0dab3463a47b93e0",0.9125
"926","5f6bc4a2b9d95312f14c2ca6",0.975
"927","5fa3dc74fefcb501f909c68a",0.976
"928","5fa957563d40800ae541dca3",0.9245
"929","5fd89ebca76f0e0008c466a7",0.8095
"930","6005cbcb8a28b657ee71b852",0.0535
"931","604291e4c7cb5419f0cada14",0.954
"932","6047e372e43e380e0fd2950f",0.966
"933","605b6439f75b7f2bab0597c4",0.609
"934","60945dd7d1b9573ef28b8ebe",0.704
"935","60999a41b0da4306e160c328",0.952
"936","60a6a76aca6c98b970de90f2",0.6125
"937","60fd54646fdbd2659fd8c12e",0.986
"938","61117e542a320e8a3e01c978",0.963
"939","6112f732bdff6a31966aa97c",0.064
"940","614964ed4d5b9991b0fd700d",0.753
"941","6165d21a10257825b4bebfcc",0.9725
"942","629f2a1f516a323b811b8273",0.8755
"943","629f635b502fb63b91605574",0.852
"944","62b4a72f7bad9f1e3babd277",0.96
"945","62ebdb0664f37d0e0c7dbcea",0.901
"946","63254db937c17e8e9200fd54",0.579
"947","63d2a98baf92a2e09ce707b9",0.7805
"948","63ecfdf31c80611681211c81",0.8485
"949","63ecff90aec925d5a54bc0c0",0.703
"950","64109b02854a88a6c4006c9c",0.841
"951","641a43f78351cc4fefe31190",0.9235
"952","650c4f66a2799732bf17bbbc",0.942
"953","65cb7fb3c92049804c780e18",0.8905
"954","65e209621fce0d5fd8b3265f",0.7395
"955","66129934a71eca5733013d83",0.6965
"956","661f775070e92e0410c20865",0.47
"957","66486f2866b4d4c82509182e",0.6635
"958","664b4eabc8402e5be44dec40",0.754
"959","664f7217d63b2db66feb4333",0.963
"960","6654f1a24ff45623af24e3aa",0.953
"961","6658c10539f5e53a96a6ad40",0.9125
"962","6658c56f3d9230d99c3e6752",0.734
"963","6658f3b77408cb95546978fd",0.7025
"964","665996487472103f779bee79",0.9495
"965","6659cb22b8e889fe11ae56d2",0.7915
"966","6659f6db8ffcf5f7bbd42cbc",0.9645
"967","665a2d50f4eec50338c84d30",0.8415
"968","665d7a4b120ee6911f015440",0.9585
"969","665ddc38a270e0c579baf993",0.4265
"970","665e270715ffc37e9aaaad8d",0.9535
"971","665e2a3fcff6620a57b2fcd6",0.341
"972","6663b39d3676132ea478c7c1",0.8695
"973","666841e4cf7471c2c304f661",0.676
"974","666d914f72c39523e014dbb0",0.9745
"975","6671adcf4074ec7382ad560e",0.6575
"976","66730795fa560aa138fc5f91",0.8665
"977","66796ecee964ef59531e3cf3",0.9635
"978","667972f1f7b68474a2a964bf",0.9535
"979","6682bce828fc657c7d9ebab7",0.947
"980","6682c6fe1d3df0cb88cfac1f",0.077
"981","6682d2153685f252600eddac",0.873
"982","6683a217cd77e4dd4c506f6c",0.7675
"983","6683e9097336723a1012955c",0.726
"984","66842ddcf6f89acb5d73650b",0.8805
"985","66847038f572324a8043f2a2",0.923
"986","66854caca8e9c862c3a141e8",0.972
"987","66858cdf66a635e5c2884492",0.669
"988","6686f9d355c696564b8c1df7",0.699
"989","66880aa3c99718a3058f0dda",0.718
"990","6689457990fa575c90e0c82a",0.05
"991","668947b1b3549e7f65610f14",0.7485
"992","668964d790fa575c90e0cf89",0.737
"993","66899a43c6844e3085106b07",0.8005
"994","668a9224d5812c5acb87aa2b",0.873
"995","668ab879c59ae7981bfb3312",0.787
"996","668ac13f677dc562a445d890",0.6925
"997","668b922089b899b8acf2035d",0.0295
"998","668bc36024945804c1276ebc",0.9605
"999","668bfc03a3529d7791c62b19",0.689
"1000","668d371bd614f22c3433ea48",0.84
"1001","575865ba7b74a80006de2689",0.257
"1002","575b2b408b705300078ae5e6",0.3485
"1003","57b76ef5017c2d000166f019",0.005
"1004","57ff8c2d90de420001673aa0",0.0405
"1005","5848ad3bdb871400012da095",0.2155
"1006","58497529bd87380001552f71",0.02
"1007","5967e16cdfb5120001605ef5",0.2595
"1008","597b81f3de42bf000181db0b",0.7035
"1009","5997043dbbe84800017964a7",0.2555
"1010","59d3ef2c078dbe000195117f",0.017
"1011","59e71a3b1ac65d0001eb47ac",0.2595
"1012","5a52a04cacc75b000179cd4c",0.3165
"1013","5a96e1e735237b0001127123",0.2325
"1014","5b29585924931e0001198e11",0.008
"1015","5b9fa25e7b196f000195fd78",0.2495
"1016","5bc0ac845a09ea00012e2d30",0.0195
"1017","5c082f58b5b7c80001dd5bf4",0.249
"1018","5c0ec45b05ed100001f7861e",0.6635
"1019","5ccb9a7eac174f001808e30e",0.004
"1020","5d461b8e96f6f0001a0c191b",0.245
"1021","5e10c664e7802178da96078a",0.3455
"1022","5e378948cd9d1670b2b86a51",0.077
"1023","5e6550ab777c592d731cc94b",0.24
"1024","5e67f0321e4f0a0a657c1d08",0.2565
"1025","5e9af03313028a17f82e1631",0.297
"1026","5eefae66afa4e549ac714f73",0.383
"1027","5f49c98fc6a7d052d3935266",0.2555
"1028","5f53f6458dff8f755bac4a9d",0.2235
"1029","5f5d6b0def06255d5119a9ba",0.0625
"1030","5fbe5815ac295e370d46b29f",0.246
"1031","5fc3f52bc7a6322df9a0f857",0.2025
"1032","5ff669ef0d726a203b4f1f99",0.2035
"1033","6002ae1ea178912bfa128adf",0.2095
"1034","603cc7016acd6ea2ad7f817b",0.328
"1035","603ec800a82afdf93b6a050f",0.252
"1036","604fa685e33606f9a0ee8189",0.924
"1037","605e9cc770aa6d1947d02bfa",0.04
"1038","606f7c477740aa708877c818",0.1025
"1039","6071933c3c4ea940e3e2f175",0.166
"1040","6098491ceb27d49746c3d2dd",0.2705
"1041","609911e00dd4843e39cb88ac",0.1515
"1042","60dc84c1e594bb1151e400a6",0.372
"1043","60e3b450cc89a0046b21c5bc",0.382
"1044","61059c8fd2df1b4374bd21d9",0.245
"1045","611a3e16f34fa48850c0666c",0.058
"1046","611e717148e6b271f0b70d6f",0.258
"1047","612569afac9baa5313aa08a7",0.934
"1048","6136001fcd0e07e6f5f66bc1",0.249
"1049","615327ab3d238b032366a545",0.0665
"1050","62b9bd2b93657665bf0fc91d",0.23
"1051","62c856da0023abc2686d446c",0.0055
"1052","62fb7b282ed3a1e42d9a5f46",0.046
"1053","63469c570cfe46f801523b66",0.5445
"1054","63b88b7855864805bec51ddc",0.2675
"1055","63d10ca8fca9ad7d2fbe4393",0.2835
"1056","63d156100e702f67d226f892",0.097
"1057","63e6132468f99695fc58b132",0.281
"1058","6400e0dd862feacb579475a8",0.1615
"1059","64012d43d30e0fdefe7ad5d2",0.0135
"1060","6447b9633f4b280aad385306",0.012
"1061","64bea5e01789a08686f95dfc",0.258
"1062","652d5fbe9b9bfde1040a8c4d",0.2365
"1063","6575ef5ee4594000e0c8032c",0.052
"1064","6577fb64d29f73c7b3a13539",0.251
"1065","65c298bf5253915b97025e07",0.262
"1066","6614459617c24f065809b075",0.003
"1067","6617a19666ca466cfdc61193",0.2755
"1068","6630fafc1401ff36ea1c5586",0.2335
"1069","66520b99ce4da8180922c94a",0.0685
"1070","6655b1afcff232311e17a649",0.2515
"1071","6658b4e9c99a553bdd68de24",0.256
"1072","6658bb116039705479385bb3",0.252
"1073","6658d4eb6a1df274ee6349a6",0.328
"1074","666208dc57b332c5dbcaac25",0.29
"1075","6664a7ef93061c71884c8599",0.1575
"1076","6666c3db060bd8e20ca975cd",0.1665
"1077","6668960872498f269966bfb2",0.048
"1078","66757cddd8d92a5cbfda353f",0.236
"1079","667838e96d90a3a997356d2a",0.229
"1080","667c0ab0556ac92e2d6db642",0.2685
"1081","66919a02a5d3fddda5c003c4",0.2055
"1082","669289ddb97500a3b6f6dce4",0.373
"1083","6693a111b045d47b5cb2cd52",0.845
"1084","66999f66d94c8f3b06b047de",0.2475
"1085","669f8db3728d1287a9b052b0",0.7465
"1086","66a25a89e7ced6f13f96ee1e",0.145
"1087","66a7befcf3b5e244a0370b0a",0.1505
"1088","66a7e6f1c183d5d810af5e70",0.2635
"1089","66aa422e7db861629d0a7ddf",0.2785
"1090","66aba420ff3e6b366e465ffc",0.2605
"1091","66b1eb08a154c8f8beec5846",0.307
"1092","66be7301e7d69c455ad941e2",0.2375
"1093","66beecc36f5efc681981933f",0.045
"1094","66c4940e1ea4fb1d01988e88",0.327
"1095","66c73aea2a64da0ee5baa918",0.2165
"1096","66d1f88853da09348a20fbe8",0.4255
"1097","66f0aa8ae120b6df7b9b6f59",0.2925
"1098","66f4ac3610034d063f63c38e",0.233
"1099","66f7be4e7b8727097039069e",0.2425
"1100","66fafe2f993dfb430b808f37",0.256
"1101","596e1edd39e9d00001b7bb98",0.1465
"1102","59d65ad8e2762800015eb51b",0.15
"1103","5a11f4d76924a60001eb7c1b",0.2785
"1104","5a2ea69555ff700001ab7c81",0.011
"1105","5a8e886f0f1bce0001227b49",0.0425
"1106","5ae96d1878b0060001e69b8a",0.1475
"1107","5b1d82abd360420001f0ed29",0.1635
"1108","5b48a9e14acd54000132a67f",0.0145
"1109","5b6ae897122e27000180a65b",0.0815
"1110","5c63e621c894990001fcadea",0.149
"1111","5d0e6b201b7ef6001a6346fc",0.0955
"1112","5e88dd7a0febe805d3a120b6",0.2385
"1113","5e9a2251a69f690b9cc31ede",0.158
"1114","5edc7aed858a159580341afa",0.148
"1115","5ee7a8ab87d5560568bc2dca",0.1255
"1116","5f68e47097de38085d5f2284",0.002
"1117","601318f9e356fc15bb3882b9",0.11
"1118","6054c99c850918fc1ee83760",0.1475
"1119","60bf4ae16dbab59c9fdd4218",0.183
"1120","60ce4fceb13609a2c039248e",0.3275
"1121","60eaf333fe01e0ded6f9800f",0.1995
"1122","6109f02b5f6b3477fa8ddd8a",0.031
"1123","6120ad8c2f493a7f2d524aa3",0.0065
"1124","62e15ecf9710cd1f02194989",0.08
"1125","62fd76d3f0824c29d4b1e6bd",0.3255
"1126","63c3164c08ff110d63b44dc6",0.0255
"1127","63cedc92cb08f473e34c77ff",0.1485
"1128","63d79c8ca0d0c4b632fdc457",0.1465
"1129","6435816b3f5be1197802bcd5",0.156
"1130","65ddb419cd6dd91fdbe6dbdc",0.142
"1131","65e5ec7c5cc8e775d79139b5",0.183
"1132","6600214d71ce9b3918064857",0.07
"1133","66044604f8548b2cc41f7b1a",0.1725
"1134","66084ddf1247642dfadae769",0.1485
"1135","662fbb4163d7a1695a748636",0.138
"1136","66351f1595e2d14689bec294",0.404
"1137","6658d57e96aa5518f7414d69",0.084
"1138","665ae2ab5224bdf82a9ece3e",0.1995
"1139","665c53ead6263de808f67e34",0.1565
"1140","667ed0f7182101c92b5944cf",0.1715
"1141","668999e376d6bb4d48f36f73",0.12
"1142","66a0deb7187b7c53b60f2143",0.139
"1143","66a2b042d990ccc0de0f7e58",0.082
"1144","66a5a24ecca4efbce8324f7c",0.074
"1145","66a9530d53827f826e972b51",0.2105
"1146","66b36b9dcd7904261d7daf1d",0.1
"1147","66b3dd9fc2f52474eece7349",0.109
"1148","66b4bfb185acefa629c6e71c",0.141
"1149","66bc0b4d557762d773dd0fd5",0.1375
"1150","66bea33a7a90daed04a2a7cf",0.154
"1151","66c60376d05d3983d046e1df",0.0335
"1152","66cf2c0edffa4b2b354a1a11",0.013
"1153","66f69fd0e82a97fd370db5d4",0.1455
"1154","670574393ef85544dc2c0235",0.1485
"1155","670d2513894d1c633eeb11a6",0.1355
"1156","6712578821a39ef925b9a55b",0.153
"1157","671ac4d348265220d259074f",0.1535
"1158","672107688fa36a5213347a7a",0.049
"1159","6723a12849796982b39f3c28",0.156
"1160","6724f341fde161bb42b00304",0.105
"1161","672646b532acd1b0641d0981",0.16
"1162","6728fc1c749a0fb12409180c",0.145
"1163","672b348d648efe8ba3470df4",0.1885
"1164","672be03c4142baee87dd593d",0.0055
"1165","672e1dfe63cfc62687193f70",0.1385
"1166","672e399c5b4664b34afd23bf",0.1585
"1167","672fa0683b13032414d49fc8",0.126
"1168","67307f87eac0c3717c72d175",0.08
"1169","6730f769d3f69a4ca0ffa84d",0.1355
"1170","6733bc4ebff2565ea1faea65",0.1485
"1171","6733cee96fc734b5ab9382e7",0.142
"1172","6734dc74d70ed1979abc232d",0.1335
"1173","6737ab3ece166d4b8280f755",0.168
"1174","6739ceeea3d95e6278fc30be",0.148
"1175","673edb6e27ace25ad761d2ff",0.151
"1176","67404a37a85f0c82812f2354",0.146
"1177","6740723780cb11ff26ffa3d5",0.634
"1178","674499298b5241ab1d4e8974",0.0075
"1179","6744ff1dc9f374a840629259",0.0365
"1180","674509092b8ef1bf4ee4e80c",0.156
"1181","57f3f1d73c11ac0001ce6da3",0.0875
"1182","598971de71fb500001aaa40c",0.148
"1183","5a8d9bd3eea3d300016eb7f9",0.1385
"1184","5be373e07e3c9b0001c4d434",0.6515
"1185","5c2ebf3e626018000134986f",0.1305
"1186","5c4b4d5c2cfe4d00018485cc",0.129
"1187","5c6ac9e5d9c5be000174497f",0.0725
"1188","5c8249a1fff8430014e992fe",0.1035
"1189","5cf510ccb0bafb00161ffd56",0.132
"1190","5d544c78ee3a4700164ee73f",0.109
"1191","5dc416f7f7bfb12dbfd7c1e6",0.1275
"1192","5dcdb60be64aaa07c14065cc",0.079
"1193","5e21e741f814784d3180f004",0.1445
"1194","5e4eec948a243d34046ce39c",0.0965
"1195","5e84bd7c34d5d9072128fac1",0.083
"1196","5e88d0b981f7de570bc58fd6",0.0795
"1197","5ea1dc176205ad0c7c941ca1",0.1295
"1198","5ebc87dc8442d10c0b9b2ff9",0.1295
"1199","5eddaa6d115bb4ac7e59f153",0.104
"1200","5ee4aab1232e9d1b4d791bae",0.1405
"1201","5ef636e35322f20eaee7c45f",0.0595
"1202","5f2aad9ef401403198b127b5",0.128
"1203","5f3ac1732efa0a74f975b1a8",0.127
"1204","5f8486766d8e7b0f17df0206",0.0565
"1205","5f933255e25f2b0e6f794a54",0.29
"1206","5fb70808c7c7bb1d76c2b9d4",0.1205
"1207","5fbaab3a72702f86dacb4152",0.1205
"1208","607226ef2df05dd596a390f2",0.0075
"1209","60bc017a075944ed76350d2e",0.13
"1210","60e0dc6be0772b7dfdad9b2c",0.122
"1211","613a467ab51107552deceabb",0.0445
"1212","6149d5f45bf0224465552803",0.01
"1213","61f2ab2fa09e72f23cbaf316",0.007
"1214","62865e3456c142785cfad2a7",0.1045
"1215","62b33b20da57676fc2a2e283",0.2215
"1216","62cee0344bbf495f81b5643a",0.0345
"1217","62ceed54f3afa23577b36391",0.142
"1218","6346e221d4cea480a1a39b52",0.11
"1219","636a3f4a55ca2ddd59722e0c",0.1315
"1220","63ced2a1d7f0270214c80274",0.253
"1221","63f46b97140756e0178e60be",0.129
"1222","63f8cfe9066417fe2afb98aa",0.1335
"1223","641384b3dffcf39ec42d3c23",0.0205
"1224","643c6175d46d41e74033994f",0.131
"1225","6447a21bdb359b012f49465b",0.013
"1226","6522a86994a5ce0d7bb9feba",0.118
"1227","653c000482098e271126e2e0",0.128
"1228","656ca9f8ab25b756c7af6ffe",0.0175
"1229","65c3a122f00056edea1e17d0",0.0955
"1230","65cb80066fd0bb85578f68c1",0.131
"1231","65ce1b0bf3ab63f4f81cdd94",0.047
"1232","65cf8daaaf679c7816f3a1b4",0.1265
"1233","65e1204f1bee2811d7894471",0.1315
"1234","65f1e91f1ed58a82bf5fc698",0.135
"1235","66060f19dda14ccd05dfcef9",0.118
"1236","66226c30dd499cc655a8943e",0.212
"1237","663b638be7226d4e3fcc255f",0.034
"1238","663f6d9dbe5335a23d60081a",0.0185
"1239","664413a1fae91cf971a208f7",0.004
"1240","66477005eafd0918c63ed325",0.0365
"1241","664e67e6d7c465b7ac5e41bf",0.104
"1242","66522e08062d6f7b7d78eafa",0.1165
"1243","6655e27430b9aea9b127d976",0.48
"1244","6658c0f7eacd7bcadeef8a6c",0.11
"1245","6659064b0692d9daaa745437",0.126
"1246","6659f6ef84884698f437bead",0.1465
"1247","665af528082e8340b28b6c63",0.123
"1248","66625801c143ca548bcac338",0.0395
"1249","6664927aa7e156f84937c5bf",0.008
"1250","66685d80353048f90b549b43",0.155
"1251","6671c82c44e8d82b4460afa6",0.3185
"1252","667c2175b570aa694ce2f63c",0.0135
"1253","667ed9819244d28e78362bda",0.117
"1254","6681626264589a3dbb6f2551",0.151
"1255","6681d290c7e44d04198ca9d9",0.1305
"1256","668442868bb4f001d78d84c2",0.1165
"1257","6685384013fcc9846ba7f8ff",0.121
"1258","66887ce5b1680d2c8ef84bd7",0.1235
"1259","668c391fa1489b577862fff4",0.02
"1260","66940cb3d46ba2b4049b3e5c",0.0935
"1261","6696b163b93979c398c99029",0.122
"1262","669d1b476cbe3941fdf1fc1a",0.048
"1263","66a39f28d2bbdbbfe3abb8d0",0.117
"1264","66a3b470033139dac724e8b3",0.0205
"1265","66a52f6c1eb3824340fcaebc",0.129
"1266","66ba0c45a7b789499b014744",0.0365
"1267","66bdff1810bd8b4b0ed6177e",0.1465
"1268","66be11b4e919e54f7090a51d",0.124
"1269","66c73d97dade03083f9ec72c",0.115
"1270","66c8ac7da0e6e729c2c90d2d",0.04
"1271","66cc7fbe78be09cb3ad5092f",0.1495
"1272","66dd77022ba76bff18920a40",0.1205
"1273","66dd9855f90bdb7c33c4f096",0.074
"1274","66e4bd6e4b8f8ead0cbbd8f6",0.2015
"1275","66ec0b4239b9cd2f83c76487",0.0095
"1276","66ecd1ee194d5ad163eafb97",0.117
"1277","66fd7c066f03ea1fbd935f7c",0.075
"1278","670d7afbadf6cefd9a2f4e72",0.115
"1279","670e2a711df0a045aea8de04",0.1525
"1280","670ffce59e8f6928d43c75e5",0.127
"1281","568a3ac1d3d6a7000ba240b0",0.107
"1282","57a12661913c7100019767b7",0.1415
"1283","595bb42745265c000166d399",0.1065
"1284","59662432040e9f0001faf8ec",0.0865
"1285","59860b0414f85e0001506faf",0.101
"1286","5afbf02302b1b5000103e313",0.05
"1287","5b01e69aa496b300013d5b9b",0.4715
"1288","5bc07659b8d38c0001de0516",0.016
"1289","5be9b18df5c1060001085048",0.02
"1290","5bf44a04d7e7a70001d7a672",0.28
"1291","5c478dae685da800014c8119",0.111
"1292","5ca4c7a848cb6a00010a64a9",0.1505
"1293","5cae3e6a47494e0018328cbb",0.037
"1294","5ce7fd368020d30018f9d7a5",0.098
"1295","5d3ef27c5c79a10001f817a6",0.108
"1296","5ddce9f0f85b50c4fc1515a4",0.375
"1297","5e15615161b48ab823187c7d",0.052
"1298","5e6fd5930eef225956166275",0.0575
"1299","5e7d64889c1c243eb1e0277a",0.107
"1300","5ea9c57990b83d0f9b246749",0.068
"1301","5eac351c63858608351866b4",0.105
"1302","5ebd30bca8d08203a6e2334f",0.0475
"1303","5eec1cfa0cda0741cd14213a",0.009
"1304","5efa33c4e9f4160ffd817db9",0.03
"1305","5eff6f6261fa1103dd703721",0.1095
"1306","5f32e865bd94490a64d9c9f5",0.11
"1307","5f455ed3326727130e7d4a49",0.1385
"1308","5fe0fcdd6395d9afb78fb4b2",0.0995
"1309","600b345129e4540a5175beef",0.0955
"1310","60205d8a88ba9165dda2b151",0.0755
"1311","604d5e61486bd0622d2102c0",0.086
"1312","605776c7ffd8cb64476fc73f",0.05
"1313","607f63ce9ffa404fca0400a9",0.1125
"1314","60aa79fa99f7d53701b02256",0.058
"1315","60e06b87c1bd79b830cee365",0.093
"1316","610c66163e803a3564dfaf9c",0.0085
"1317","614b11e399369a0d52b5fbf6",0.268
"1318","62d71ed72df2d1ebb84c4406",0.2125
"1319","62da6a18dcc4b4fbb94abd33",0.1035
"1320","62e0532289a4e5d9fedadde1",0.016
"1321","631ffc3584141f143567f021",0.048
"1322","63d7fb6ee49281f6c41d6630",0.1205
"1323","63d83f714d14c00e07006889",0.0275
"1324","64054faa94690235ff21ef0c",0.031
"1325","6405feae7d6321bfaaf793e8",0.0935
"1326","640612477c8f387ffe0b0dba",0.108
"1327","644012a89ef81bc3c9412c6e",0.098
"1328","644a6b401909670b5aa92694",0.1085
"1329","65108d02742b73e5f03efb63",0.0995
"1330","65562356bbad98b7c6f5cb54",0.048
"1331","6579c16c8fc1d05be830eb13",0.093
"1332","65b1193868f3449f46325ea8",0.0155
"1333","6605ad684ded7efc005156ed",0.1085
"1334","660964c89059cc7ba9bbc5c5",0.0315
"1335","662496bbb1ab4a573d5ebf65",0.0995
"1336","662f787db43293da9456adb8",0.148
"1337","6634e412b6aa88d8efcdcf3c",0.1035
"1338","663945510818036ee5453ff7",0.1335
"1339","66421610459ae675582e0a98",0.1015
"1340","665897e9df26bb82cc72f010",0.0235
"1341","6658b2f9550b0dbb2338592e",0.1145
"1342","6658b8b757f8a9ca5f6e404b",0.1075
"1343","6658bbc6589d777bab78b02c",0.1485
"1344","66591f7fa8fca6ea85c9a178",0.117
"1345","6659ff6d4f25b009cabf85b7",0.051
"1346","665a22ef5c1ccac81ab30582",0.0355
"1347","665efdf173820edd2b8d4d23",0.05
"1348","6662974c3d0f8b97dbb4744b",0.1195
"1349","6662c3fbba2165e6212fffb2",0.108
"1350","66718827231a90102878264c",0.1045
"1351","66784c32524d51faa546901b",0.0585
"1352","6683012eb1dee2a0c9fd9169",0.102
"1353","6688802a62011478baa609b2",0.0365
"1354","668adbfcb3549e7f656159c6",0.1195
"1355","66a0ffcb54300d036bb8a538",0.105
"1356","66a27a561b8ed92d82f3b97a",0.045
"1357","66a4c9927aaee29994fcdd8f",0.1015
"1358","66a641d8eae42f430895d856",0.1045
"1359","66aa2ca22882f0924e554ab7",0.0105
"1360","66abe7eebba903cdd5e71edb",0.105
"1361","66af8c7213537c8f0265065b",0.209
"1362","66af97729c1b27015686f798",0.2605
"1363","66b0dcf520b9696e05144571",0.0985
"1364","66b22209c068386fec170fe8",0.1
"1365","66b374f5b22866419b3d1dd4",0.1135
"1366","66b3c496ad3241c856f14f77",0.102
"1367","66b73f9ba035651170b94c76",0.073
"1368","66b904b8c905d232ccc4a689",0.2115
"1369","66ba0c9b81da2bf8b7d87021",0.1105
"1370","66c1246c403ac42a00625a13",0.0745
"1371","66c9f7305f8a64d04cb5344c",0.1
"1372","66d8c296c6269c13f31f75a1",0.0075
"1373","66e2ca2c9b6fdfcc5532231b",0.086
"1374","66e87563633236ecd97f7c31",0.0995
"1375","66ebfb22da433fa6048429f7",0.1
"1376","66f0172354459fc0532d41ba",0.159
"1377","66f46d2c126152ecd9e12bee",0.101
"1378","66f59c5fc561d1f12a63b63c",0.0185
"1379","67119d66793dcfef1e5ff101",0.0995
"1380","671237aba865147787d88e96",0.165
"1381","55ee11c37480920010aaac8b",0.0135
"1382","595e7974af78da0001a21c3a",0.1615
"1383","59a40f8f514a2200017e69dc",0.2
"1384","59e0be41d838ae0001850712",0.188
"1385","59edca95ac0af70001b36f9c",0.1755
"1386","5a2ba3972a1bed0001f352a6",0.172
"1387","5b4b859e11d39e00017bc223",0.494
"1388","5b5ecd4b7757ed000198d434",0.2475
"1389","5b98f5957af36d0001ff0294",0.1705
"1390","5c096cc8b57e9500015a18c2",0.096
"1391","5cd02c98ec9cad001834e76a",0.1835
"1392","5cf4bf2e7e2e1400177f2cc8",0.1735
"1393","5dd589a57160cb53e892fa75",0.276
"1394","5e0a1fc84d6bf12c3a095db1",0.3175
"1395","5e5556c0677c1055083ae16f",0.5215
"1396","5e66c77e8ebdaf4466e26326",0.183
"1397","5e961265ca5bc6085896442d",0.0205
"1398","5eb080ccaf87d11143472477",0.17
"1399","5ec4a2cfc14ec21da0bc4a46",0.1965
"1400","5ee637a18976fc391312fe01",0.158
"1401","5efdb4266a255121c1bcc531",0.1855
"1402","5f315097a5125e6101a52d96",0.196
"1403","5fb701a86c3b2e1da0b3235a",0.157
"1404","5fb9409de225257587072ef9",0.1595
"1405","5fcd9e11d619a5277a200dd5",0.0075
"1406","6036f26208d15e92cafdb13b",0.178
"1407","603cfe49880ceeb4bf3aa72e",0.7315
"1408","60c239c814e2792697b7c056",0.3975
"1409","60ddea479b7e6c8796d92a03",0.156
"1410","60fe79117e082892a4e47723",0.1225
"1411","61087a04c0c4e0038641fff8",0.1795
"1412","610be855f519acd254b1eb79",0.063
"1413","612fc21a7264afa7dfa08974",0.174
"1414","62b44f66a16d45783569fad6",0.0245
"1415","62da8df6c2b2c0c038ad33ac",0.043
"1416","62db2644ab0a3a353c0dcb54",0.1495
"1417","62e154b0682e270b4acdf5ee",0.3585
"1418","62e25115fb932baf4a93173f",0.089
"1419","62e3f7b224ec70641fd86b7b",0.1445
"1420","6316212c1109a3b1bac89fe6",0.2075
"1421","63287c548c0d66d1e300fd64",0.1175
"1422","63469da3cef76cc5b3523b97",0.268
"1423","63696bedab2bb1c20e3a5a5b",0.1935
"1424","637f7c6517daaa050a1632ba",0.207
"1425","63d1e114550c261e5d78a941",0.0665
"1426","63d79c5a2b6c1a5cfa659ba4",0.178
"1427","63eb82da9758a485a67914a2",0.0525
"1428","6400dc9a87b5f4d0c3604bf3",0.098
"1429","6400f212a7bd9c7c5ab1cc25",0.173
"1430","640b816df86dcee615619d0d",0.1675
"1431","6413c3a69c59550f5956e218",0.165
"1432","644164d75b4cbe61ff891e64",0.0525
"1433","652ebf9490189b8b57f1ce35",0.013
"1434","6530316e660f5b8d9c11c00e",0.109
"1435","653d3b418bce22526d2639b4",0.3085
"1436","6564171a43463427fd17303a",0.1805
"1437","659ab441966a4d31ded32d34",0.1585
"1438","65ca3241aedc6b7667899114",0.0345
"1439","65dde169a5400071ec943bc8",0.169
"1440","660d53ffb54d05e5ae6c56f2",0.181
"1441","66129ba63bdad6d8137dd832",0.271
"1442","66254df7ef91ef387de06bda",0.1395
"1443","66466f84fa10a56e00077f4c",0.1875
"1444","6650e69da7a14d71799982ee",0.1715
"1445","6655f0b0a20460cfba948ca9",0.0805
"1446","6658ba167affbe300577b93d",0.0225
"1447","665b4286969eae6d1edc4d21",0.179
"1448","665c51a04fa57fdf6f538ab0",0.175
"1449","665c5b5cb53983b0b6323300",0.21
"1450","665ed3e9a6d856341025d5e1",0.029
"1451","6664597b10bb2abd191df517",0.0775
"1452","66749596518f556e28f505d9",0.2035
"1453","6681614369bdb3f339514144",0.0275
"1454","66840f135d4fce807b86ee00",0.162
"1455","6686b270bba91d3f69706b7e",0.084
"1456","668d6f9d885ecaee43b116ab",0.0145
"1457","668f029ca2d76eeb36d94e2b",0.034
"1458","6691fb63a0d79f08935d5ef7",0.199
"1459","669672853f3d48a05239fa9c",0.182
"1460","6699392f3b5d44ffc688ea2e",0.133
"1461","669bd6747755b451df8e91d9",0.236
"1462","669d63b71212137a95644a45",0.2295
"1463","66a1e930c8c3c213a255d5b3",0.286
"1464","66a506aa490a1eb96dec8195",0.1885
"1465","66af602e1b8e001441b8c1bd",0.1655
"1466","66b7e11722f415fad0f8eb6f",0.1685
"1467","66c1078ce64dfbcdb839e7e5",0.167
"1468","66c4bf63b1a17722e858f07e",0.1415
"1469","66de0cb85587751372abb59a",0.0275
"1470","66f1aeb024eaa71730ee0d8f",0.1755
"1471","66f27873fa9212abccf0f874",0.177
"1472","66fe8e5658271abe3f4011a1",0.16
"1473","670903243e1cd8be0db49f0b",0.182
"1474","670e3a78a9ac8927963103b4",0.1615
"1475","67118c5934ddcc26346c3183",0.1625
"1476","6712084334ddcc26346c4acc",0.1805
"1477","67129f965260be663a982f67",0.111
"1478","6713975030d7486201c17956",0.1825
"1479","6713c59ba38a829eb6d2a758",0.008
"1480","671417cf869275e9675755ff",0.4375
"1481","585b2c83c922bc0001099dbb",0.007
"1482","5885129a6907b40001de425a",0.007
"1483","59883aa871fb500001aaa085",0.01
"1484","59a6d98590dec70001731889",0.0155
"1485","5a7da426190420000155b6d9",0.022
"1486","5af4813048ecff00013534d9",0.011
"1487","5af99bfc33b0ee00011eeb2d",0.0205
"1488","5b60c7321b181c00011ae753",0.022
"1489","5bbd2bdcf7358a000171636f",0.017
"1490","5bf8a27021a4e1000194fc76",0.007
"1491","5c42f55d3be7b70001fd2323",0.0055
"1492","5c63e773f9b6300001c9ce20",0.0225
"1493","5c993969c6d15000019bbc4f",0.016
"1494","5cc85b6bebe0c70016954ed7",0.0175
"1495","5ccb0abaea39770017577b30",0.023
"1496","5cf656e90acc8f000147f643",0.018
"1497","5d0d4fcae465980017d45b34",0.0225
"1498","5d2fc33c3af1410018f872ae",0.0175
"1499","5dbf5fe16849043f135aa2c0",0.0215
"1500","5dc71b96d210e45213e92359",0.099
"1501","5e3723a2c0b2896ad554be73",0.0225
"1502","5e67a6ac35d2c704c30c12ed",0.0225
"1503","5e94aaa6dd28ad0812ff44e3",0.0225
"1504","5ea950e4befef302772be716",0.004
"1505","5eaebd6429cb5202dcb326ea",0.0235
"1506","5efb49177e130c0785b93842",0.0145
"1507","5fe821174cfb7d1f5b64e0c3",0.0135
"1508","609510855d0c8e5bd0bdaf98",0.022
"1509","60cfe291c5ef4a1fb6019ee1",0.0185
"1510","60db1216e9e93917232745f9",0.0175
"1511","60f71eb315abd11a590fda93",0.023
"1512","60ff664e9ae344f5df8f5d8a",0.025
"1513","6122b34317a8129c606afd69",0.021
"1514","61485cabce59eed1cc3dfcc1",0.0235
"1515","61fa93e55719bc09cb834de5",0.0255
"1516","6294b77f8782497d0f35bd25",0.0195
"1517","629e10d748005830b9eee9a0",0.022
"1518","629f6b8c65fcae219e245284",0.0245
"1519","62fbf659137c73bdbd55606d",0.0205
"1520","62fe6312269d0e4ae894297b",0.0075
"1521","630486c219b51fbee93199e4",0.0095
"1522","6304deb78f14a18b18ceed4a",0.0095
"1523","63469a362ae94cb99d4fd99a",0.0225
"1524","63615888b5606b24a845f73e",0.0345
"1525","63d141f040c855b7fb494d13",0.023
"1526","63f1bdcac90b79cd273a2d5c",0.0645
"1527","63f7a3efa5b4d0027e3185f0",0.0065
"1528","64135f3a5f83c8b43e569213",0.021
"1529","655237957baf4bc116e5d2b2",0.0235
"1530","65f4e1f8008a169d7ecde720",0.025
"1531","661e6d7f497779e312c53edd",0.0205
"1532","6634e03793fb35bb701cb8ea",0.0215
"1533","663e82d88e331682e6a89f4d",0.019
"1534","6647b9d85e49c207ba28f76f",0.0275
"1535","6659ed61566ce6a7ff2d5989",0.03
"1536","6662b3516ee05c96ddcab291",0.023
"1537","66647a6234fffd1ce19b7b38",0.0065
"1538","6665a9d6028c2fb836001d5c",0.0235
"1539","667457e09644d141800df3f9",0.0235
"1540","66800c32331345ae34d25cce",0.0635
"1541","668948e5732c29981acd09f0",0.0355
"1542","668d8163863cd3cc4746fdb2",0.02
"1543","66972894d172f629fc01d988",0.006
"1544","6699b7e8a3fa22647d9ea5c3",0.0235
"1545","669bb593fef37d5033ca72d6",0.02
"1546","669c14c5463407058421c908",0.026
"1547","66a03625788fece5584ab9ba",0.022
"1548","66b1fb04c83a801ed24a43bf",0.0085
"1549","66b792a09354b3fa1a3c5af9",0.006
"1550","66cb2b848efa67d602fc6161",0.023
"1551","66cdcee5b3f3d7136c690de0",0.005
"1552","66d838f820d5bd20f302c1c2",0.0215
"1553","66f4147ffea1a6689de3a7ac",0.023
"1554","66f5ac721a35b7cbe10b6424",0.0175
"1555","6704539fe462b87182866f14",0.0215
"1556","67059d99d1093140330a3926",0.0215
"1557","6707677f7a91433e8f344e53",0.0225
"1558","670fc566e6f4b69e586e6478",0.0225
"1559","6711ce216b91eb0fcf537e86",0.0255
"1560","6712e6a79d074e6270deebb6",0.021
"1561","67139f44d26940943573c9c7",0.0185
"1562","67142c8dab79b82f8afd3ad3",0.0215
"1563","67144c39805ddd43d50c19e4",0.0065
"1564","6716eef36b9a92ebc4ddcdb1",0.021
"1565","671771a9a23f83b88b2b8845",0.022
"1566","6717750cce259fe584404f28",0.023
"1567","6717e1db3b13887c17277eed",0.0235
"1568","6718b2cf1c33d9facdacb951",0.02
"1569","671a7a24db1b69eb00a97581",0.0225
"1570","671b9b2ac78a34c44a287e28",0.009
"1571","6724f98eceadd381e0fcfac5",0.0225
"1572","6725006b1128706bbaf567d4",0.0225
"1573","67258d88052d88c29170f9c3",0.021
"1574","67264c4ac58989ab41cdc947",0.0225
"1575","6727b19c12511694cfc3af0c",0.006
"1576","6727cbe79c6e33d7d34e1904",0.022
"1577","6727f94410377211124e1c35",0.021
"1578","672863a182f463f17c86ccbd",0.023
"1579","67291222e31d609a9adf7b03",0.0225
"1580","67294b05cdfd3c3bab66672a",0.006
"1581","58d165dff7a08b000176c54c",0.153
"1582","590ac40eb180c90001e08998",0.0055
"1583","59497c498fb2140001afda85",0.1785
"1584","59d4c100078dbe0001951236",0.126
"1585","5aef59ad3c80f200013afcb9",0.0065
"1586","5b2bcfb51835660001cc6751",0.0035
"1587","5b82e33f184f45000155f0ba",0.025
"1588","5b9ca13a06114100010699b8",0.1415
"1589","5bdb3a8a7d2000000160cc3a",0.0165
"1590","5c8d4db8c6eef00001bd2510",0.7985
"1591","5cd1a622fa7c8b0001a48044",0.1475
"1592","5d1290103b20b0000102e8e3",0.0195
"1593","5dbcab7226c04c250046cab5",0.05
"1594","5dccf219aa4314964f7461d9",0.611
"1595","5e32c95c87b8ef28e5aff6ea",0.157
"1596","5e52b820b0c66e2cd031c993",0.008
"1597","5e7897841fc50b000c787b94",0.1645
"1598","5e78c9bd72aeaa4468a65880",0.1505
"1599","5e7987df47422a5443426cd7",0.0065
"1600","5e9607da6b866106f5666075",0.0385
"1601","5ea32a0ea7b59a0c92e82ac8",0.0795
"1602","5eee77689e63ac330681ffe9",0.1585
"1603","5f25419d6c25411a2b68ddd8",0.5915
"1604","5f2abe80f40fa7364aad029d",0.171
"1605","5f341e306c067e1255643375",0.0795
"1606","5f451b0cfcb9e607e78f3247",0.238
"1607","5f48f497fae2763d537d2e6b",0.232
"1608","5f8a1fcf2773900d456a3e70",0.027
"1609","5f9adea37534492538642466",0.096
"1610","603f046f9e0097fff158ae13",0.14
"1611","6057b3679731740c949352e7",0.1905
"1612","60734526fc3f36207efc18a1",0.0325
"1613","60873d2ab16643e5a08cafd2",0.141
"1614","60a0c79b332c02c8a73e57a5",0.1565
"1615","60b932147633bf0dd446941e",0.097
"1616","60c771e103f05480db27cb64",0.195
"1617","60c8467d9872c0d83f695499",0.1395
"1618","6102f39250ab7e19721ebbfe",0.0045
"1619","610f188b8ad0a93f6d508cad",0.1165
"1620","61471dc7b568462f804535ff",0.231
"1621","6158efbedd66f692c944fd9e",0.1495
"1622","616484537e1f17c2cfdd9fce",0.1685
"1623","6170cb31c3656859cca7cc57",0.028
"1624","629f2d6a8d790f69182e8b3e",0.029
"1625","62e94b6406efad3412531a70",0.2575
"1626","62ea84d41e834ec50d48fe99",0.1455
"1627","62fb8ef806ee6962abefc45e",0.0055
"1628","6310b940e5a073466d04381f",0.035
"1629","638612440ec47409005d14da",0.162
"1630","63d17cf82715a833d22d42fb",0.167
"1631","63ea497523794756c703094c",0.1755
"1632","63ea4a7fa7d709c8e7887a93",0.2485
"1633","63ea6fd5f35892d3e2c6e16c",0.174
"1634","6425ffdf7fd742839b924ac5",0.085
"1635","642b4b7daf966c85533f63ef",0.1825
"1636","65451d5acc2d6a97f3d539c2",0.1555
"1637","65522f24f09594d4953b0a38",0.1545
"1638","6617d376619a2b4541498f2c",0.1065
"1639","663672e8441b795aef8f240b",0.177
"1640","66435e2e5c5b5aceb2195908",0.0045
"1641","664a4648a07bac3059d69442",0.1155
"1642","6658b2faa759210bfe72333e",0.1615
"1643","6658b4ff0f6362e1f068dd84",0.2175
"1644","6658ba3c6039705479385b55",0.0555
"1645","6658bd0f2b8d81c85bf3be8c",0.4785
"1646","6658be08db696fd87fa46ece",0.158
"1647","6658e5d739ded7679b0d3648",0.059
"1648","6659f9b9e288516b96e02b74",0.0355
"1649","66608cfbed8f4c21e02ca711",0.0205
"1650","6665938fc392da0ea81e02fc",0.4115
"1651","6677878aeb0f9e2e3f5fcc28",0.1635
"1652","668555d93b08c5cce9d33b72",0.0175
"1653","668aff42ad8464c121d4a519",0.133
"1654","668e87c30787c4cfc12b2ccf",0.171
"1655","6690630045404fe6289a1aba",0.1715
"1656","669087979625c5bc8216e01a",0.148
"1657","6695278758244f9d6186746e",0.0515
"1658","66a261c8cd2d7a18cbe95b9a",0.3145
"1659","66a90c2263a2823be078178e",0.0435
"1660","66b8e2fd7ed9ec6e6bb94a9d",0.1545
"1661","66c4a1fec251e66e9fd02d6f",0.1535
"1662","66c8fab96f03e9e47bd704c8",0.152
"1663","66de22000b28da3fb0efe439",0.0085
"1664","66e938f8a03bd9461c58d37a",0.2965
"1665","66f464a615539c4d4d9f665a",0.111
"1666","66f9d051fb016969f5078ea9",0.162
"1667","66fb841ccbfd2b0d3c0f09d9",0.1405
"1668","6708da9c62672d0fe65b6683",0.1185
"1669","67128e3eb49c9092672386df",0.16
"1670","6719001dd222967672c6de59",0.1515
"1671","671961a21d864743f6277a27",0.1285
"1672","67197e48bb8b78cdd63af8b5",0.0065
"1673","671a753658d55ff26d2df4f3",0.157
"1674","671e7d51a6ba5a72e83df6fb",0.0185
"1675","67227bc792661854dd9a10c4",0.1445
"1676","6725f5c628ac0ee83bb0aae2",0.154
"1677","672a451d1bca45de2ad481b9",0.1625
"1678","672a54318a976d8210330275",0.2925
"1679","672ae0142d5b2eb4d1cb994d",0.169
"1680","672b45fcd563257a0160e11b",0.155
"1681","59a1a661ec2f75000124eea6",0.1885
"1682","59e8d0bebe399f0001e4a045",0.2415
"1683","5a94ee9bf6dfdd0001ea50f1",0.148
"1684","5b58b9cd5c7de50001fd1d0a",0.245
"1685","5c46014e8ea58000016e3d9c",0.277
"1686","5c63363b935c87000118a78a",0.2165
"1687","5caa11e5a15c9800161ad16d",0.032
"1688","5cba0e35d7ebf300177ff529",0.177
"1689","5d23c74c557d52001c823711",0.015
"1690","5dae1695dab76c001386b57d",0.1735
"1691","5dbe5d44aab19f35c5459b57",0.019
"1692","5dd05d80b2204f1487f7812c",0.333
"1693","5de7d12c26dd95000b6824c5",0.005
"1694","5e07bb28afb8b013882a2781",0.1805
"1695","5e56ac24ce30ae0632e2fe0a",0.003
"1696","5e904f36cc3d6c355bbf48fa",0.1685
"1697","5e9da14442f41809eb155db4",0.0875
"1698","5edfdc27e7dae92fb37fa506",0.159
"1699","5ef7d6c359b38851de122110",0.231
"1700","5f3ecaff36efd116414742ff",0.007
"1701","5f564ae0aeb6d004432338c9",0.574
"1702","5fa92f3172de7e02d5d77656",0.126
"1703","5fec281aeae543d80d09fbc0",0.2365
"1704","6012d4f3e68e2209e7e53679",0.4655
"1705","602d4d4c654dbd73fc278783",0.3315
"1706","605273bcd0b9b4510724f3d7",0.2635
"1707","60b0015eb67dca63ffe16ae0",0.0685
"1708","60d1e605eed10fa0ee59d2d0",0.2735
"1709","60dddb3f9df28cc2ddf74f27",0.231
"1710","60e0960e5ea6dce0c06b6103",0.256
"1711","60f84b82661faf6c4a0c56a5",0.681
"1712","610502298d2771ca33b3b885",0.1045
"1713","6110db4e6d45d7849cd5231e",0.466
"1714","61279265d5e72d7707846ba7",0.2395
"1715","613cc5de78e7317f29171d0c",0.012
"1716","62a23d608be9428eddf214c9",0.3735
"1717","62fb815742ef6b0275cfa14a",0.336
"1718","62fbd2c1d97aa039e9466d81",0.097
"1719","6340d2fa46f2d707e146b63b",0.7515
"1720","6346a1e77cf1b1558d2a8c2c",0.0065
"1721","63c09186d75a9bbd3bec5652",0.217
"1722","63c5514d060f9b8e66cab38f",0.2455
"1723","63d8475556cf3cad39dd8417",0.056
"1724","63e51e063af1cc5baf0c72ca",0.5715
"1725","63eb7bfb2e6d9646a1ef79c9",0.238
"1726","65351d806793347b56877109",0.242
"1727","655b72151d4d51712a27cb95",0.2285
"1728","6569e71e2dc4cb2ac7e49e89",0.3105
"1729","65ddee04a68d4dff669e845a",0.233
"1730","65ff48ba8866040c0d0649c5",0.4585
"1731","6606cd950553803dac8fc930",0.2285
"1732","6610c803ca46e7e9a88237bd",0.038
"1733","662ff055ea23157642acb07a",0.2425
"1734","663d19e59cd1e42ebc5df4db",0.2215
"1735","6655d98e0c25d604ec1c31fe",0.2445
"1736","6658b68819546bf4a7e5459b",0.273
"1737","6658bae2181c5007b0438c8c",0.2485
"1738","665991c234807918069ab5ee",0.2435
"1739","665a3cba6c9708bd900aa06f",0.435
"1740","665b138b6d5d0cc11540ba36",0.2325
"1741","665c790a98cf6c7245fcb47c",0.233
"1742","665d9797303623aeb81d13d2",0.812
"1743","665dd746f5ea0c66ebd85edb",0.2305
"1744","665f0de7cbc0247252ce111e",0.2355
"1745","666495712bc047e006f503b2",0.2425
"1746","666abd19f45a3ce0f5ff549d",0.2395
"1747","666d6e1d7afd913056d66940",0.354
"1748","667ac1e4447127fef5e79a1d",0.131
"1749","667bf6ac2a011549876ca80e",0.636
"1750","668d82d4a86891ad552112b1",0.1585
"1751","669a4f388b2de8df723faf1e",0.0595
"1752","669f45c902420af78b04a9b1",0.2205
"1753","66b4f1af8606691a7620b3ba",0.227
"1754","66b77651c316cad04821baf1",0.198
"1755","66c9da3e822db63cca285957",0.21
"1756","66cf019f40bf183acd116e6f",0.082
"1757","66d75565ba4a7f247a2889d3",0.21
"1758","66dca89db8837080fa1a725c",0.1195
"1759","66e2d023237b2b8f45109d79",0.2535
"1760","66e6b26efa6cce78584c85fb",0.1415
"1761","66e6effae90f3e563b3bc8e6",0.2295
"1762","66e74201b4b42974891e3cb4",0.2485
"1763","66eb44c15df514b90352f406",0.1465
"1764","66f17bd9eb26cc9b796288e8",0.1505
"1765","6711776eb69ec0c9193c271f",0.241
"1766","6717928a9209555f9d0fcd3b",0.2325
"1767","6717d0f52cc5e0a7f13b596a",0.237
"1768","67195927c4149c2053b278da",0.088
"1769","671bed26dc2ca18459f5e401",0.2255
"1770","671c06594c622a4180fa48e8",0.243
"1771","671ec2ffd89afa2ce6dea859",0.0145
"1772","671f56c6e0a21dd2688719a6",0.0115
"1773","671f83cb88d5d5285e0f0cf3",0.239
"1774","6720fac9de5f92d8f5cbf566",0.239
"1775","6723b66511d2aa14bf7a47b5",0.2425
"1776","6724abb077c02911dc8d8e12",0.2425
"1777","67261e11a3b1f0efae30f22e",0.254
"1778","6729651bb846b5b1f532142c",0.0105
"1779","672c8a3b9fb83ab9c5f02fd2",0.243
"1780","672ce23e44a5e0b8e83a7be2",0.252
"1781","54f4e2d1fdf99b4e913fdf01",0.165
"1782","564d1fedb48dec0005b5191d",0.114
"1783","56b10faa6399f90011da710d",0.111
"1784","5702fde2d4cf7f00089471f3",0.257
"1785","5823327065c6030001570465",0.1605
"1786","5b7ed69fe77c4e00011d745c",0.231
"1787","5c0cb29e1b80df00017843d2",0.162
"1788","5c161b54e32f860001663990",0.03
"1789","5c4f9227af9f500001be902e",0.1605
"1790","5c5297ba1841c80001393988",0.023
"1791","5c86f9ced810a700169ddfe7",0.0345
"1792","5cb6a087c515b0001a70d108",0.178
"1793","5ce6525a185715001708c627",0.217
"1794","5d2de4db914b6e001877da8f",0.062
"1795","5d9cb58ee8783f0019c8bd06",0.0275
"1796","5e06b4cb19232d0875f2276d",0.02
"1797","5e3198f91ddb1216f4cb722f",0.0335
"1798","5e94b43203807b339eef4947",0.019
"1799","5f5c153172bd1b1d6551a191",0.1755
"1800","5f5e2f5c2a36a46a00711c26",0.1555
"1801","5f61023f891bb903b975dbee",0.165
"1802","5f916f51cb8f4705a62f4799",0.808
"1803","5fb274f5557bcc848df4293a",0.1645
"1804","5ff3b5986d65c5a24eebd036",0.0585
"1805","600552740dbd6673a1ffda30",0.1675
"1806","604e85ad5a3e89264977323b",0.1255
"1807","606605d4808361864cfe3db6",0.174
"1808","608bfa04767191aa4d57bfd8",0.063
"1809","609ac2fa3340da7e2c5557ee",0.0995
"1810","60ca0f9779fb2693dce5f485",0.209
"1811","60de08e4fe761c144c0c8374",0.014
"1812","61084dbab48ab21fce452554",0.16
"1813","6113d05ff415bab1824688e3",0.0395
"1814","612cebaa82955dc557a8ba2c",0.1455
"1815","61435b26170aa14747574253",0.153
"1816","614ce29d78ae25eced10ede1",0.044
"1817","6151e69a392433707e7a9dfb",0.1695
"1818","616604bed27acb2f4e2841a9",0.0795
"1819","6296290ec41bde1525dbb77e",0.1005
"1820","62b2f74cf3794e252cc7d1a7",0.5335
"1821","62bb31196b1faed16b34e914",0.1305
"1822","62fb8e94ce94179d6a4e8277",0.015
"1823","634d7fd5face88069f7ff6ff",0.1655
"1824","637f7bb38148548ea0459ffb",0.6525
"1825","6384f755b4cc19e1153f51bb",0.162
"1826","63c0a40fed93c574b9ec5643",0.051
"1827","63d1991a59aef0f7e6dbd731",0.04
"1828","63d7d6bf5c5183a15ab3af86",0.064
"1829","63f2f1469fb6bfe8a8cef51f",0.149
"1830","6400dbb883a12b7946a0c4b5",0.194
"1831","656083eb366411e4a862f58c",0.03
"1832","65c345d3a0adaf7cbf1e48a8",0.1695
"1833","65d2132e0d4bcd2c8f30dada",0.1625
"1834","65e9fbe46ad3a93ae116ca4b",0.159
"1835","660ffc3c675137823736c3ee",0.169
"1836","66293a86e40515e886439323",0.172
"1837","663e78ca1f6562b985edaa83",0.1325
"1838","6658beae5669d166e3c15990",0.1085
"1839","6658cf093c3b7a255aeae9eb",0.1625
"1840","6658d13e8f1ee667f426421c",0.164
"1841","6664aff313672880c2b0ba59",0.103
"1842","6677328704eab5e142f81a4c",0.1555
"1843","667ec419bd37280f9e03ec9f",0.1965
"1844","66861f98588bfc85c98bb613",0.163
"1845","668baa39eb2126795d1f2355",0.1605
"1846","66ae48b54f66a46055daf986",0.0165
"1847","66b9e5e83c51affe5bd86e77",0.1065
"1848","66bbeb249419dc027c25d5e9",0.097
"1849","66beb7a1951f8a18b03cd9c5",0.1585
"1850","66bf4ec121654a498f9308ad",0.0845
"1851","66c3abdf2beb36fcb3801638",0.0955
"1852","66c91d4887c1b0a1e2c650e7",0.174
"1853","66caec76f2a174deb1bd914a",0.1555
"1854","66ccbe75db1b31c5dabaf54a",0.166
"1855","66e464861f78048b57ab0f50",0.16
"1856","670eb5013466794edcc2d833",0.1305
"1857","6713e46bc18defdffc7ebc56",0.1575
"1858","6717fb1b679c0f9dc5bbe2d4",0.154
"1859","67184213a3401b36ab9fd18d",0.7225
"1860","6718fc2ee468bbc21848a064",0.1515
"1861","671a81bb0efaa0b31af6782f",0.166
"1862","671b9e5546a2a9d3d0530f1b",0.166
"1863","671bf2e4ddd9c375e013a764",0.158
"1864","672367820c8403df2eadd46c",0.1595
"1865","6723809251e48c7a0429a99d",0.159
"1866","6723f2fb0b11496b64e7e922",0.1785
"1867","6724a4283681d97e1fdb3896",0.088
"1868","6727a836785154712f1ad48d",0.1765
"1869","6731b01bfd9378c779b76209",0.1235
"1870","673243b876315ab651b45af5",0.1705
"1871","67362ff6506d101b1ef9224f",0.167
"1872","67387b300487eed5ec3fa8a1",0.156
"1873","6738ac6767761a8cb14698ed",0.1585
"1874","673a5584f867e07b649219c7",0.1885
"1875","673b694b8d15e20276e3ce1a",0.1425
"1876","673b99cbda90e69e43400fd6",0.127
"1877","673c4e412f554dedb25d4790",0.159
"1878","673c994fc9314dd2c72dddf4",0.1775
"1879","673ca3fc554d5fe9e89bf84e",0.2065
"1880","673ecf8a8911599ad3a491c7",0.126
"1881","55057a56fdf99b5b566a70bb",0.061
"1882","592dc86c61bcd8000107c131",0.863
"1883","59f4fa78da08940001d4e7b7",0.4285
"1884","5a94d2e989de8200013ecab6",0.008
"1885","5b844bb6db11320001c56ca3",0.435
"1886","5ba11949a896050001d50742",0.051
"1887","5c005838232b6c0001221acf",0.426
"1888","5c0765e10ea1410001a9dc5f",0.4075
"1889","5cadb168466544001a69832d",0.3995
"1890","5d514a73f20feb00160b5e0e",0.5905
"1891","5de401d34c451d000a669419",0.331
"1892","5e346dedaf532102529ce9da",0.089
"1893","5e9dd5a16af8f212466d212c",0.3995
"1894","5ee013785a5719357e9ce0cf",0.402
"1895","5eede63f737c352242d67b5b",0.0175
"1896","5ef34cc943115906d6aa397f",0.9595
"1897","5f1f680d643ad300084c7e93",0.012
"1898","5f5b4aa99a3ef626581a1473",0.007
"1899","5f69fe3c1acc2b021e1de5cb",0.4385
"1900","5fb29271661abe46e8d138b4",0.4815
"1901","5fc10e3c8200cf0b1b66714c",0.4535
"1902","608f39d2c76e436967135846",0.342
"1903","609a8fcba507c32068ec0a06",0.3455
"1904","60a52bc9508aa2f378ed5a48",0.232
"1905","60c57903a2db0249ed2779b1",5e-04
"1906","60ff7c8f4f066ccf6fe05587",0.0045
"1907","6116f994419d66823ecd35b0",0.4405
"1908","6132111b5009ce6f407e6efc",0.415
"1909","6150b927614a4f154f311f9d",0.0485
"1910","615cc45a8fd8190ef65c30c5",0.765
"1911","62a1979157e5b6c9a24af760",0.467
"1912","62c5c654b6766b67b006d783",0.008
"1913","631b1437200a529b7f31919d",0.0035
"1914","636a354233b567a40c34ef2f",0.4275
"1915","63d9a2f4809dc6997a950a35",0.0265
"1916","63ebd5297f7ce451891b14c4",0.883
"1917","63f77915c48d021a3bf77b0f",0.001
"1918","64013d507ab5a4cdc0c1a29a",0.4785
"1919","643bd8390dc7e4b22596d52b",0.3715
"1920","6440d89ef8ed3b64dd035044",0.003
"1921","654585f747eeb23dde2b3ff6",0.0065
"1922","656003dc8bea916cc4815b0a",0.1315
"1923","65999a30a97e20e20316eb03",0.441
"1924","65d9f7d2bd4d3cddb74feb06",0.1085
"1925","65e8c595cd52544a59299beb",0.4025
"1926","6600945379b948e6cf8a03a0",0.0045
"1927","660c153f430b6311d10dc89f",0.593
"1928","6612c945cebe319d923b80f8",0.1315
"1929","663730456acb6562b087057d",0.4235
"1930","6640ebff6fd8319ba014acb0",0.4635
"1931","664cd1c6545aa0f362493dd9",0.6925
"1932","664db4c849087dd826353e2e",0.8425
"1933","664e3bac1567a06f192c03e1",0.43
"1934","6653b92cc7f248306bafe316",0.456
"1935","665bf5d1d0a8c603ab8b5f9a",0.4015
"1936","665c8d0b3e222f89e8e05020",0.419
"1937","665ef56136c128149c839a37",0.397
"1938","66671eb793963236857d7446",0.375
"1939","666ececc47ca746d72d7ac74",0.4325
"1940","6685686783826429e605639e",0.3845
"1941","6686b7108c4fc236ebff867b",0.587
"1942","668be37946530c3be50aa890",0.423
"1943","669fdd9876ede0e213a3d0f0",0.923
"1944","66a049748b57caf868c3179d",0.23
"1945","66a172f44449cd36fe74120a",0.4075
"1946","66a934ee4699d12335b4de09",0.0085
"1947","66ac6629c0da194f918ca3fb",0.9825
"1948","66ad0a59a986313249ba0f08",0.932
"1949","66b26260d66ffbb040dd8019",0.49
"1950","66b525ddeb780d4444e0b774",0.427
"1951","66b7a3818425a6fff0ac91e9",0.5105
"1952","66d5f2130a1471cb7c8aca2d",0.093
"1953","66e51626d4a3157cfec3fafa",0.498
"1954","670fc4f7fa5ba762b4142f94",0.3675
"1955","67157c1e5c688c4ea0bd352e",0.49
"1956","67160a8041dfd5764e606512",0.41
"1957","6716e87e4a6b1dfc6b44716f",0.4255
"1958","67190052fd6a0a98c68ed9d8",0.2995
"1959","672150e3e2530417bc38d85f",0.3775
"1960","67226696d431959f7423ec9f",0.4395
"1961","67236d7fadd6365361bd7cc0",0.3625
"1962","6728b04d2eec238f25855a41",0.058
"1963","67292f5b77e0c806cf844b00",0.55
"1964","672a4c240b1d0e2d41641109",0.4645
"1965","672ae3054ad1948d2359ea53",0.336
"1966","672b491b7323ffdc775a3106",0.4365
"1967","672b5260396b3b084c19fecb",0.4035
"1968","6730d9093af730fa8f4abd93",0.395
"1969","6733c548201815f76acf22a9",0.3935
"1970","6734d27fde4e1fd7aed15f70",5e-04
"1971","6737dbf6689881445b7c0d66",0.002
"1972","673ed175d1ab67f5acdd4b4e",0.426
"1973","673fde4dc22500c739ff14a9",0.509
"1974","67406d40962a97ccde687e06",0.008
"1975","6740c61d78c4426b8badfd52",0.5395
"1976","6740eaa45933702cc4dcbc17",0.4355
"1977","6740f926c212c5979b428f1e",0.409
"1978","67422ae65d59e184500eed0d",0.462
"1979","6743cd87f8db5a6a6c3672bc",0.007
"1980","6743ec96f8db5a6a6c3678bb",0.39
