run_name,param,nr_topic,c_v,c_npmi,diversity,silhouette,similarity
base_value,"{'embedding_model': 'sentence-transformers/all-MiniLM-L6-v2', 'n_neighbors': 15, 'n_components': 5, 'min_dist': 0.0, 'random_state': [0, 1, 15, 11, 37], 'min_cluster_size': 10, 'min_df': 2, 'ngram_range': (1, 3), 'top_n_words': 10, 'max_df': 1.0}",17.2,0.649871762,-0.004181931,0.570886039,0.5623942,0.63625294
n_neighbors_20,"{'embedding_model': 'sentence-transformers/all-MiniLM-L6-v2', 'n_neighbors': 20, 'n_components': 5, 'min_dist': 0.0, 'random_state': [0, 1, 15, 11, 37], 'min_cluster_size': 10, 'min_df': 2, 'ngram_range': (1, 3), 'top_n_words': 10, 'max_df': 1.0}",16.2,0.661238432,0.010173119,0.555824561,0.5447424,0.6305482
n_neighbors_10,"{'embedding_model': 'sentence-transformers/all-MiniLM-L6-v2', 'n_neighbors': 10, 'n_components': 5, 'min_dist': 0.0, 'random_state': [0, 1, 15, 11, 37], 'min_cluster_size': 10, 'min_df': 2, 'ngram_range': (1, 3), 'top_n_words': 10, 'max_df': 1.0}",14,0.700082789,0.023639649,0.531070387,0.504432,0.6358458
n_neighbors_5,"{'embedding_model': 'sentence-transformers/all-MiniLM-L6-v2', 'n_neighbors': 5, 'n_components': 5, 'min_dist': 0.0, 'random_state': [0, 1, 15, 11, 37], 'min_cluster_size': 10, 'min_df': 2, 'ngram_range': (1, 3), 'top_n_words': 10, 'max_df': 1.0}",16.4,0.677666108,-0.002119807,0.547870808,0.5220013,0.62829405
n_neighbors_30,"{'embedding_model': 'sentence-transformers/all-MiniLM-L6-v2', 'n_neighbors': 30, 'n_components': 5, 'min_dist': 0.0, 'random_state': [0, 1, 15, 11, 37], 'min_cluster_size': 10, 'min_df': 2, 'ngram_range': (1, 3), 'top_n_words': 10, 'max_df': 1.0}",15.8,0.643800335,-0.009728111,0.567191434,0.5331446,0.6322039
n_components_10,"{'embedding_model': 'sentence-transformers/all-MiniLM-L6-v2', 'n_neighbors': 10, 'n_components': 10, 'min_dist': 0.0, 'random_state': [0, 1, 15, 11, 37], 'min_cluster_size': 10, 'min_df': 2, 'ngram_range': (1, 3), 'top_n_words': 10, 'max_df': 1.0}",13.6,0.703302945,0.026126364,0.558,0.5457865,0.62381566
n_components_3,"{'embedding_model': 'sentence-transformers/all-MiniLM-L6-v2', 'n_neighbors': 10, 'n_components': 3, 'min_dist': 0.0, 'random_state': [0, 1, 15, 11, 37], 'min_cluster_size': 10, 'min_df': 2, 'ngram_range': (1, 3), 'top_n_words': 10, 'max_df': 1.0}",16.4,0.66995325,0.013731482,0.56145614,0.5374404,0.62723625
n_components_20,"{'embedding_model': 'sentence-transformers/all-MiniLM-L6-v2', 'n_neighbors': 10, 'n_components': 20, 'min_dist': 0.0, 'random_state': [0, 1, 15, 11, 37], 'min_cluster_size': 10, 'min_df': 2, 'ngram_range': (1, 3), 'top_n_words': 10, 'max_df': 1.0}",10.8,0.705853596,0.022578793,0.558681818,0.5263335,0.6211917
min_dist_01,"{'embedding_model': 'sentence-transformers/all-MiniLM-L6-v2', 'n_neighbors': 10, 'n_components': 5, 'min_dist': 0.1, 'random_state': [0, 1, 15, 11, 37], 'min_cluster_size': 10, 'min_df': 2, 'ngram_range': (1, 3), 'top_n_words': 10, 'max_df': 1.0}",13.4,0.693284664,0.019088203,0.551154893,0.48502216,0.6338028
min_dist_05,"{'embedding_model': 'sentence-transformers/all-MiniLM-L6-v2', 'n_neighbors': 10, 'n_components': 5, 'min_dist': 0.5, 'random_state': [0, 1, 15, 11, 37], 'min_cluster_size': 10, 'min_df': 2, 'ngram_range': (1, 3), 'top_n_words': 10, 'max_df': 1.0}",9.6,0.663468474,-0.002724323,0.569444444,0.4263919,0.6323349
min_dist_02,"{'embedding_model': 'sentence-transformers/all-MiniLM-L6-v2', 'n_neighbors': 10, 'n_components': 5, 'min_dist': 0.2, 'random_state': [0, 1, 15, 11, 37], 'min_cluster_size': 10, 'min_df': 2, 'ngram_range': (1, 3), 'top_n_words': 10, 'max_df': 1.0}",9,0.7381839,0.052586289,0.633113636,0.41531712,0.6055045
min_cluster_size_5,"{'embedding_model': 'sentence-transformers/all-MiniLM-L6-v2', 'n_neighbors': 10, 'n_components': 5, 'min_dist': 0.0, 'random_state': [0, 1, 15, 11, 37], 'min_cluster_size': 5, 'min_df': 2, 'ngram_range': (1, 3), 'top_n_words': 10, 'max_df': 1.0}",31.6,0.510386647,-0.11877806,0.601343799,0.56085753,0.6636344
min_cluster_size_15,"{'embedding_model': 'sentence-transformers/all-MiniLM-L6-v2', 'n_neighbors': 10, 'n_components': 5, 'min_dist': 0.0, 'random_state': [0, 1, 15, 11, 37], 'min_cluster_size': 15, 'min_df': 2, 'ngram_range': (1, 3), 'top_n_words': 10, 'max_df': 1.0}",9.4,0.727099502,0.036948014,0.542,0.52884984,0.60959256
min_cluster_size_20,"{'embedding_model': 'sentence-transformers/all-MiniLM-L6-v2', 'n_neighbors': 10, 'n_components': 5, 'min_dist': 0.0, 'random_state': [0, 1, 15, 11, 37], 'min_cluster_size': 20, 'min_df': 2, 'ngram_range': (1, 3), 'top_n_words': 10, 'max_df': 1.0}",7.4,0.732538266,0.045548038,0.550825397,0.5329088,0.5858763
min_cluster_size_40,"{'embedding_model': 'sentence-transformers/all-MiniLM-L6-v2', 'n_neighbors': 10, 'n_components': 5, 'min_dist': 0.0, 'random_state': [0, 1, 15, 11, 37], 'min_cluster_size': 40, 'min_df': 2, 'ngram_range': (1, 3), 'top_n_words': 10, 'max_df': 1.0}",3.8,0.811281012,0.105693021,0.518,0.5993441,0.5699619
min_cluster_size_60,"{'embedding_model': 'sentence-transformers/all-MiniLM-L6-v2', 'n_neighbors': 10, 'n_components': 5, 'min_dist': 0.0, 'random_state': [0, 1, 15, 11, 37], 'min_cluster_size': 60, 'min_df': 2, 'ngram_range': (1, 3), 'top_n_words': 10, 'max_df': 1.0}",3.2,0.77885216,0.082081936,0.536,0.5592316,0.58521503
min_cluster_size_30,"{'embedding_model': 'sentence-transformers/all-MiniLM-L6-v2', 'n_neighbors': 10, 'n_components': 5, 'min_dist': 0.0, 'random_state': [0, 1, 15, 11, 37], 'min_cluster_size': 30, 'min_df': 2, 'ngram_range': (1, 3), 'top_n_words': 10, 'max_df': 1.0}",5.2,0.789467755,0.097300074,0.554761905,0.5917589,0.56424844
min_df_4,"{'embedding_model': 'sentence-transformers/all-MiniLM-L6-v2', 'n_neighbors': 10, 'n_components': 5, 'min_dist': 0.0, 'random_state': [0, 1, 15, 11, 37], 'min_cluster_size': 15, 'min_df': 4, 'ngram_range': (1, 3), 'top_n_words': 10, 'max_df': 1.0}",9.4,0.739875569,0.06379368,0.538363636,0.52884984,0.60959256
min_df_4_min_cluster_size_30,"{'embedding_model': 'sentence-transformers/all-MiniLM-L6-v2', 'n_neighbors': 10, 'n_components': 5, 'min_dist': 0.0, 'random_state': [0, 1, 15, 11, 37], 'min_cluster_size': 30, 'min_df': 4, 'ngram_range': (1, 3), 'top_n_words': 10, 'max_df': 1.0}",5.2,0.785201207,0.093707899,0.564761905,0.5917589,0.56424844
ngram_range_1,"{'embedding_model': 'sentence-transformers/all-MiniLM-L6-v2', 'n_neighbors': 10, 'n_components': 5, 'min_dist': 0.0, 'random_state': [0, 1, 15, 11, 37], 'min_cluster_size': 15, 'min_df': 2, 'ngram_range': (1, 1), 'top_n_words': 10, 'max_df': 1.0}",9.4,0.425609871,0.025539944,0.509636364,0.52884984,0.60959256
ngram_range_2,"{'embedding_model': 'sentence-transformers/all-MiniLM-L6-v2', 'n_neighbors': 10, 'n_components': 5, 'min_dist': 0.0, 'random_state': [0, 1, 15, 11, 37], 'min_cluster_size': 15, 'min_df': 2, 'ngram_range': (1, 2), 'top_n_words': 10, 'max_df': 1.0}",9.4,0.677128437,-0.007712951,0.543818182,0.52884984,0.60959256
ngram_range_4,"{'embedding_model': 'sentence-transformers/all-MiniLM-L6-v2', 'n_neighbors': 10, 'n_components': 5, 'min_dist': 0.0, 'random_state': [0, 1, 15, 11, 37], 'min_cluster_size': 15, 'min_df': 2, 'ngram_range': (1, 4), 'top_n_words': 10, 'max_df': 1.0}",9.4,0.748780284,0.07349392,0.538,0.52884984,0.60959256
ngram_range_5,"{'embedding_model': 'sentence-transformers/all-MiniLM-L6-v2', 'n_neighbors': 10, 'n_components': 5, 'min_dist': 0.0, 'random_state': [0, 1, 15, 11, 37], 'min_cluster_size': 15, 'min_df': 2, 'ngram_range': (1, 5), 'top_n_words': 10, 'max_df': 1.0}",9.4,0.758553223,0.097223285,0.538,0.52884984,0.60959256
ngram_range_10,"{'embedding_model': 'sentence-transformers/all-MiniLM-L6-v2', 'n_neighbors': 10, 'n_components': 5, 'min_dist': 0.0, 'random_state': [0, 1, 15, 11, 37], 'min_cluster_size': 15, 'min_df': 2, 'ngram_range': (1, 10), 'top_n_words': 10, 'max_df': 1.0}",9.4,0.77790854,0.162534756,0.538,0.52884984,0.60959256
top_n_word_5,"{'embedding_model': 'sentence-transformers/all-MiniLM-L6-v2', 'n_neighbors': 10, 'n_components': 5, 'min_dist': 0.0, 'random_state': [0, 1, 15, 11, 37], 'min_cluster_size': 15, 'min_df': 2, 'ngram_range': (1, 3), 'top_n_words': 5, 'max_df': 1.0}",9.4,0.853991078,0.202882201,0.525454545,0.52884984,0.60959256
top_n_word_15,"{'embedding_model': 'sentence-transformers/all-MiniLM-L6-v2', 'n_neighbors': 10, 'n_components': 5, 'min_dist': 0.0, 'random_state': [0, 1, 15, 11, 37], 'min_cluster_size': 15, 'min_df': 2, 'ngram_range': (1, 3), 'top_n_words': 15, 'max_df': 1.0}",9.4,0.692424587,-0.004458957,0.50969697,0.52884984,0.60959256
r2_n_neighbors_15,"{'embedding_model': 'sentence-transformers/all-MiniLM-L6-v2', 'n_neighbors': 15, 'n_components': 5, 'min_dist': 0.0, 'random_state': [0, 1, 15, 11, 37], 'min_cluster_size': 15, 'min_df': 2, 'ngram_range': (1, 3), 'top_n_words': 5, 'max_df': 1.0}",9.6,0.828749577,0.18260623,0.552587413,0.50874144,0.61239034
r2_n_neighbors_5,"{'embedding_model': 'sentence-transformers/all-MiniLM-L6-v2', 'n_neighbors': 5, 'n_components': 5, 'min_dist': 0.0, 'random_state': [0, 1, 15, 11, 37], 'min_cluster_size': 15, 'min_df': 2, 'ngram_range': (1, 3), 'top_n_words': 5, 'max_df': 1.0}",6.8,0.851598418,0.195147026,0.601333333,0.47656733,0.61293256
r2_n_neighbors_20,"{'embedding_model': 'sentence-transformers/all-MiniLM-L6-v2', 'n_neighbors': 20, 'n_components': 5, 'min_dist': 0.0, 'random_state': [0, 1, 15, 11, 37], 'min_cluster_size': 15, 'min_df': 2, 'ngram_range': (1, 3), 'top_n_words': 5, 'max_df': 1.0}",7.6,0.836309131,0.182221441,0.579238095,0.48752755,0.6105772
r2_n_components_2,"{'embedding_model': 'sentence-transformers/all-MiniLM-L6-v2', 'n_neighbors': 15, 'n_components': 2, 'min_dist': 0.0, 'random_state': [0, 1, 15, 11, 37], 'min_cluster_size': 15, 'min_df': 2, 'ngram_range': (1, 3), 'top_n_words': 5, 'max_df': 1.0}",9.8,0.838857884,0.188595939,0.58045066,0.5048882,0.6049801
r2_n_components_3,"{'embedding_model': 'sentence-transformers/all-MiniLM-L6-v2', 'n_neighbors': 15, 'n_components': 3, 'min_dist': 0.0, 'random_state': [0, 1, 15, 11, 37], 'min_cluster_size': 15, 'min_df': 2, 'ngram_range': (1, 3), 'top_n_words': 5, 'max_df': 1.0}",9,0.830901822,0.182531,0.586666667,0.5079784,0.59334284
r2_n_components_10,"{'embedding_model': 'sentence-transformers/all-MiniLM-L6-v2', 'n_neighbors': 15, 'n_components': 10, 'min_dist': 0.0, 'random_state': [0, 1, 15, 11, 37], 'min_cluster_size': 15, 'min_df': 2, 'ngram_range': (1, 3), 'top_n_words': 5, 'max_df': 1.0}",8.6,0.84466288,0.195667674,0.538949495,0.49843302,0.61893857
r2_n_components_15,"{'embedding_model': 'sentence-transformers/all-MiniLM-L6-v2', 'n_neighbors': 15, 'n_components': 15, 'min_dist': 0.0, 'random_state': [0, 1, 15, 11, 37], 'min_cluster_size': 15, 'min_df': 2, 'ngram_range': (1, 3), 'top_n_words': 5, 'max_df': 1.0}",7.8,0.832264878,0.190671178,0.581753247,0.48287886,0.6058132
r2_min_dist_02,"{'embedding_model': 'sentence-transformers/all-MiniLM-L6-v2', 'n_neighbors': 15, 'n_components': 10, 'min_dist': 0.2, 'random_state': [0, 1, 15, 11, 37], 'min_cluster_size': 15, 'min_df': 2, 'ngram_range': (1, 3), 'top_n_words': 5, 'max_df': 1.0}",8,0.825040972,0.179455017,0.584727273,0.46113634,0.6061929
r2_min_cluster_size_10,"{'embedding_model': 'sentence-transformers/all-MiniLM-L6-v2', 'n_neighbors': 15, 'n_components': 10, 'min_dist': 0.0, 'random_state': [0, 1, 15, 11, 37], 'min_cluster_size': 10, 'min_df': 2, 'ngram_range': (1, 3), 'top_n_words': 5, 'max_df': 1.0}",12,0.790995056,0.136317253,0.577076923,0.51435673,0.6213552
r2_min_cluster_size_20,"{'embedding_model': 'sentence-transformers/all-MiniLM-L6-v2', 'n_neighbors': 15, 'n_components': 10, 'min_dist': 0.0, 'random_state': [0, 1, 15, 11, 37], 'min_cluster_size': 20, 'min_df': 2, 'ngram_range': (1, 3), 'top_n_words': 5, 'max_df': 1.0}",7.4,0.842724594,0.205740144,0.619444444,0.52073985,0.5882924
r2_min_cluster_size_30,"{'embedding_model': 'sentence-transformers/all-MiniLM-L6-v2', 'n_neighbors': 15, 'n_components': 10, 'min_dist': 0.0, 'random_state': [0, 1, 15, 11, 37], 'min_cluster_size': 30, 'min_df': 2, 'ngram_range': (1, 3), 'top_n_words': 5, 'max_df': 1.0}",3.8,0.902585138,0.267880961,0.576666667,0.5299242,0.5691701
r2_min_cluster_size_50,"{'embedding_model': 'sentence-transformers/all-MiniLM-L6-v2', 'n_neighbors': 15, 'n_components': 10, 'min_dist': 0.0, 'random_state': [0, 1, 15, 11, 37], 'min_cluster_size': 50, 'min_df': 2, 'ngram_range': (1, 3), 'top_n_words': 5, 'max_df': 1.0}",3.6,0.917049331,0.265251361,0.556,0.5819069,0.5782366
r2_min_df_1,"{'embedding_model': 'sentence-transformers/all-MiniLM-L6-v2', 'n_neighbors': 15, 'n_components': 10, 'min_dist': 0.0, 'random_state': [0, 1, 15, 11, 37], 'min_cluster_size': 20, 'min_df': 1, 'ngram_range': (1, 3), 'top_n_words': 5, 'max_df': 1.0}",7.4,0.851014149,0.214535731,0.615,0.52073985,0.5882924
r2_min_df_3,"{'embedding_model': 'sentence-transformers/all-MiniLM-L6-v2', 'n_neighbors': 15, 'n_components': 10, 'min_dist': 0.0, 'random_state': [0, 1, 15, 11, 37], 'min_cluster_size': 20, 'min_df': 3, 'ngram_range': (1, 3), 'top_n_words': 5, 'max_df': 1.0}",7.4,0.888063278,0.254190109,0.606555556,0.52073985,0.5882924
r2_min_df_4,"{'embedding_model': 'sentence-transformers/all-MiniLM-L6-v2', 'n_neighbors': 15, 'n_components': 10, 'min_dist': 0.0, 'random_state': [0, 1, 15, 11, 37], 'min_cluster_size': 20, 'min_df': 4, 'ngram_range': (1, 3), 'top_n_words': 5, 'max_df': 1.0}",7.4,0.888063278,0.254190109,0.606555556,0.52073985,0.5882924
r2_ngram_range_1,"{'embedding_model': 'sentence-transformers/all-MiniLM-L6-v2', 'n_neighbors': 15, 'n_components': 10, 'min_dist': 0.0, 'random_state': [0, 1, 15, 11, 37], 'min_cluster_size': 20, 'min_df': 3, 'ngram_range': (1, 1), 'top_n_words': 5, 'max_df': 1.0}",7.4,0.560715738,0.082307497,0.610555556,0.52073985,0.5882924
r2_ngram_range_2,"{'embedding_model': 'sentence-transformers/all-MiniLM-L6-v2', 'n_neighbors': 15, 'n_components': 10, 'min_dist': 0.0, 'random_state': [0, 1, 15, 11, 37], 'min_cluster_size': 20, 'min_df': 3, 'ngram_range': (1, 2), 'top_n_words': 5, 'max_df': 1.0}",7.4,0.830743156,0.194660698,0.606555556,0.52073985,0.5882924
r2_ngram_range_4,"{'embedding_model': 'sentence-transformers/all-MiniLM-L6-v2', 'n_neighbors': 15, 'n_components': 10, 'min_dist': 0.0, 'random_state': [0, 1, 15, 11, 37], 'min_cluster_size': 20, 'min_df': 3, 'ngram_range': (1, 4), 'top_n_words': 5, 'max_df': 1.0}",7.4,0.911579232,0.291081611,0.606555556,0.52073985,0.5882924
r2_ngram_range_5,"{'embedding_model': 'sentence-transformers/all-MiniLM-L6-v2', 'n_neighbors': 15, 'n_components': 10, 'min_dist': 0.0, 'random_state': [0, 1, 15, 11, 37], 'min_cluster_size': 20, 'min_df': 3, 'ngram_range': (1, 5), 'top_n_words': 5, 'max_df': 1.0}",7.4,0.92447087,0.317150907,0.606555556,0.52073985,0.5882924
r2_top_n_words_10,"{'embedding_model': 'sentence-transformers/all-MiniLM-L6-v2', 'n_neighbors': 15, 'n_components': 10, 'min_dist': 0.0, 'random_state': [0, 1, 15, 11, 37], 'min_cluster_size': 20, 'min_df': 3, 'ngram_range': (1, 3), 'top_n_words': 10, 'max_df': 1.0}",7.4,0.751345247,0.071820671,0.544055556,0.52073985,0.5882924
r2_top_n_words_15,"{'embedding_model': 'sentence-transformers/all-MiniLM-L6-v2', 'n_neighbors': 15, 'n_components': 10, 'min_dist': 0.0, 'random_state': [0, 1, 15, 11, 37], 'min_cluster_size': 20, 'min_df': 3, 'ngram_range': (1, 3), 'top_n_words': 15, 'max_df': 1.0}",7.4,0.727136051,0.028502429,0.505925926,0.52073985,0.5882924
r3_min_df_1,"{'embedding_model': 'sentence-transformers/all-MiniLM-L6-v2', 'n_neighbors': 15, 'n_components': 10, 'min_dist': 0.0, 'random_state': [0, 1, 15, 11, 37], 'min_cluster_size': 20, 'min_df': 1, 'ngram_range': (1, 3), 'top_n_words': 5, 'max_df': 1.0}",7.4,0.851014149,0.214535731,0.615,0.52073985,0.5882924
r3_min_df_2,"{'embedding_model': 'sentence-transformers/all-MiniLM-L6-v2', 'n_neighbors': 15, 'n_components': 10, 'min_dist': 0.0, 'random_state': [0, 1, 15, 11, 37], 'min_cluster_size': 20, 'min_df': 2, 'ngram_range': (1, 3), 'top_n_words': 5, 'max_df': 1.0}",7.4,0.842724594,0.205740144,0.619444444,0.52073985,0.5882924
r3_min_df_3,"{'embedding_model': 'sentence-transformers/all-MiniLM-L6-v2', 'n_neighbors': 15, 'n_components': 10, 'min_dist': 0.0, 'random_state': [0, 1, 15, 11, 37], 'min_cluster_size': 20, 'min_df': 3, 'ngram_range': (1, 3), 'top_n_words': 5, 'max_df': 1.0}",7.4,0.888063278,0.254190109,0.606555556,0.52073985,0.5882924
r3_min_df_4,"{'embedding_model': 'sentence-transformers/all-MiniLM-L6-v2', 'n_neighbors': 15, 'n_components': 10, 'min_dist': 0.0, 'random_state': [0, 1, 15, 11, 37], 'min_cluster_size': 20, 'min_df': 4, 'ngram_range': (1, 3), 'top_n_words': 5, 'max_df': 1.0}",7.4,0.888063278,0.254190109,0.606555556,0.52073985,0.5882924
r3_min_cluster_size_50,"{'embedding_model': 'sentence-transformers/all-MiniLM-L6-v2', 'n_neighbors': 15, 'n_components': 10, 'min_dist': 0.0, 'random_state': [0, 1, 15, 11, 37], 'min_cluster_size': 50, 'min_df': 3, 'ngram_range': (1, 3), 'top_n_words': 5, 'max_df': 1.0}",3.6,0.917210634,0.264649835,0.566,0.5819069,0.5782366
r3_min_cluster_size_10,"{'embedding_model': 'sentence-transformers/all-MiniLM-L6-v2', 'n_neighbors': 15, 'n_components': 10, 'min_dist': 0.0, 'random_state': [0, 1, 15, 11, 37], 'min_cluster_size': 10, 'min_df': 3, 'ngram_range': (1, 3), 'top_n_words': 5, 'max_df': 1.0}",12,0.809306641,0.160659032,0.553179487,0.51435673,0.6213552
r3_min_cluster_size_5,"{'embedding_model': 'sentence-transformers/all-MiniLM-L6-v2', 'n_neighbors': 15, 'n_components': 10, 'min_dist': 0.0, 'random_state': [0, 1, 15, 11, 37], 'min_cluster_size': 5, 'min_df': 3, 'ngram_range': (1, 3), 'top_n_words': 5, 'max_df': 1.0}",28.8,0.612883254,0.004235171,0.671718448,0.54038537,0.6589078
r3_min_cluster_size_30,"{'embedding_model': 'sentence-transformers/all-MiniLM-L6-v2', 'n_neighbors': 15, 'n_components': 10, 'min_dist': 0.0, 'random_state': [0, 1, 15, 11, 37], 'min_cluster_size': 30, 'min_df': 3, 'ngram_range': (1, 3), 'top_n_words': 5, 'max_df': 1.0}",3.8,0.890217915,0.253710349,0.583333333,0.5299242,0.5691701
r3_min_cluster_size_20,"{'embedding_model': 'sentence-transformers/all-MiniLM-L6-v2', 'n_neighbors': 15, 'n_components': 10, 'min_dist': 0.0, 'random_state': [0, 1, 15, 11, 37], 'min_cluster_size': 20, 'min_df': 3, 'ngram_range': (1, 3), 'top_n_words': 5, 'max_df': 1.0}",7.4,0.888063278,0.254190109,0.606555556,0.52073985,0.5882924
r4_n_neighbors_10,"{'embedding_model': 'sentence-transformers/all-MiniLM-L6-v2', 'n_neighbors': 10, 'n_components': 10, 'min_dist': 0.0, 'random_state': [0, 1, 15, 11, 37], 'min_cluster_size': 20, 'min_df': 3, 'ngram_range': (1, 3), 'top_n_words': 5, 'max_df': 1.0}",7.6,0.871160086,0.228071129,0.568888889,0.54886043,0.59479684
r4_n_neighbors_20,"{'embedding_model': 'sentence-transformers/all-MiniLM-L6-v2', 'n_neighbors': 20, 'n_components': 10, 'min_dist': 0.0, 'random_state': [0, 1, 15, 11, 38], 'min_cluster_size': 20, 'min_df': 3, 'ngram_range': (1, 3), 'top_n_words': 5, 'max_df': 1.0}",4.4,0.90261247,0.256810387,0.576,0.45125937,0.6028686
r4_min_df_005_max_df_08,"{'embedding_model': 'sentence-transformers/all-MiniLM-L6-v2', 'n_neighbors': 15, 'n_components': 10, 'min_dist': 0.0, 'random_state': [0, 1, 15, 11, 37], 'min_cluster_size': 20, 'min_df': 0.05, 'max_df': 0.8, 'ngram_range': (1, 3), 'top_n_words': 5}",7.4,0.488209971,-0.139416696,0.742444444,0.52073985,0.5882924
r4_min_df_010_max_df_08,"{'embedding_model': 'sentence-transformers/all-MiniLM-L6-v2', 'n_neighbors': 15, 'n_components': 10, 'min_dist': 0.0, 'random_state': [0, 1, 15, 11, 37], 'min_cluster_size': 20, 'min_df': 0.1, 'max_df': 0.8, 'ngram_range': (1, 3), 'top_n_words': 5}",7.4,0.488528049,-0.140701567,0.746444444,0.52073985,0.5882924
r4_min_df_003_max_df_08,"{'embedding_model': 'sentence-transformers/all-MiniLM-L6-v2', 'n_neighbors': 15, 'n_components': 10, 'min_dist': 0.0, 'random_state': [0, 1, 15, 11, 37], 'min_cluster_size': 20, 'min_df': 0.03, 'max_df': 0.8, 'ngram_range': (1, 3), 'top_n_words': 5}",7.4,0.488209971,-0.139416696,0.742444444,0.52073985,0.5882924
r4_min_df_003_max_df_10,"{'embedding_model': 'sentence-transformers/all-MiniLM-L6-v2', 'n_neighbors': 15, 'n_components': 10, 'min_dist': 0.0, 'random_state': [0, 1, 15, 11, 37], 'min_cluster_size': 20, 'min_df': 0.03, 'max_df': 1.0, 'ngram_range': (1, 3), 'top_n_words': 5}",7.4,0.851014149,0.214535731,0.615,0.52073985,0.5882924
r4_min_df_003_max_df_05,"{'embedding_model': 'sentence-transformers/all-MiniLM-L6-v2', 'n_neighbors': 15, 'n_components': 10, 'min_dist': 0.0, 'random_state': [0, 1, 15, 11, 37], 'min_cluster_size': 20, 'min_df': 0.03, 'max_df': 0.5, 'ngram_range': (1, 3), 'top_n_words': 5}",7.4,0.447894104,-0.297535064,0.914222222,0.52073985,0.5882924
r4_min_df_003_max_df_05_base_value,"{'embedding_model': 'sentence-transformers/all-MiniLM-L6-v2', 'n_neighbors': 15, 'n_components': 8, 'min_dist': 0.4, 'random_state': [0, 1, 15, 11, 37], 'min_cluster_size': 10, 'min_df': 0.03, 'max_df': 0.5, 'ngram_range': (1, 2), 'top_n_words': 10}",10.4,0.482358157,-0.253253958,0.907902098,0.40294862,0.6281428
r4_min_df_00_max_df_06_base_value,"{'embedding_model': 'sentence-transformers/all-MiniLM-L6-v2', 'n_neighbors': 15, 'n_components': 8, 'min_dist': 0.4, 'random_state': [0, 1, 15, 11, 37], 'min_cluster_size': 10, 'min_df': 0.0, 'max_df': 0.6, 'ngram_range': (1, 3), 'top_n_words': 10}",10.4,0.391223356,-0.283643003,0.838405594,0.40294862,0.6281428
r4_min_df_00_max_df_09_base_value,"{'embedding_model': 'sentence-transformers/all-MiniLM-L6-v2', 'n_neighbors': 15, 'n_components': 5, 'min_dist': 0.1, 'random_state': [0, 1, 15, 11, 37], 'min_cluster_size': 10, 'min_df': 0.0, 'max_df': 0.9, 'ngram_range': (1, 3), 'top_n_words': 10}",12.2,0.499266494,-0.136909957,0.687608225,0.49584723,0.6256365
r4_min_df_00_max_df_09,"{'embedding_model': 'sentence-transformers/all-MiniLM-L6-v2', 'n_neighbors': 15, 'n_components': 10, 'min_dist': 0.0, 'random_state': [0, 1, 15, 11, 37], 'min_cluster_size': 20, 'min_df': 0.0, 'max_df': 0.9, 'ngram_range': (1, 3), 'top_n_words': 10}",7.4,0.53976478,-0.114025784,0.634722222,0.52073985,0.5882924
r4_min_df_01_max_df_10,"{'embedding_model': 'sentence-transformers/all-MiniLM-L6-v2', 'n_neighbors': 15, 'n_components': 10, 'min_dist': 0.0, 'random_state': [0, 1, 15, 11, 37], 'min_cluster_size': 20, 'min_df': 0.1, 'max_df': 1.0, 'ngram_range': (1, 3), 'top_n_words': 10}",7.4,0.765538682,0.077455215,0.531888889,0.52073985,0.5882924
r4_min_df_01_max_df_10,"{'embedding_model': 'sentence-transformers/all-MiniLM-L6-v2', 'n_neighbors': 15, 'n_components': 10, 'min_dist': 0.0, 'random_state': [0, 1, 15, 11, 37], 'min_cluster_size': 20, 'min_df': 0.1, 'max_df': 1.0, 'ngram_range': (1, 3), 'top_n_words': 5}",7.4,0.850688097,0.213150668,0.615,0.52073985,0.5882924
r4_min_df_02_max_df_10,"{'embedding_model': 'sentence-transformers/all-MiniLM-L6-v2', 'n_neighbors': 15, 'n_components': 10, 'min_dist': 0.0, 'random_state': [0, 1, 15, 11, 37], 'min_cluster_size': 20, 'min_df': 0.2, 'max_df': 1.0, 'ngram_range': (1, 3), 'top_n_words': 5}",7.4,0.850125453,0.213573073,0.615444444,0.52073985,0.5882924
r4_min_df_03_max_df_10,"{'embedding_model': 'sentence-transformers/all-MiniLM-L6-v2', 'n_neighbors': 15, 'n_components': 10, 'min_dist': 0.0, 'random_state': [0, 1, 15, 11, 37], 'min_cluster_size': 20, 'min_df': 0.3, 'max_df': 1.0, 'ngram_range': (1, 3), 'top_n_words': 5}",7.4,0.888063278,0.254190109,0.606555556,0.52073985,0.5882924
r4_min_df_05_max_df_10,"{'embedding_model': 'sentence-transformers/all-MiniLM-L6-v2', 'n_neighbors': 15, 'n_components': 10, 'min_dist': 0.0, 'random_state': [0, 1, 15, 11, 37], 'min_cluster_size': 20, 'min_df': 0.5, 'max_df': 1.0, 'ngram_range': (1, 3), 'top_n_words': 5}",7.4,0.878149584,0.240300027,0.619,0.52073985,0.5882924
r4_min_df_05_max_df_09,"{'embedding_model': 'sentence-transformers/all-MiniLM-L6-v2', 'n_neighbors': 15, 'n_components': 10, 'min_dist': 0.0, 'random_state': [0, 1, 15, 11, 37], 'min_cluster_size': 20, 'min_df': 0.5, 'max_df': 0.9, 'ngram_range': (1, 3), 'top_n_words': 5}",7.4,0.605127064,-0.011385384,0.681888889,0.52073985,0.5882924
r4_min_df_00_max_df_10,"{'embedding_model': 'sentence-transformers/all-MiniLM-L6-v2', 'n_neighbors': 15, 'n_components': 10, 'min_dist': 0.0, 'random_state': [0, 1, 15, 11, 37], 'min_cluster_size': 20, 'min_df': 0.0, 'max_df': 1.0, 'ngram_range': (1, 3), 'top_n_words': 5}",7.4,0.851014149,0.214535731,0.615,0.52073985,0.5882924
r4_min_df_3_max_df_800,"{'embedding_model': 'sentence-transformers/all-MiniLM-L6-v2', 'n_neighbors': 15, 'n_components': 10, 'min_dist': 0.0, 'random_state': [0, 1, 15, 11, 37], 'min_cluster_size': 20, 'min_df': 3, 'max_df': 800, 'ngram_range': (1, 3), 'top_n_words': 5}",7.4,0.888063278,0.254190109,0.606555556,0.52073985,0.5882924
r4_min_df_3_max_df_500,"{'embedding_model': 'sentence-transformers/all-MiniLM-L6-v2', 'n_neighbors': 15, 'n_components': 10, 'min_dist': 0.0, 'random_state': [0, 1, 15, 11, 37], 'min_cluster_size': 20, 'min_df': 3, 'max_df': 500, 'ngram_range': (1, 3), 'top_n_words': 5}",7.4,0.888063278,0.254190109,0.606555556,0.52073985,0.5882924
r4_min_df_3_max_df_10,"{'embedding_model': 'sentence-transformers/all-MiniLM-L6-v2', 'n_neighbors': 15, 'n_components': 10, 'min_dist': 0.0, 'random_state': [0, 1, 15, 11, 37], 'min_cluster_size': 20, 'min_df': 3, 'max_df': 10, 'ngram_range': (1, 3), 'top_n_words': 5}",7.4,0.867684098,0.233488834,0.610555556,0.52073985,0.5882924
r4_min_df_0003_max_df_08,"{'embedding_model': 'sentence-transformers/all-MiniLM-L6-v2', 'n_neighbors': 15, 'n_components': 10, 'min_dist': 0.0, 'random_state': [0, 1, 15, 11, 37], 'min_cluster_size': 20, 'min_df': 0.003, 'max_df': 0.8, 'ngram_range': (1, 3), 'top_n_words': 5}",7.4,0.488209971,-0.139416696,0.742444444,0.52073985,0.5882924
r4_ngram_range_2_3,"{'embedding_model': 'sentence-transformers/all-MiniLM-L6-v2', 'n_neighbors': 15, 'n_components': 10, 'min_dist': 0.0, 'random_state': [0, 1, 15, 11, 37], 'min_cluster_size': 20, 'min_df': 3, 'max_df': 1000, 'ngram_range': (2, 3), 'top_n_words': 5}",7.4,0.758372672,0.000815707,0.797111111,0.52073985,0.5882924
r4_ngram_range_1_3,"{'embedding_model': 'sentence-transformers/all-MiniLM-L6-v2', 'n_neighbors': 15, 'n_components': 10, 'min_dist': 0.0, 'random_state': [0, 1, 15, 11, 37], 'min_cluster_size': 20, 'min_df': 3, 'max_df': 1.0, 'ngram_range': (1, 3), 'top_n_words': 5}",7.4,0.888063278,0.254190109,0.606555556,0.52073985,0.5882924
final_model,"{'embedding_model': 'sentence-transformers/all-MiniLM-L6-v2', 'n_neighbors': 15, 'n_components': 10, 'min_dist': 0.0, 'random_state': [0, 1, 15, 11, 37], 'min_cluster_size': 20, 'min_df': 3, 'max_df': 1.0, 'ngram_range': (1, 3), 'top_n_words': 5}",7.4,0.888063278,0.254190109,0.606555556,0.52073985,0.5882924
