"ID","rank","filename","score_norm","cond_filename"
"55daf7b369dbc30005b68ac9",2,"670912_experiment_2024-02-09_11h34.22.791.csv",0.936580145490265,"chain0.csv"
"56d1f7f67bbc32000589a588",46,"273684_experiment_2024-02-08_14h25.23.283.csv",0.41390428791065,"chain1.csv"
"571a428ec97ad400123ad82d",95,"967912_experiment_2024-02-08_14h43.17.905.csv",0.147031845283814,"chain2.csv"
"571a82d06a1c6300094c6a19",100,"934205_experiment_2024-02-08_14h42.25.227.csv",0,"chain3.csv"
"574fe6b5cac74a000654223f",74,"669616_experiment_2024-02-08_14h42.32.416.csv",0.258754708476169,"chain4.csv"
"5750d1dea9de4b0006e556da",9,"448988_experiment_2024-02-09_05h31.22.333.csv",0.826358330442817,"chain5.csv"
"58413489d0f9ec000178a3ae",93,"646142_experiment_2024-02-08_14h35.26.834.csv",0.154699100600937,"chain6.csv"
"58945874b5496d00018cfe1c",82,"402049_experiment_2024-02-08_14h43.30.240.csv",0.228071644615524,"chain7.csv"
"5904f7725dec66000110af5b",7,"552678_experiment_2024-02-08_14h32.10.097.csv",0.827315983595018,"chain8.csv"
"590b3401182caf0001ab5801",20,"521543_experiment_2024-02-08_14h35.56.373.csv",0.641511925539592,"chain9.csv"
"5991efc7b83f800001a5e431",32,"709779_experiment_2024-02-08_14h43.44.219.csv",0.51761095417304,"chain10.csv"
"599e04ffb4e8c80001d11427",19,"457104_experiment_2024-02-08_14h38.22.135.csv",0.664811465511587,"chain11.csv"
"59e773565de9b000017ed296",58,"174126_experiment_2024-02-08_14h40.59.185.csv",0.346366295417751,"chain12.csv"
"59f673018a2d3d00012c1544",12,"499550_experiment_2024-02-08_14h34.56.654.csv",0.785310994756059,"chain13.csv"
"5a764e848fe2dc000105739c",56,"703886_experiment_2024-02-08_14h37.20.258.csv",0.36603361324258,"chain14.csv"
"5a9c1988f6dfdd0001ea9933",68,"891006_experiment_2024-02-08_14h36.07.419.csv",0.290647942867964,"chain15.csv"
"5b0c96679663ee0001459213",45,"647166_experiment_2024-02-08_14h39.22.510.csv",0.418940234416809,"chain16.csv"
"5b14898a30d562000155f1e9",18,"274165_experiment_2024-02-08_15h01.29.507.csv",0.670283411385257,"chain17.csv"
"5b1faa1354eabf00013e67ec",21,"365336_experiment_2024-02-08_14h50.30.817.csv",0.606029038330334,"chain18.csv"
"5b2ba56c425ac7000157fd53",85,"096568_experiment_2024-02-08_14h56.09.873.csv",0.215571215982059,"chain19.csv"
"5b70252c99982e000145ccf7",71,"609448_experiment_2024-02-08_14h51.46.190.csv",0.273600930992089,"chain20.csv"
"5b74411d95d7040001fed474",22,"757910_experiment_2024-02-08_14h52.12.996.csv",0.601633182667973,"chain21.csv"
"5b9b8570805e5d0001c61ad3",39,"086445_experiment_2024-02-08_14h44.46.473.csv",0.458456422780164,"chain22.csv"
"5bb62f1a3e969700019bd44d",4,"517324_experiment_2024-02-08_14h47.26.737.csv",0.901977798978046,"chain23.csv"
"5bc35acbe5fc0200012ab7c1",67,"389821_experiment_2024-02-08_14h49.25.047.csv",0.295815228102446,"chain24.csv"
"5bf671976c445d0001aea144",17,"916771_experiment_2024-02-08_14h42.44.280.csv",0.693802496163762,"chain25.csv"
"5bfd8910eed5280001ead1dd",48,"018061_experiment_2024-02-08_14h36.49.417.csv",0.391030754647921,"chain26.csv"
"5c16e65f11fe9a00013e13da",73,"166538_experiment_2024-02-08_14h47.18.897.csv",0.259826331799903,"chain27.csv"
"5c1a59395b2ab700015af793",6,"036614_experiment_2024-02-08_14h27.30.448.csv",0.835734045000795,"chain28.csv"
"5c4096cb4c67a0000183b529",92,"308520_experiment_2024-02-08_14h38.36.496.csv",0.1689999367618,"chain29.csv"
"5c5da3b159ec1d0001fe5606",47,"707686_experiment_2024-02-09_11h34.19.539.csv",0.400601796592524,"chain30.csv"
"5c67e30581ea8900018ae0d0",40,"230683_experiment_2024-02-08_14h44.33.960.csv",0.457228812843516,"chain31.csv"
"5c77d0f62cfc0000160c1958",29,"961010_experiment_2024-02-08_14h30.25.352.csv",0.552330644650898,"chain32.csv"
"5ca9f8926025570001c872f3",28,"372486_experiment_2024-02-08_14h46.41.066.csv",0.560351014355795,"chain33.csv"
"5cadd06b89f522001773575e",35,"710729_experiment_2024-02-08_14h27.11.071.csv",0.482548590842116,"chain34.csv"
"5d06743eac143b000118ce79",70,"316278_experiment_2024-02-08_14h44.51.447.csv",0.279194202880233,"chain35.csv"
"5d08c65a6bf345001a52f4b1",51,"471134_experiment_2024-02-09_11h31.23.091.csv",0.386966082465295,"chain36.csv"
"5d1aaa554d7eea00170c45c3",11,"463310_experiment_2024-02-08_14h31.49.209.csv",0.787178515135494,"chain37.csv"
"5d6fd7cf855c8c0018fbaa30",34,"335081_experiment_2024-02-08_14h49.29.643.csv",0.496207406221336,"chain38.csv"
"5d8a389701cba60001addee2",88,"095895_experiment_2024-02-08_14h39.19.697.csv",0.19459095473614,"chain39.csv"
"5dcdeac32357c40a03f4b0b5",1,"861327_experiment_2024-02-08_14h38.19.068.csv",1,"chain40.csv"
"5ddb3f65bca2e4a9cc5b9afc",78,"033254_experiment_2024-02-08_09h46.59.924.csv",0.245137907775281,"chain41.csv"
"5dded98ea4aa26f899702668",79,"049754_experiment_2024-02-08_14h51.45.635.csv",0.23812752358171,"chain42.csv"
"5de914249f631c037df09291",37,"434843_experiment_2024-02-08_09h40.59.105.csv",0.472688083238701,"chain43.csv"
"5e4e357d0b0f6f286f789349",41,"968252_experiment_2024-02-08_14h41.44.398.csv",0.456627407975563,"chain44.csv"
"5e5521580ee1b951df544c3c",13,"207730_experiment_2024-02-08_16h15.39.103.csv",0.782967066116565,"chain45.csv"
"5e613251c61ddf000ab30b91",64,"891960_experiment_2024-02-08_14h44.15.906.csv",0.324780469187478,"chain46.csv"
"5e6e876b9cf1954477c33ee6",63,"867255_experiment_2024-02-08_14h36.33.946.csv",0.334640976790893,"chain47.csv"
"5ea02bab250e2f03bb1ceb71",55,"035272_experiment_2024-02-08_14h43.33.373.csv",0.372685254838088,"chain48.csv"
"5ea0b2cbf710490ac2644b7e",96,"747789_experiment_2024-02-08_14h48.03.749.csv",0.141530984771974,"chain49.csv"
"5ea4250733ea9b021bb8b654",24,"429605_experiment_2024-02-08_14h44.27.572.csv",0.587644754796101,"chain50.csv"
"5eced49f680aa62e1e265eee",94,"027707_experiment_2024-02-08_14h31.46.617.csv",0.150354065748282,"chain51.csv"
"5ed42960727ce23e4d2802b6",16,"341686_experiment_2024-02-08_14h50.16.575.csv",0.714324698135572,"chain52.csv"
"5ed5742f3d96410f9b7e0c16",31,"800335_experiment_2024-02-08_14h35.04.837.csv",0.535264381491142,"chain53.csv"
"5ee55d2d0eccfc2a733ad0db",8,"394825_experiment_2024-02-08_14h47.04.056.csv",0.827287106669198,"chain54.csv"
"5ef367aa3b28ea0a3aad67ba",65,"162371_experiment_2024-02-08_14h38.23.694.csv",0.308297668016088,"chain55.csv"
"5ef7783026861249d8eb58ef",42,"133605_experiment_2024-02-08_15h31.00.849.csv",0.456160527880705,"chain56.csv"
"5f1419bee764c61e136008ed",38,"115500_experiment_2024-02-08_14h51.10.949.csv",0.469606674612633,"chain57.csv"
"5f2de4218462fd12f8aee07e",72,"280786_experiment_2024-02-08_14h33.18.073.csv",0.269670040566298,"chain58.csv"
"5f46c8088b2fcb08987eaf32",43,"178173_experiment_2024-02-08_14h44.05.805.csv",0.454644370871627,"chain59.csv"
"5f53be789fbb966fe0d97f07",83,"764639_experiment_2024-02-08_14h51.41.701.csv",0.227055795617919,"chain60.csv"
"5f6f2da91b5cc64887afd65d",75,"827484_experiment_2024-02-08_14h50.32.471.csv",0.253372173635574,"chain61.csv"
"5f7a4d05a8da636ab1802596",30,"873247_experiment_2024-02-08_14h30.30.059.csv",0.546765765987973,"chain62.csv"
"5f9298dccf7c640320716541",10,"809576_experiment_2024-02-09_03h33.03.412.csv",0.800739586198466,"chain63.csv"
"5fbe39bf0d0ce90a7eb0c791",61,"751693_experiment_2024-02-08_14h34.44.403.csv",0.337439228948618,"chain64.csv"
"5fd663588215d7567e027d5b",15,"208334_experiment_2024-02-08_14h39.28.525.csv",0.748782296134318,"chain65.csv"
"5fe2276cdfad15d6b6d28c73",99,"188757_experiment_2024-02-08_14h26.06.209.csv",0.0528618794096334,"chain66.csv"
"608981c1be83df6a5452398e",66,"369384_experiment_2024-02-08_09h16.57.272.csv",0.307549735237633,"chain67.csv"
"60df5e55e8cd8cf982579eb8",97,"670919_experiment_2024-02-08_14h27.36.368.csv",0.124901880783204,"chain68.csv"
"60f6f26526b89e4fa8540e9e",3,"428696_experiment_2024-02-08_14h46.11.492.csv",0.905594552255972,"chain69.csv"
"6101ab943961ab6022c9d969",57,"974381_experiment_2024-02-08_14h44.32.787.csv",0.365000960727722,"chain70.csv"
"611218c29a454f84484df681",36,"680361_experiment_2024-02-08_14h39.53.137.csv",0.476480586163091,"chain71.csv"
"6118c4ac97553df24b86ad9d",5,"704700_experiment_2024-02-08_14h50.09.676.csv",0.861561851848376,"chain72.csv"
"611bcaccd3e681f51ad322a1",86,"375553_experiment_2024-02-08_14h47.32.456.csv",0.213201041043572,"chain73.csv"
"61220ff954b4577ac82df3c1",87,"703341_experiment_2024-02-08_14h32.47.435.csv",0.21057166436601,"chain74.csv"
"6131f6711c0d96f6f1fb04af",62,"137286_experiment_2024-02-08_14h48.33.736.csv",0.335180223300454,"chain75.csv"
"613b8bc5f1c3fbea944a1810",76,"273071_experiment_2024-02-08_14h32.13.808.csv",0.253067686617187,"chain76.csv"
"6294b55e642b7f8a1bda0b19",58,"066184_experiment_2024-02-08_14h43.08.419.csv",0.346366295417751,"chain77.csv"
"62aa33eec600b41d4dc4b4e8",50,"608086_experiment_2024-02-08_14h46.11.197.csv",0.387178993865338,"chain78.csv"
"62c82d6d2a2f32bb8389dc30",25,"328006_experiment_2024-02-09_11h27.41.366.csv",0.586763088293514,"chain79.csv"
"62cfeab06cb6c36b80b91493",27,"415197_experiment_2024-02-08_14h32.58.760.csv",0.568289958987545,"chain80.csv"
"62e96ef588980690769f0b1f",14,"313207_experiment_2024-02-08_14h41.20.811.csv",0.76542190271508,"chain81.csv"
"62fb7b36fe604ebae1dcf410",49,"954525_experiment_2024-02-08_15h30.07.212.csv",0.388672533760625,"chain82.csv"
"6311ce49a8ff9e911cef73b5",91,"156603_experiment_2024-02-09_11h31.32.126.csv",0.174119921541392,"chain83.csv"
"63653f2df84868131e8d986f",81,"697673_experiment_2024-02-08_14h48.08.377.csv",0.236228703978039,"chain84.csv"
"63ce64468e117249c0da1922",26,"626483_experiment_2024-02-08_14h49.53.976.csv",0.585486314156553,"chain85.csv"
"63d13b9d237fce03faaae024",98,"258161_experiment_2024-02-08_15h22.50.185.csv",0.0681831690531583,"chain86.csv"
"63d7a100223f6750c377fbe2",80,"289754_experiment_2024-02-08_14h40.22.404.csv",0.236652182481957,"chain87.csv"
"63d7a55aac703039f14c6705",23,"186869_experiment_2024-02-08_14h35.12.228.csv",0.599969125262373,"chain88.csv"
"63ee65e3470c23cb401ca89a",54,"989040_experiment_2024-02-09_13h01.14.870.csv",0.374591280792357,"chain89.csv"
"63f8c22575a1b5631333e8d3",69,"882901_experiment_2024-02-08_14h45.54.623.csv",0.283181452735571,"chain90.csv"
"640b0dacfd4e5409173a562b",90,"041159_experiment_2024-02-08_15h39.28.336.csv",0.174458555594181,"chain91.csv"
"65182bd69dc832d0a266a94b",33,"016095_experiment_2024-02-08_14h37.00.452.csv",0.51213011365236,"chain92.csv"
"651aca89836317708d53cebd",60,"837128_experiment_2024-02-08_14h45.43.079.csv",0.338054229422844,"chain93.csv"
"658d953b59f8325cd49411fd",52,"868245_experiment_2024-02-08_15h52.02.002.csv",0.38510794661038,"chain94.csv"
"6597120223b6d0e96d6663a7",89,"696697_experiment_2024-02-08_14h32.57.282.csv",0.181109791997096,"chain95.csv"
"65980f73048d02626828cd2c",77,"670366_experiment_2024-02-08_09h43.56.690.csv",0.245597605099449,"chain96.csv"
"659817d80a3213cd1b4dced3",53,"476927_experiment_2024-02-08_14h45.01.469.csv",0.377875510128942,"chain97.csv"
"659c2509bc514e1255aee384",44,"745421_experiment_2024-02-09_11h27.18.420.csv",0.454523990285041,"chain98.csv"
"65bcf5f4bb0e97c27027be33",84,"840946_experiment_2024-02-08_14h35.02.196.csv",0.224877957942353,"chain99.csv"
