Submission id,Participant id,Status,Custom study tncs accepted at,Started at,Completed at,Reviewed at,Archived at,Time taken,Completion code,Total approvals,Fluent languages,Age,Sex,Ethnicity simplified,Country of birth,Country of residence,Nationality,Language,Student status,Employment status
65d47695c000a13166db0498,5ce7d1a01f9f370017ce903d,APPROVED,Not Applicable,2024-02-20T09:53:30.309000Z,2024-02-20T10:21:12.065000Z,2024-02-21T14:22:05.657000Z,2024-02-20T10:21:12.531734Z,1662.0,CDH5AM11,105,English,31,Female,White,United Kingdom,United Kingdom,United Kingdom,English,No,Full-Time
65d476a11373145896174f80,5a940f1f4eecca0001dd3181,APPROVED,Not Applicable,2024-02-20T09:53:47.681000Z,2024-02-20T10:22:51.818000Z,2024-02-21T14:21:45.572000Z,2024-02-20T10:22:52.779502Z,1745.0,CDH5AM11,166,English,28,Male,White,United Kingdom,United Kingdom,United Kingdom,English,Yes,DATA_EXPIRED
65d4771d553d13be0dfdd5a0,5d5ab7dd5c65830001b05441,APPROVED,Not Applicable,2024-02-20T09:55:48.369000Z,2024-02-20T10:29:49.481000Z,2024-02-21T14:22:06.010000Z,2024-02-20T10:29:50.041497Z,2042.0,CDH5AM11,594,English,36,Female,White,United Kingdom,United Kingdom,United Kingdom,English,No,Full-Time
65d4772c8fda8ab8698cb3d2,5f16124dcb01876719134508,APPROVED,Not Applicable,2024-02-20T09:56:01.676000Z,2024-02-20T10:27:17.232000Z,2024-02-21T14:21:45.975000Z,2024-02-20T10:27:17.747339Z,1876.0,CDH5AM11,962,English,53,Male,White,United Kingdom,United Kingdom,United Kingdom,English,No,Full-Time
65d47736d8f46848fbe78333,64a80dd34fd0539ee3761e6a,APPROVED,Not Applicable,2024-02-20T09:56:14.226000Z,2024-02-20T10:23:41.670000Z,2024-02-21T14:22:06.245000Z,2024-02-20T10:23:42.212902Z,1648.0,CDH5AM11,293,English,60,Female,White,United States,United States,United States,English,DATA_EXPIRED,DATA_EXPIRED
65d4775d6e1411c8ca4fdd3c,5c8d54044597c00001459b8a,APPROVED,Not Applicable,2024-02-20T09:57:33.240000Z,2024-02-20T10:23:20.254000Z,2024-02-21T14:22:06.483000Z,2024-02-20T10:23:20.697304Z,1548.0,CDH5AM11,442,English,26,Female,White,United Kingdom,United Kingdom,United Kingdom,English,Yes,DATA_EXPIRED
65d47798fad66f59fbdb08a8,5f91bfea8dd0a10787eb412b,APPROVED,Not Applicable,2024-02-20T09:58:02.329000Z,2024-02-20T10:30:15.496000Z,2024-02-21T14:22:06.699000Z,2024-02-20T10:30:16.085884Z,1934.0,CDH5AM11,95,"Arabic, English",34,Female,Other,Libya,United Kingdom,United Kingdom,Arabic,No,Part-Time
65d477a888d3d321ec1d56d7,5869950b8596530001079aba,APPROVED,Not Applicable,2024-02-20T09:58:07.486000Z,2024-02-20T10:32:05.852000Z,2024-02-21T14:21:46.215000Z,2024-02-20T10:32:06.351372Z,2039.0,CDH5AM11,696,"English, Urdu",36,Male,Asian,United Kingdom,United Kingdom,United Kingdom,Urdu,DATA_EXPIRED,DATA_EXPIRED
65d477b064928498c5ba8222,63f797758624579b021b277d,APPROVED,Not Applicable,2024-02-20T09:58:12.132000Z,2024-02-20T10:25:57.553000Z,2024-02-21T14:22:06.939000Z,2024-02-20T10:25:58.155835Z,1666.0,CDH5AM11,199,"Afrikaans, English",42,Female,Mixed,South Africa,United Kingdom,South Africa,English,Yes,DATA_EXPIRED
65d477bd43465d257ff8c4c4,612cb8ab5ad60fc4504e073f,APPROVED,Not Applicable,2024-02-20T09:58:58.235000Z,2024-02-20T10:43:49.300000Z,2024-02-21T14:22:07.185000Z,2024-02-20T10:43:49.716456Z,2692.0,CDH5AM11,1285,"Lithuanian, English",29,Female,White,Lithuania,United Kingdom,Lithuania,Lithuanian,Yes,Part-Time
65d477c863fad2a70bb04b94,5c2f5dd99024a9000198f3da,APPROVED,Not Applicable,2024-02-20T09:58:38.003000Z,2024-02-20T10:31:08.002000Z,2024-02-21T14:21:46.485000Z,2024-02-20T10:31:08.521655Z,1950.0,CDH5AM11,133,"English, Hungarian",28,Male,White,Hungary,United Kingdom,Hungary,Hungarian,No,Full-Time
65d477df3412b70f9e175108,59576c11b42ee50001e8ee7a,APPROVED,Not Applicable,2024-02-20T09:59:05.779000Z,2024-02-20T10:26:54.812000Z,2024-02-21T14:22:07.436000Z,2024-02-20T10:26:55.313859Z,1670.0,CDH5AM11,814,English,40,Female,White,United Kingdom,United Kingdom,United Kingdom,English,DATA_EXPIRED,Part-Time
65d477f8462fadeb6fa7b3a1,6447a143dfb41b220fde10db,APPROVED,Not Applicable,2024-02-20T09:59:25.038000Z,2024-02-20T10:26:21.512000Z,2024-02-21T14:22:07.674000Z,2024-02-20T10:26:21.975409Z,1617.0,CDH5AM11,126,English,32,Female,White,United Kingdom,United Kingdom,United Kingdom,English,No,Part-Time
65d47825d8f46848fbe78362,5dc860e9dcc83f5d2d85ec67,APPROVED,Not Applicable,2024-02-20T10:00:54.817000Z,2024-02-20T10:17:00.313000Z,2024-02-21T14:22:07.924000Z,2024-02-20T10:17:00.766932Z,966.0,C16EH9UF,1317,English,42,Female,White,United Kingdom,United Kingdom,United Kingdom,English,No,Full-Time
65d47830cf0b151419bc9e99,5dea5762b3adb2175d6ccae0,APPROVED,Not Applicable,2024-02-20T10:00:21.372000Z,2024-02-20T10:47:09.526000Z,2024-02-21T14:21:46.766000Z,2024-02-20T10:47:10.115201Z,2809.0,CDH5AM11,602,"English, Portuguese, French",32,Male,White,Brazil,United Kingdom,Portugal,Portuguese,No,Full-Time
65d4783aaeaf9a3a945ec416,63e52c5f3f35059ca0272e19,APPROVED,Not Applicable,2024-02-20T10:00:39.073000Z,2024-02-20T10:26:21.707000Z,2024-02-21T14:21:47.035000Z,2024-02-20T10:26:22.519670Z,1543.0,CDH5AM11,663,"English, French",42,Male,White,United Kingdom,United Kingdom,United Kingdom,English,DATA_EXPIRED,DATA_EXPIRED
65d4783d5cd5a336d1dd3c13,5d4551340196ac0001b914a5,APPROVED,Not Applicable,2024-02-20T10:00:29.297000Z,2024-02-20T10:45:35.360000Z,2024-02-21T14:22:08.197000Z,2024-02-20T10:45:36.363893Z,2707.0,CDH5AM11,1497,English,49,Female,White,United Kingdom,United Kingdom,United Kingdom,English,No,Part-Time
65d4786efb2072a173b04d6b,603caacf4df9d7a63fc5b6ed,APPROVED,Not Applicable,2024-02-20T10:04:02.232000Z,2024-02-20T10:29:54.228000Z,2024-02-21T14:22:08.440000Z,2024-02-20T10:29:54.746046Z,1552.0,CDH5AM11,274,English,33,Female,White,United Kingdom,United Kingdom,United Kingdom,English,No,"Not in paid work (e.g. homemaker', 'retired or disabled)"
65d4787864928498c5ba8257,650d6289153fb98158a6588c,APPROVED,Not Applicable,2024-02-20T10:01:50.800000Z,2024-02-20T10:36:23.193000Z,2024-02-21T14:22:08.677000Z,2024-02-20T10:36:23.802787Z,2073.0,CDH5AM11,175,"Arabic, English, Italian, Spanish",25,Female,Other,Italy,United Kingdom,Italy,Italian,Yes,Part-Time
65d4787b525090db28e511cf,6110e05be57a58fddd8aadef,APPROVED,Not Applicable,2024-02-20T10:01:38.550000Z,2024-02-20T10:32:35.626000Z,2024-02-21T14:21:47.316000Z,2024-02-20T10:32:36.072576Z,1858.0,CDH5AM11,632,English,30,Male,White,United Kingdom,United Kingdom,United Kingdom,English,DATA_EXPIRED,DATA_EXPIRED
65d47889b3dce5d5f0a7b2ab,63e4bb5f5db4ae5ba8d51578,APPROVED,Not Applicable,2024-02-20T10:01:48.954000Z,2024-02-20T10:29:39.806000Z,2024-02-21T14:21:47.599000Z,2024-02-20T10:29:40.277150Z,1671.0,CDH5AM11,412,English,30,Male,White,United Kingdom,United Kingdom,United Kingdom,English,No,Part-Time
65d47889d30d037e3dd60d55,59510e88ca6e670001b2c704,APPROVED,Not Applicable,2024-02-20T10:01:51.153000Z,2024-02-20T10:32:23.575000Z,2024-02-21T14:22:08.907000Z,2024-02-20T10:32:24.486853Z,1833.0,CDH5AM11,558,English,36,Female,White,United Kingdom,United Kingdom,United Kingdom,English,No,Part-Time
65d4788eadf487bbf9ba8331,656c8a480525e1de524dd3fc,APPROVED,Not Applicable,2024-02-20T10:01:54.958000Z,2024-02-20T10:31:53.109000Z,2024-02-21T14:22:09.146000Z,2024-02-20T10:31:53.764135Z,1799.0,CDH5AM11,57,English,66,Female,White,United Kingdom,United Kingdom,United Kingdom,English,No,"Not in paid work (e.g. homemaker', 'retired or disabled)"
65d4789bcf0b151419bc9eb6,57a1229616a091000112e9a9,APPROVED,Not Applicable,2024-02-20T10:03:15.626000Z,2024-02-20T10:49:55.934000Z,2024-02-21T14:22:09.390000Z,2024-02-20T10:49:56.447178Z,2801.0,CDH5AM11,446,English,53,Female,White,United Kingdom,United Kingdom,United Kingdom,English,No,"Not in paid work (e.g. homemaker', 'retired or disabled)"
65d478af4a964d2ac981bc42,57dfd6a98e00270001b437a4,APPROVED,Not Applicable,2024-02-20T10:02:26.843000Z,2024-02-20T10:31:02.148000Z,2024-02-21T14:21:47.857000Z,2024-02-20T10:31:02.642381Z,1716.0,CDH5AM11,1139,"English, French",61,Male,White,United Kingdom,United Kingdom,United Kingdom,English,DATA_EXPIRED,DATA_EXPIRED
65d478b193237057a481bb58,5ccd7fc50471b600175910a3,APPROVED,Not Applicable,2024-02-20T10:02:32.494000Z,2024-02-20T10:31:14.342000Z,2024-02-21T14:21:48.100000Z,2024-02-20T10:31:14.859576Z,1722.0,CDH5AM11,490,English,38,Male,Asian,United Kingdom,United Kingdom,United Kingdom,English,DATA_EXPIRED,DATA_EXPIRED
65d478b362619129b1bb4a35,629f7a9685bc9e5be8bf83e7,APPROVED,Not Applicable,2024-02-20T10:02:33.303000Z,2024-02-20T10:32:22.260000Z,2024-02-21T14:22:09.640000Z,2024-02-20T10:32:22.809789Z,1789.0,CDH5AM11,332,English,36,Female,White,United Kingdom,United Kingdom,United Kingdom,English,DATA_EXPIRED,DATA_EXPIRED
65d478bb1eea700757b8b0c6,5da57bdaca1b86001770b13d,APPROVED,Not Applicable,2024-02-20T10:02:41.091000Z,2024-02-20T10:40:23.245000Z,2024-02-21T14:22:09.878000Z,2024-02-20T10:40:23.667395Z,2263.0,CDH5AM11,649,English,36,Female,White,United Kingdom,United Kingdom,United Kingdom,English,Yes,"Not in paid work (e.g. homemaker', 'retired or disabled)"
65d478c66a97da21378ea7c6,5b490405bc06c90001f8d6a5,APPROVED,Not Applicable,2024-02-20T10:04:04.598000Z,2024-02-20T10:34:10.249000Z,2024-02-21T14:21:48.359000Z,2024-02-20T10:34:10.744999Z,1806.0,CDH5AM11,1414,English,55,Male,White,United Kingdom,United Kingdom,United Kingdom,English,No,"Not in paid work (e.g. homemaker', 'retired or disabled)"
65d478ca1c58723c101f5c8a,5ded6bf963c5794306e7b75a,APPROVED,Not Applicable,2024-02-20T10:02:57.651000Z,2024-02-20T10:31:49.345000Z,2024-02-21T14:22:10.119000Z,2024-02-20T10:31:50.190551Z,1732.0,CDH5AM11,445,English,40,Female,White,United Kingdom,United Kingdom,United Kingdom,English,DATA_EXPIRED,Full-Time
65d478d4d4f47de339d33bd8,597dda62aac45000016f1a7e,APPROVED,Not Applicable,2024-02-20T10:03:04.276000Z,2024-02-20T10:28:35.227000Z,2024-02-21T14:22:10.357000Z,2024-02-20T10:28:35.763364Z,1531.0,CDH5AM11,551,English,29,Female,White,United Kingdom,United Kingdom,United Kingdom,English,No,"Not in paid work (e.g. homemaker', 'retired or disabled)"
65d478e477a8577e03e68ab1,60801d41792a374c6f167dce,APPROVED,Not Applicable,2024-02-20T10:03:31.306000Z,2024-02-20T10:30:43.927000Z,2024-02-21T14:22:10.600000Z,2024-02-20T10:30:44.545747Z,1633.0,CDH5AM11,163,English,41,Female,White,Canada,United Kingdom,Canada,English,No,Full-Time
65d478eae71c31ba794fddfc,5b39fe0206f9f90001fb91c8,APPROVED,Not Applicable,2024-02-20T10:12:41.968000Z,2024-02-20T11:10:34.280000Z,2024-02-21T14:21:48.626000Z,2024-02-20T11:10:34.799107Z,3473.0,CDH5AM11,383,"Dutch, German, English",28,Male,White,Netherlands,United Kingdom,Netherlands,Dutch,DATA_EXPIRED,DATA_EXPIRED
65d478eccf0b151419bc9ed0,5c1b927f3c08ba000171621a,APPROVED,Not Applicable,2024-02-20T10:03:27.280000Z,2024-02-20T10:32:59.506000Z,2024-02-21T14:22:10.831000Z,2024-02-20T10:33:00.037179Z,1773.0,CDH5AM11,687,English,53,Female,White,United Kingdom,United Kingdom,United Kingdom,English,No,Part-Time
65d478f153d7cf61813a4059,6568e5aff86b9b0b85174d6c,APPROVED,Not Applicable,2024-02-20T10:03:42.909000Z,2024-02-20T10:29:26.536000Z,2024-02-21T14:22:11.070000Z,2024-02-20T10:29:26.991640Z,1544.0,CDH5AM11,2,"English, Turkish",32,Female,White,Turkey,United Kingdom,Turkey,Turkish,No,Full-Time
65d47924aeaf9a3a945ec474,5c56cab6acd2d70001ceae40,APPROVED,Not Applicable,2024-02-20T10:04:27.185000Z,2024-02-20T10:36:05.650000Z,2024-02-21T14:22:11.313000Z,2024-02-20T10:36:06.673391Z,1899.0,CDH5AM11,790,English,44,Female,White,United Kingdom,United Kingdom,United Kingdom,English,DATA_EXPIRED,DATA_EXPIRED
65d479370fc4e7ba82cd773b,5f0b339b48213f430a2e548d,APPROVED,Not Applicable,2024-02-20T10:04:39.887000Z,2024-02-20T10:39:03.214000Z,2024-02-21T14:21:48.905000Z,2024-02-20T10:39:03.800792Z,2064.0,CDH5AM11,1964,English,37,Male,White,United Kingdom,United Kingdom,United Kingdom,English,No,Full-Time
65d4793f02c63da1d681bdea,591f429240c1b400019a2c5e,APPROVED,Not Applicable,2024-02-20T10:05:15.258000Z,2024-02-20T10:33:07.754000Z,2024-02-21T14:22:12.147000Z,2024-02-20T10:33:08.369184Z,1673.0,CDH5AM11,897,English,53,Female,White,United Kingdom,United Kingdom,United Kingdom,English,Yes,Full-Time
65d479500d10231deac99f23,651af64eeab2e9f1c4ecd3b2,APPROVED,Not Applicable,2024-02-20T10:06:43.140000Z,2024-02-20T10:37:54.533000Z,2024-02-21T14:21:49.215000Z,2024-02-20T10:37:55.220939Z,1872.0,CDH5AM11,292,English,48,Male,White,United Kingdom,United Kingdom,United Kingdom,English,No,"Not in paid work (e.g. homemaker', 'retired or disabled)"
65d4796353d7cf61813a4072,5c35f95a4bbda70001fa2a42,APPROVED,Not Applicable,2024-02-20T10:05:59.715000Z,2024-02-20T10:33:22.208000Z,2024-02-21T14:22:12.408000Z,2024-02-20T10:33:22.725405Z,1643.0,CDH5AM11,1755,English,50,Female,White,United Kingdom,United Kingdom,United Kingdom,English,No,Full-Time
65d47968d8f46848fbe783d5,5a143884bd04860001b01123,APPROVED,Not Applicable,2024-02-20T10:05:31.631000Z,2024-02-20T10:29:39.638000Z,2024-02-21T14:22:12.649000Z,2024-02-20T10:29:40.159827Z,1449.0,CDH5AM11,1457,English,53,Female,Mixed,United Kingdom,United Kingdom,United Kingdom,English,No,Part-Time
65d4796a137314589617502b,62c690bd3701ba42c5d52a4c,APPROVED,Not Applicable,2024-02-20T10:05:33.638000Z,2024-02-20T10:31:27.109000Z,2024-02-21T14:21:49.453000Z,2024-02-20T10:31:27.576601Z,1554.0,CDH5AM11,490,English,34,Male,White,United Kingdom,United Kingdom,United Kingdom,English,DATA_EXPIRED,DATA_EXPIRED
65d4797095c0dc4edf271374,5f3146c0e8a9536043a627d4,APPROVED,Not Applicable,2024-02-20T10:05:40.210000Z,2024-02-20T10:31:01.362000Z,2024-02-21T14:22:12.875000Z,2024-02-20T10:31:02.379744Z,1522.0,CDH5AM11,551,English,50,Female,White,United Kingdom,United Kingdom,United Kingdom,English,No,Full-Time
65d4797f6a97da21378ea7eb,64399fba4898055839d9f069,APPROVED,Not Applicable,2024-02-20T10:06:01.771000Z,2024-02-20T10:40:22.603000Z,2024-02-21T14:22:13.117000Z,2024-02-20T10:40:23.260750Z,2061.0,CDH5AM11,266,English,54,Female,White,United Kingdom,United Kingdom,United Kingdom,English,No,Part-Time
65d47989188fe6e35fc0a862,644ac4fca1359a25ea5cea3f,APPROVED,Not Applicable,2024-02-20T10:06:29.771000Z,2024-02-20T10:31:12.564000Z,2024-02-21T14:22:13.356000Z,2024-02-20T10:31:13.168283Z,1483.0,CDH5AM11,187,English,48,Female,White,United Kingdom,United Kingdom,United Kingdom,English,DATA_EXPIRED,DATA_EXPIRED
65d479a1418961e04ada8012,62349ad9663d3c46fc1219cc,APPROVED,Not Applicable,2024-02-20T10:06:32.568000Z,2024-02-20T10:41:37.226000Z,2024-02-21T14:21:49.727000Z,2024-02-20T10:41:37.676757Z,2105.0,CDH5AM11,429,English,46,Male,White,United Kingdom,United Kingdom,United Kingdom,English,No,"Not in paid work (e.g. homemaker', 'retired or disabled)"
65d479bccf0b151419bc9f0d,5d669e47344fd6001dd7b3cb,APPROVED,Not Applicable,2024-02-20T10:06:58.587000Z,2024-02-20T10:31:24.394000Z,2024-02-21T14:22:13.595000Z,2024-02-20T10:31:24.887480Z,1466.0,CDH5AM11,312,English,41,Female,White,United Kingdom,United Kingdom,United Kingdom,English,No,Part-Time
65d479c41eea700757b8b129,5d18cbfe32f2d00001a53438,APPROVED,Not Applicable,2024-02-20T10:07:12.895000Z,2024-02-20T10:40:41.430000Z,2024-02-21T14:21:49.974000Z,2024-02-20T10:40:41.961898Z,2009.0,CDH5AM11,180,English,41,Male,White,United Kingdom,United Kingdom,United Kingdom,English,No,"Not in paid work (e.g. homemaker', 'retired or disabled)"
65d479cc62619129b1bb4a5d,59107abbfe518b00016bce9f,APPROVED,Not Applicable,2024-02-20T10:07:16.336000Z,2024-02-20T10:42:14.559000Z,2024-02-21T14:22:13.829000Z,2024-02-20T10:42:15.199744Z,2099.0,CDH5AM11,1207,English,64,Female,White,United Kingdom,United Kingdom,United Kingdom,English,No,Part-Time
65d479d512a7240f85a7b6e1,57faccc03073510001230cfc,APPROVED,Not Applicable,2024-02-20T10:07:24.032000Z,2024-02-20T10:35:09.083000Z,2024-02-21T14:22:14.071000Z,2024-02-20T10:35:09.722243Z,1666.0,CDH5AM11,366,English,53,Female,White,United Kingdom,United Kingdom,United Kingdom,English,No,Part-Time
65d479da553d13be0dfdd638,6015966a246e51095f2235e7,APPROVED,Not Applicable,2024-02-20T10:08:02.135000Z,2024-02-20T10:41:29.407000Z,2024-02-21T14:22:14.330000Z,2024-02-20T10:41:29.871660Z,2008.0,CDH5AM11,761,English,40,Female,Black,United Kingdom,United Kingdom,United Kingdom,English,DATA_EXPIRED,DATA_EXPIRED
65d479e2418961e04ada8028,613e454dca2db9fcef1f8e8d,APPROVED,Not Applicable,2024-02-20T10:07:36.421000Z,2024-02-20T10:44:10.274000Z,2024-02-21T14:22:14.574000Z,2024-02-20T10:44:10.882007Z,2194.0,CDH5AM11,106,English,42,Female,White,United Kingdom,United Kingdom,United Kingdom,English,No,"Not in paid work (e.g. homemaker', 'retired or disabled)"
65d479ff525090db28e5122b,63d43446030622d06df567b6,APPROVED,Not Applicable,2024-02-20T10:08:08.316000Z,2024-02-20T10:38:19.600000Z,2024-02-21T14:21:50.208000Z,2024-02-20T10:38:20.350959Z,1812.0,CDH5AM11,447,English,43,Male,White,United Kingdom,United Kingdom,United Kingdom,English,No,Full-Time
65d47a145da02a22e951ad9a,5af2c69986e4d20001a024e1,APPROVED,Not Applicable,2024-02-20T10:08:34.480000Z,2024-02-20T10:39:25.356000Z,2024-02-21T14:22:14.813000Z,2024-02-20T10:39:25.886472Z,1851.0,CDH5AM11,771,English,31,Female,White,United Kingdom,United Kingdom,United Kingdom,English,No,Part-Time
65d47a158114c178657f3046,5c3a57328573720001af76be,APPROVED,Not Applicable,2024-02-20T10:10:31.165000Z,2024-02-20T10:38:31.233000Z,2024-02-21T14:22:15.045000Z,2024-02-20T10:38:31.712876Z,1681.0,CDH5AM11,2323,English,42,Female,White,United Kingdom,United Kingdom,United Kingdom,English,No,DATA_EXPIRED
65d47a189b62fb8b2ff8c5d2,63ceea61a4a9d139cdbeaca7,APPROVED,Not Applicable,2024-02-20T10:08:29.933000Z,2024-02-20T10:35:58.145000Z,2024-02-21T14:22:15.299000Z,2024-02-20T10:35:58.658868Z,1649.0,CDH5AM11,323,English,45,Female,White,United Kingdom,United Kingdom,United Kingdom,English,DATA_EXPIRED,DATA_EXPIRED
65d47a1dadf487bbf9ba837e,5c561712f9120f0001d29c4d,APPROVED,Not Applicable,2024-02-20T10:08:39.452000Z,2024-02-20T10:39:58.988000Z,2024-02-21T14:22:15.566000Z,2024-02-20T10:39:59.494380Z,1880.0,CDH5AM11,637,English,29,Female,White,United Kingdom,United Kingdom,United Kingdom,English,No,Full-Time
65d47a22d30d037e3dd60d82,6427267340613377f7d8bf8b,APPROVED,Not Applicable,2024-02-20T10:08:39.208000Z,2024-02-20T10:39:31.089000Z,2024-02-21T14:21:50.454000Z,2024-02-20T10:39:31.629101Z,1852.0,CDH5AM11,238,English,49,Male,White,United Kingdom,United Kingdom,United Kingdom,English,No,Full-Time
65d47a2493237057a481bbb5,5d1dddf22a76c70019a43cfc,APPROVED,Not Applicable,2024-02-20T10:08:41.625000Z,2024-02-20T10:37:55.326000Z,2024-02-21T14:21:50.702000Z,2024-02-20T10:37:55.795801Z,1754.0,CDH5AM11,1345,English,55,Male,White,United Kingdom,United Kingdom,United Kingdom,English,No,DATA_EXPIRED
65d47a2cc2790e5691e68aad,5e3e14086704e80977b7d715,APPROVED,Not Applicable,2024-02-20T10:09:17.545000Z,2024-02-20T10:40:35.498000Z,2024-02-21T14:22:15.799000Z,2024-02-20T10:40:35.981671Z,1878.0,CDH5AM11,1296,English,35,Female,White,United Kingdom,United Kingdom,United Kingdom,English,No,Full-Time
65d47a2fd4f47de339d33c15,657c8527ff457717fd7c50e7,APPROVED,Not Applicable,2024-02-20T10:08:50.842000Z,2024-02-20T10:41:54.855000Z,2024-02-21T14:22:16.046000Z,2024-02-20T10:41:55.447240Z,1985.0,CDH5AM11,195,English,28,Female,White,United States,United States,United States,English,No,Full-Time
65d47a3653d7cf61813a4130,59f99e8305d1d60001f1484b,APPROVED,Not Applicable,2024-02-20T10:08:58.429000Z,2024-02-20T10:47:16.499000Z,2024-02-21T14:21:50.931000Z,2024-02-20T10:47:17.032609Z,2299.0,CDH5AM11,2357,English,56,Male,White,United Kingdom,United Kingdom,United Kingdom,English,No,Full-Time
65d47a3cb6c759c30b1d5982,644a8c25f747d73d9828bee3,APPROVED,Not Applicable,2024-02-20T10:09:05.135000Z,2024-02-20T10:37:05.194000Z,2024-02-21T14:22:16.297000Z,2024-02-20T10:37:05.751494Z,1681.0,CDH5AM11,284,English,22,Female,White,United Kingdom,United Kingdom,United Kingdom,English,DATA_EXPIRED,Full-Time
65d47a3e2e2cb9fe62c99e29,5c98c51774cc7f0001e67c8c,APPROVED,Not Applicable,2024-02-20T10:09:24.845000Z,2024-02-20T10:42:24.642000Z,2024-02-21T14:22:16.538000Z,2024-02-20T10:42:25.167759Z,1980.0,CDH5AM11,2133,English,50,Female,White,United Kingdom,United Kingdom,United Kingdom,English,DATA_EXPIRED,DATA_EXPIRED
65d47a43d1d53813bebc9d5d,5943ddbff8bfc00001985d47,APPROVED,Not Applicable,2024-02-20T10:14:28.930000Z,2024-02-20T10:44:41.396000Z,2024-02-21T14:21:51.149000Z,2024-02-20T10:44:41.850649Z,1813.0,C16EH9UF,1851,"English, Romanian",44,Male,White,Romania,United Kingdom,Romania,Romanian,No,Full-Time
65d47a447c1f738a5e96aa4d,578072b0c6144900014a0471,APPROVED,Not Applicable,2024-02-20T10:13:33.527000Z,2024-02-20T10:59:09.882000Z,2024-02-21T14:21:51.399000Z,2024-02-20T10:59:10.345136Z,2737.0,CDH5AM11,1555,English,32,Male,Mixed,United States,United States,United States,English,DATA_EXPIRED,DATA_EXPIRED
65d47a45af91960c991f5a95,65776d1309a55e22dcbd0e31,APPROVED,Not Applicable,2024-02-20T10:09:18.349000Z,2024-02-20T10:36:04.773000Z,2024-02-21T14:21:51.636000Z,2024-02-20T10:36:05.311402Z,1607.0,CDH5AM11,23,"English, French",38,Male,Mixed,United Kingdom,United Kingdom,United Kingdom,English,No,Full-Time
65d47a5c1c58723c101f5cec,5e0f8dae500f066a1d2f93ed,APPROVED,Not Applicable,2024-02-20T10:09:39.123000Z,2024-02-20T10:38:32.394000Z,2024-02-21T14:22:16.768000Z,2024-02-20T10:38:33.054218Z,1734.0,CDH5AM11,696,English,38,Female,White,United Kingdom,United Kingdom,United Kingdom,English,DATA_EXPIRED,DATA_EXPIRED
65d47a6743465d257ff8c53b,5994c8c2004c4f0001cc84a0,APPROVED,Not Applicable,2024-02-20T10:09:48.512000Z,2024-02-20T10:39:04.452000Z,2024-02-21T14:22:16.999000Z,2024-02-20T10:39:04.938219Z,1756.0,CDH5AM11,158,English,35,Female,White,United Kingdom,United Kingdom,United Kingdom,English,No,"Not in paid work (e.g. homemaker', 'retired or disabled)"
65d47a6a8114c178657f3057,601ac0440ae554365a73246b,APPROVED,Not Applicable,2024-02-20T10:09:53.044000Z,2024-02-20T10:35:54.984000Z,2024-02-21T14:22:17.259000Z,2024-02-20T10:35:55.867529Z,1562.0,CDH5AM11,289,English,28,Female,White,United Kingdom,United Kingdom,United Kingdom,English,No,Full-Time
65d47a838f4ba93fa13a4140,5d270f5b1f68140019729a94,APPROVED,Not Applicable,2024-02-20T10:10:20.902000Z,2024-02-20T10:47:23.010000Z,2024-02-21T14:22:17.534000Z,2024-02-20T10:47:23.495119Z,2223.0,CDH5AM11,723,English,45,Female,White,United Kingdom,United Kingdom,United Kingdom,English,No,Full-Time
65d47a9737785c4af35dac40,60cd0ca27459afeb46a86b69,APPROVED,Not Applicable,2024-02-20T10:10:36.553000Z,2024-02-20T10:38:39.456000Z,2024-02-21T14:22:17.840000Z,2024-02-20T10:38:39.991554Z,1683.0,CDH5AM11,410,English,29,Female,White,United Kingdom,United Kingdom,United Kingdom,English,No,Full-Time
65d47a9eb6c759c30b1d59a4,6381ef78b1a4963aad7e8d52,APPROVED,Not Applicable,2024-02-20T10:10:48.465000Z,2024-02-20T10:45:13.830000Z,2024-02-21T14:22:18.128000Z,2024-02-20T10:45:14.325374Z,2066.0,CDH5AM11,425,English,59,Female,White,United Kingdom,United Kingdom,United Kingdom,English,No,Part-Time
65d47aa2b6c759c30b1d59a5,5c129cc7ba99dc0001f0b628,APPROVED,Not Applicable,2024-02-20T10:10:45.039000Z,2024-02-20T10:38:43.116000Z,2024-02-21T14:22:18.430000Z,2024-02-20T10:38:44.012953Z,1679.0,CDH5AM11,1820,"Spanish, English, French",65,Female,White,United Kingdom,United Kingdom,United Kingdom,English,No,"Not in paid work (e.g. homemaker', 'retired or disabled)"
65d47aa8b6914b0772d6d346,5c0ef6f765217a00014ef3bf,APPROVED,Not Applicable,2024-02-20T10:11:00.260000Z,2024-02-20T10:40:42.024000Z,2024-02-21T14:22:18.707000Z,2024-02-20T10:40:42.495679Z,1782.0,CDH5AM11,66,"English, Urdu",29,Female,Asian,United Kingdom,United Kingdom,United Kingdom,English,No,Part-Time
65d47aabaf91960c991f5aab,65cde6d1952117d1802a788b,APPROVED,Not Applicable,2024-02-20T10:11:48.696000Z,2024-02-20T10:55:23.832000Z,2024-02-21T14:21:52.290000Z,2024-02-20T10:55:24.678969Z,2616.0,CDH5AM11,1,English,29,Male,White,United States,United States,United States,English,No,Full-Time
65d47aad53d7cf61813a4149,5d42cf5669717700013c822f,APPROVED,Not Applicable,2024-02-20T10:11:01.137000Z,2024-02-20T10:41:18.181000Z,2024-02-21T14:21:52.526000Z,2024-02-20T10:41:18.756217Z,1818.0,CDH5AM11,1315,English,44,Male,White,United Kingdom,United Kingdom,United Kingdom,English,No,Full-Time
65d47aaf62619129b1bb4a7e,615eda024a5f84f408625b4f,APPROVED,Not Applicable,2024-02-20T10:11:05.907000Z,2024-02-20T10:53:53.122000Z,2024-02-21T14:21:52.825000Z,2024-02-20T10:53:53.865016Z,2568.0,CDH5AM11,1170,English,33,Male,White,United Kingdom,United Kingdom,United Kingdom,English,DATA_EXPIRED,DATA_EXPIRED
65d47aaf9b708ed56f7f344b,62b05fdedd70cd33ea6afbd2,APPROVED,Not Applicable,2024-02-20T10:11:02.350000Z,2024-02-20T10:43:16.965000Z,2024-02-21T14:22:18.967000Z,2024-02-20T10:43:17.462861Z,1935.0,CDH5AM11,605,"English, Lithuanian, Russian",39,Female,White,Lithuania,United Kingdom,Lithuania,English,DATA_EXPIRED,DATA_EXPIRED
65d47ac488d3d321ec1d5779,65d342ec32c9d4d305d50cb6,APPROVED,Not Applicable,2024-02-20T10:11:16.860000Z,2024-02-20T10:56:43.594000Z,2024-02-21T14:21:53.074000Z,2024-02-20T10:56:44.149693Z,2727.0,CDH5AM11,2,English,52,Male,Black,United Kingdom,United Kingdom,United Kingdom,English,No,Full-Time
65d47ace6a9f76605e8cb73d,65a71e97ef9e5d465ec074ef,APPROVED,Not Applicable,2024-02-20T10:11:33.524000Z,2024-02-20T10:45:51.613000Z,2024-02-21T14:22:19.211000Z,2024-02-20T10:45:52.299418Z,2059.0,CDH5AM11,43,"Ukrainian, Russian, English",22,Female,White,Ukraine,United States,Ukraine,Ukrainian,No,Unemployed (and job seeking)
65d47acf9b708ed56f7f3451,5fc00a11268eb941e7d8b066,APPROVED,Not Applicable,2024-02-20T10:11:27.048000Z,2024-02-20T11:12:55.164000Z,2024-02-21T14:21:53.370000Z,2024-02-20T11:12:55.726459Z,3689.0,CDH5AM11,1082,English,25,Male,Mixed,United Kingdom,United Kingdom,United Kingdom,English,No,"Not in paid work (e.g. homemaker', 'retired or disabled)"
65d47ad093237057a481bbe7,60ce179aa6f645eb5543c20e,APPROVED,Not Applicable,2024-02-20T10:15:53.840000Z,2024-02-20T10:45:20.799000Z,2024-02-21T14:22:19.483000Z,2024-02-20T10:45:21.272285Z,1767.0,CDH5AM11,343,English,37,Female,White,United Kingdom,United Kingdom,United Kingdom,English,No,Full-Time
65d47ae15b0dfe60a5d60f35,63d995318ff7e30e9dc879a2,APPROVED,Not Applicable,2024-02-20T10:11:49.933000Z,2024-02-20T10:40:52.673000Z,2024-02-21T14:21:53.615000Z,2024-02-20T10:40:53.482514Z,1743.0,CDH5AM11,162,"English, Lithuanian",22,Male,White,Lithuania,United Kingdom,Lithuania,English,No,Full-Time
65d47ae5d6cea3976bbb4d4f,5fb257485cb2bb7ed84c2637,APPROVED,Not Applicable,2024-02-20T10:11:55.150000Z,2024-02-20T10:39:55.198000Z,2024-02-21T14:21:53.861000Z,2024-02-20T10:39:55.766252Z,1681.0,CDH5AM11,85,"Swedish, English",51,Male,White,Sweden,United Kingdom,Sweden,Swedish,No,Full-Time
65d47aef5cd5a336d1dd3ce9,60d9a0d345504b76c6fb29f6,APPROVED,Not Applicable,2024-02-20T10:12:03.565000Z,2024-02-20T10:52:04.490000Z,2024-02-21T14:22:19.724000Z,2024-02-20T10:52:04.948662Z,2401.0,CDH5AM11,975,"English, Japanese, Lithuanian, Russian",31,Female,White,Lithuania,United Kingdom,Lithuania,Lithuanian,Yes,Other
65d47afd057a6ad8cdd33e87,5e9c4d6f80400c000ae44d9f,APPROVED,Not Applicable,2024-02-20T10:12:26.227000Z,2024-02-20T10:42:53.965000Z,2024-02-21T14:21:54.116000Z,2024-02-20T10:42:54.452780Z,1828.0,CDH5AM11,1099,English,61,Male,White,United Kingdom,United Kingdom,United Kingdom,English,No,"Not in paid work (e.g. homemaker', 'retired or disabled)"
65d47afe3412b70f9e1751d9,5f85a45f06a86a03173750e6,APPROVED,Not Applicable,2024-02-20T10:12:19.046000Z,2024-02-20T10:41:44.359000Z,2024-02-21T14:21:54.360000Z,2024-02-20T10:41:44.846475Z,1766.0,CDH5AM11,599,English,37,Male,White,United Kingdom,United Kingdom,United Kingdom,English,No,DATA_EXPIRED
65d47b01140464b7b5f2e63c,63e3c4bb98ef1111f6026e28,APPROVED,Not Applicable,2024-02-20T10:14:56.099000Z,2024-02-20T10:44:40.553000Z,2024-02-21T14:21:54.605000Z,2024-02-20T10:44:41.044618Z,1785.0,CDH5AM11,579,English,42,Male,White,United Kingdom,United Kingdom,United Kingdom,English,No,Full-Time
65d47b381eea700757b8b1a1,613b26e292cabf1dbe46791f,APPROVED,Not Applicable,2024-02-20T10:13:12.349000Z,2024-02-20T10:42:00.356000Z,2024-02-21T14:21:54.845000Z,2024-02-20T10:42:00.964211Z,1729.0,CDH5AM11,800,"English, French, Italian, Romanian",36,Male,White,Romania,United Kingdom,Romania,Romanian,No,Full-Time
65d47b48e71c31ba794fde7f,5c89221fc558df0014565d85,APPROVED,Not Applicable,2024-02-20T10:13:31.412000Z,2024-02-20T10:47:02.830000Z,2024-02-21T14:21:55.103000Z,2024-02-20T10:47:03.364456Z,2012.0,CDH5AM11,1579,English,61,Male,White,United Kingdom,United Kingdom,United Kingdom,English,DATA_EXPIRED,Part-Time
65d47b505cd5a336d1dd3d04,5e7a2c8990574006b633ec09,APPROVED,Not Applicable,2024-02-20T10:13:43.231000Z,2024-02-20T10:53:01.379000Z,2024-02-21T14:21:55.479000Z,2024-02-20T10:53:01.851826Z,2359.0,CDH5AM11,905,"English, Polish",26,Male,White,Poland,United Kingdom,Poland,Polish,No,Unemployed (and job seeking)
65d47b785cd5a336d1dd3d1d,6400c176195e0363ae8f6e1f,APPROVED,Not Applicable,2024-02-20T10:16:22.169000Z,2024-02-20T11:11:23.233000Z,2024-02-21T14:21:55.775000Z,2024-02-20T11:11:23.708939Z,3302.0,CDH5AM11,598,"English, German",31,Male,Black,Nigeria,United Kingdom,Nigeria,English,Yes,Part-Time
65d47b8a37785c4af35dacb3,606b3e406004b065d47d233b,APPROVED,Not Applicable,2024-02-20T10:17:01.617000Z,2024-02-20T10:46:04.850000Z,2024-02-21T14:21:56.071000Z,2024-02-20T10:46:05.543848Z,1744.0,CDH5AM11,851,"Bengali, English, Hindi",30,Male,Asian,India,United Kingdom,India,Bengali,No,Full-Time
65d47ba33a45d6fbd755230e,65c1fb3abe42175a96e41b53,APPROVED,Not Applicable,2024-02-20T10:15:04.046000Z,2024-02-20T10:47:01.969000Z,2024-02-21T14:21:56.361000Z,2024-02-20T10:47:02.463474Z,1918.0,CDH5AM11,29,English,37,Male,White,United Kingdom,United Kingdom,United Kingdom,English,No,Other
65d47bae0d10231deac99ffb,615f6138c852e1c62ff78c0c,APPROVED,Not Applicable,2024-02-20T10:15:15.251000Z,2024-02-20T10:46:59.661000Z,2024-02-21T14:21:56.637000Z,2024-02-20T10:47:00.218546Z,1905.0,CDH5AM11,1954,English,36,Male,White,United Kingdom,United Kingdom,United Kingdom,English,No,Full-Time
65d47bb64742b937db552667,615df15772fbf6ba104032fe,APPROVED,Not Applicable,2024-02-20T10:15:18.667000Z,2024-02-20T10:43:39.450000Z,2024-02-21T14:21:56.916000Z,2024-02-20T10:43:39.956595Z,1701.0,CDH5AM11,1094,English,45,Male,White,United Kingdom,United Kingdom,United Kingdom,English,No,Full-Time
65d47bc65d4a990d7a30e570,5ea954a1550e7902833cece8,APPROVED,Not Applicable,2024-02-20T10:16:07.598000Z,2024-02-20T10:41:34.784000Z,2024-02-21T14:21:57.166000Z,2024-02-20T10:41:36.353507Z,1528.0,CDH5AM11,1156,"English, Japanese",22,Male,White,United Kingdom,United Kingdom,United Kingdom,English,No,Full-Time
65d47be2b6c759c30b1d5a02,5bd1f39314315c0001cf917a,APPROVED,Not Applicable,2024-02-20T10:16:11.688000Z,2024-02-20T10:48:03.609000Z,2024-02-21T14:21:57.403000Z,2024-02-20T10:48:04.106878Z,1912.0,CDH5AM11,1834,English,33,Male,White,United Kingdom,United Kingdom,United Kingdom,English,No,DATA_EXPIRED
65d47be988d3d321ec1d57bc,5aed87e375deca0001627011,APPROVED,Not Applicable,2024-02-20T10:16:12.365000Z,2024-02-20T10:45:24.986000Z,2024-02-21T14:21:57.659000Z,2024-02-20T10:45:25.465908Z,1753.0,CDH5AM11,521,English,41,Male,White,United Kingdom,United Kingdom,United Kingdom,English,No,Full-Time
65d47c01057a6ad8cdd33efa,62fcdeec4a24f43c0757c674,APPROVED,Not Applicable,2024-02-20T10:16:37.961000Z,2024-02-20T10:41:15.544000Z,2024-02-21T14:21:57.914000Z,2024-02-20T10:41:16.083458Z,1478.0,CDH5AM11,315,English,33,Male,White,United Kingdom,United Kingdom,United Kingdom,English,No,Full-Time
65d47c055da02a22e951ae59,65bbad182b358cccd634d104,APPROVED,Not Applicable,2024-02-20T10:18:13.886000Z,2024-02-20T10:46:20.962000Z,2024-02-21T14:21:58.183000Z,2024-02-20T10:46:21.452030Z,1688.0,CDH5AM11,29,English,35,Male,White,United Kingdom,United Kingdom,United Kingdom,English,No,Part-Time
65d47c1a6e1411c8ca4fde80,65b22b0d7a2f6aa169b2672d,APPROVED,Not Applicable,2024-02-20T10:17:05.556000Z,2024-02-20T10:55:12.628000Z,2024-02-21T14:21:58.461000Z,2024-02-20T10:55:13.104421Z,2288.0,CDH5AM11,12,English,51,Male,Black,United States,United States,United States,English,No,Full-Time
65d47c1ab3dce5d5f0a7b44e,656873ee21dd37d57dd081a4,APPROVED,Not Applicable,2024-02-20T10:17:14.393000Z,2024-02-20T10:50:26.919000Z,2024-02-21T14:21:58.718000Z,2024-02-20T10:50:27.418879Z,1993.0,CDH5AM11,309,English,63,Male,White,United States,United States,United States,English,No,Full-Time
65d47c1d4c9c2125f330e24e,6274f9115634950cf5970f1c,APPROVED,Not Applicable,2024-02-20T10:17:55.325000Z,2024-02-20T10:49:22.114000Z,2024-02-21T14:21:58.978000Z,2024-02-20T10:49:22.628308Z,1887.0,CDH5AM11,1024,English,43,Male,White,United Kingdom,United Kingdom,United Kingdom,English,DATA_EXPIRED,DATA_EXPIRED
65d47c31cf0b151419bc9fe2,5efee3d4e8a2850113ee5d37,APPROVED,Not Applicable,2024-02-20T10:17:41.446000Z,2024-02-20T10:43:08.961000Z,2024-02-21T14:22:19.991000Z,2024-02-20T10:43:09.483572Z,1528.0,CDH5AM11,198,English,29,Female,White,United Kingdom,United Kingdom,United Kingdom,English,No,Part-Time
65d47c3688d3d321ec1d57cd,65c4ab776d6e68c562f07e89,APPROVED,Not Applicable,2024-02-20T10:17:33.810000Z,2024-02-20T10:45:37.328000Z,2024-02-21T14:21:59.325000Z,2024-02-20T10:45:37.925103Z,1684.0,CDH5AM11,18,English,47,Male,White,United Kingdom,United Kingdom,United Kingdom,English,No,Full-Time
65d47c409b62fb8b2ff8c66f,5aa04de4dbdb470001ef1dd5,APPROVED,Not Applicable,2024-02-20T10:20:19.192000Z,2024-02-20T10:51:51.782000Z,2024-02-21T14:21:59.592000Z,2024-02-20T10:51:52.264083Z,1893.0,CDH5AM11,1938,English,56,Male,White,United Kingdom,United Kingdom,United Kingdom,English,No,Full-Time
65d47c47e71c31ba794fdefb,65b524eb0b81075751a7ac97,APPROVED,Not Applicable,2024-02-20T10:18:13.434000Z,2024-02-20T10:58:11.540000Z,2024-02-21T14:21:59.833000Z,2024-02-20T10:58:12.014091Z,2399.0,CDH5AM11,27,English,30,Male,Black,Nigeria,United Kingdom,Nigeria,English,No,Part-Time
65d47c4a62619129b1bb4ae5,62029c8fef1cb18a1337ca27,APPROVED,Not Applicable,2024-02-20T10:22:28.050000Z,2024-02-20T11:09:05.704000Z,2024-02-21T14:22:00.077000Z,2024-02-20T11:09:06.280227Z,2798.0,CDH5AM11,497,English,27,Male,Mixed,United Kingdom,United Kingdom,United Kingdom,English,No,Full-Time
65d47c55057a6ad8cdd33f28,5d3ef33e8da0790017c90e08,APPROVED,Not Applicable,2024-02-20T10:17:57.139000Z,2024-02-20T10:52:02.641000Z,2024-02-21T14:22:00.310000Z,2024-02-20T10:52:03.241447Z,2046.0,CDH5AM11,1203,English,33,Male,White,United Kingdom,United Kingdom,United Kingdom,English,No,Full-Time
65d47c592029543cac1b392d,654cc4367585dc78f77e81cb,APPROVED,Not Applicable,2024-02-20T10:18:21.413000Z,2024-02-20T10:46:59.401000Z,2024-02-21T14:22:20.243000Z,2024-02-20T10:46:59.986195Z,1718.0,CDH5AM11,199,"English, Punjabi, Urdu, Hindi",34,Female,Asian,United Kingdom,United Kingdom,United Kingdom,English,No,Part-Time
65d47c6e4742b937db5526a1,56fc108ff37e08000cbea340,APPROVED,Not Applicable,2024-02-20T10:18:29.061000Z,2024-02-20T10:19:37.112000Z,2024-02-21T14:22:00.550000Z,2024-02-20T10:19:37.577779Z,69.0,C16EH9UF,1683,English,77,Male,White,United Kingdom,United Kingdom,United Kingdom,English,No,"Not in paid work (e.g. homemaker', 'retired or disabled)"
65d47c88c2790e5691e68b36,5ce609bb2be975001b46f099,APPROVED,Not Applicable,2024-02-20T10:26:09.388000Z,2024-02-20T10:54:53.476000Z,2024-02-21T14:22:00.777000Z,2024-02-20T10:54:53.967917Z,1725.0,CDH5AM11,132,English,39,Male,White,United Kingdom,United Kingdom,United Kingdom,English,No,"Not in paid work (e.g. homemaker', 'retired or disabled)"
65d47cd36a97da21378ea8dc,65ae75b0066b2d1c8156bae2,APPROVED,Not Applicable,2024-02-20T10:20:08.144000Z,2024-02-20T10:52:20.906000Z,2024-02-21T14:22:20.515000Z,2024-02-20T10:52:21.431602Z,1933.0,CDH5AM11,48,"Polish, English",25,Female,White,Poland,United Kingdom,Poland,Polish,No,Full-Time
65d47d315bb7773196f57378,6401fd151290ec6208934232,APPROVED,Not Applicable,2024-02-20T10:21:59.574000Z,2024-02-20T10:51:03.494000Z,2024-02-21T14:22:01.017000Z,2024-02-20T10:51:04.199625Z,1744.0,CDH5AM11,1079,English,47,Male,White,United States,United States,United States,English,No,Full-Time
65d47d4c6a97da21378ea8f3,63039343fd5a2e6fb88d2c61,APPROVED,Not Applicable,2024-02-20T10:22:09.115000Z,2024-02-20T10:49:21.852000Z,2024-02-21T14:22:01.276000Z,2024-02-20T10:49:22.384841Z,1633.0,CDH5AM11,660,English,40,Male,White,United Kingdom,United Kingdom,United Kingdom,English,No,Full-Time
65d47dd18e13c15dc0ab4448,6169ea2f9163a46bf5f356e2,APPROVED,Not Applicable,2024-02-20T10:24:48.532000Z,2024-02-20T11:01:57.542000Z,2024-02-21T14:22:20.762000Z,2024-02-20T11:01:58.095188Z,2230.0,CDH5AM11,1607,English,43,Female,White,United Kingdom,United Kingdom,United Kingdom,English,No,Part-Time
65d47e095d4a990d7a30e631,6299dc2997f47665304008b7,APPROVED,Not Applicable,2024-02-20T10:29:18.697000Z,2024-02-20T11:13:06.125000Z,2024-02-21T14:22:01.528000Z,2024-02-20T11:13:06.607507Z,2628.0,CDH5AM11,420,"English, Spanish",27,Male,White,Spain,United Kingdom,Spain,English,No,Full-Time
65d47e34cc5da3e010c0d3ef,65b90265ce01410b7e3d190b,APPROVED,Not Applicable,2024-02-20T10:26:43.373000Z,2024-02-20T11:19:49.054000Z,2024-02-21T14:22:01.853000Z,2024-02-20T11:19:49.745886Z,3186.0,CDH5AM11,48,English,48,Male,Black,Nigeria,United Kingdom,Nigeria,English,No,Full-Time
65d47ef53412b70f9e17531c,56cb314508d7300005fd312a,APPROVED,Not Applicable,2024-02-20T10:31:37.994000Z,2024-02-20T11:13:25.068000Z,2024-02-21T14:22:02.095000Z,2024-02-20T11:13:25.618813Z,2508.0,CDH5AM11,1376,"English, Russian, Bulgarian",38,Male,White,United Kingdom,United Kingdom,United Kingdom,Bulgarian,No,Full-Time
65d481a1188fe6e35fc0aa7b,62a728828075b57c01e8c1e5,APPROVED,Not Applicable,2024-02-20T10:40:37.732000Z,2024-02-20T11:46:12.986000Z,2024-02-21T14:22:21.019000Z,2024-02-20T11:46:14.008273Z,3936.0,CDH5AM11,1077,"English, Urdu",29,Female,Asian,United Kingdom,United Kingdom,United Kingdom,English,No,Full-Time
65d4830d63fad2a70bb04f30,5da179412996110016d853d5,APPROVED,Not Applicable,2024-02-20T10:46:51.186000Z,2024-02-20T11:17:07.323000Z,2024-02-21T14:22:21.272000Z,2024-02-20T11:17:07.882363Z,1817.0,CDH5AM11,1590,English,35,Female,White,United Kingdom,United Kingdom,United Kingdom,English,No,"Not in paid work (e.g. homemaker', 'retired or disabled)"
65d48bded1d53813bebca15e,6310a30f9466069f3ec79b62,APPROVED,Not Applicable,2024-02-20T11:24:23.903000Z,2024-02-20T11:52:22.813000Z,2024-02-21T14:22:02.349000Z,2024-02-20T11:52:23.278802Z,1679.0,CDH5AM11,741,English,29,Male,White,United Kingdom,United Kingdom,United Kingdom,English,No,Full-Time
65d48d452b26438450dd1071,61329a3e3f353940f7fcd042,APPROVED,Not Applicable,2024-02-20T11:30:30.671000Z,2024-02-20T12:02:33.477000Z,2024-02-21T14:22:21.515000Z,2024-02-20T12:02:34.352054Z,1923.0,CDH5AM11,401,English,20,Female,White,United Kingdom,United Kingdom,United Kingdom,English,Yes,Part-Time
65d476a55bb7773196f571d8,5671c7b0964ff30011ddd558,RETURNED,Not Applicable,2024-02-20T09:53:51.185000Z,,,,,,372,CONSENT_REVOKED,CONSENT_REVOKED,CONSENT_REVOKED,CONSENT_REVOKED,CONSENT_REVOKED,CONSENT_REVOKED,CONSENT_REVOKED,CONSENT_REVOKED,CONSENT_REVOKED,CONSENT_REVOKED
65d4770263fad2a70bb04b5b,612e111ed09f912859fca976,RETURNED,Not Applicable,2024-02-20T09:55:25.465000Z,,,,,,301,CONSENT_REVOKED,CONSENT_REVOKED,CONSENT_REVOKED,CONSENT_REVOKED,CONSENT_REVOKED,CONSENT_REVOKED,CONSENT_REVOKED,CONSENT_REVOKED,CONSENT_REVOKED,CONSENT_REVOKED
65d4775937785c4af35dab2f,60f66b38400931540fac7952,RETURNED,Not Applicable,2024-02-20T09:56:45.802000Z,,,,,,1339,CONSENT_REVOKED,CONSENT_REVOKED,CONSENT_REVOKED,CONSENT_REVOKED,CONSENT_REVOKED,CONSENT_REVOKED,CONSENT_REVOKED,CONSENT_REVOKED,CONSENT_REVOKED,CONSENT_REVOKED
65d477d6b125ba3eb5fdd5ee,602fa6d32e76d0cc4b176f62,TIMED-OUT,Not Applicable,2024-02-20T09:58:50.781000Z,,,,12030913.0,,349,English,29,Female,White,United Kingdom,United Kingdom,United Kingdom,English,DATA_EXPIRED,DATA_EXPIRED
65d477e102c63da1d681bd98,6385176faa1fd90c21cd7cb0,RETURNED,Not Applicable,2024-02-20T09:59:00.946000Z,,,,,,868,CONSENT_REVOKED,CONSENT_REVOKED,CONSENT_REVOKED,CONSENT_REVOKED,CONSENT_REVOKED,CONSENT_REVOKED,CONSENT_REVOKED,CONSENT_REVOKED,CONSENT_REVOKED,CONSENT_REVOKED
65d477e73e9e5705bac0d019,5dede922ad51834919f11f91,RETURNED,Not Applicable,2024-02-20T09:59:19.541000Z,,,,,,920,CONSENT_REVOKED,CONSENT_REVOKED,CONSENT_REVOKED,CONSENT_REVOKED,CONSENT_REVOKED,CONSENT_REVOKED,CONSENT_REVOKED,CONSENT_REVOKED,CONSENT_REVOKED,CONSENT_REVOKED
65d477fbd412f4d1cbb8ac3c,6595baa6237dade9306a58c9,RETURNED,Not Applicable,2024-02-20T09:59:30.021000Z,,,,,,145,CONSENT_REVOKED,CONSENT_REVOKED,CONSENT_REVOKED,CONSENT_REVOKED,CONSENT_REVOKED,CONSENT_REVOKED,CONSENT_REVOKED,CONSENT_REVOKED,CONSENT_REVOKED,CONSENT_REVOKED
65d478398f4ba93fa13a40bb,5d5ee60d8c0a07001719f9dd,RETURNED,Not Applicable,2024-02-20T10:00:33.278000Z,,,,,,594,CONSENT_REVOKED,CONSENT_REVOKED,CONSENT_REVOKED,CONSENT_REVOKED,CONSENT_REVOKED,CONSENT_REVOKED,CONSENT_REVOKED,CONSENT_REVOKED,CONSENT_REVOKED,CONSENT_REVOKED
65d4784f88d3d321ec1d56f3,60d47ef42ed2b058bff226a2,RETURNED,Not Applicable,2024-02-20T10:10:47.879000Z,,,,,,531,CONSENT_REVOKED,CONSENT_REVOKED,CONSENT_REVOKED,CONSENT_REVOKED,CONSENT_REVOKED,CONSENT_REVOKED,CONSENT_REVOKED,CONSENT_REVOKED,CONSENT_REVOKED,CONSENT_REVOKED
65d47858aeaf9a3a945ec423,59d4283121977e0001d62f46,RETURNED,Not Applicable,2024-02-20T10:01:08.908000Z,,,,,,265,CONSENT_REVOKED,CONSENT_REVOKED,CONSENT_REVOKED,CONSENT_REVOKED,CONSENT_REVOKED,CONSENT_REVOKED,CONSENT_REVOKED,CONSENT_REVOKED,CONSENT_REVOKED,CONSENT_REVOKED
65d478a0d1d53813bebc9ce9,5a692a8463394a000155da61,RETURNED,Not Applicable,2024-02-20T10:02:26.210000Z,,,,,,1941,CONSENT_REVOKED,CONSENT_REVOKED,CONSENT_REVOKED,CONSENT_REVOKED,CONSENT_REVOKED,CONSENT_REVOKED,CONSENT_REVOKED,CONSENT_REVOKED,CONSENT_REVOKED,CONSENT_REVOKED
65d478c2c2790e5691e68a4d,59b8053c59f3df0001e08810,RETURNED,Not Applicable,2024-02-20T10:02:49.099000Z,,,,,,1735,CONSENT_REVOKED,CONSENT_REVOKED,CONSENT_REVOKED,CONSENT_REVOKED,CONSENT_REVOKED,CONSENT_REVOKED,CONSENT_REVOKED,CONSENT_REVOKED,CONSENT_REVOKED,CONSENT_REVOKED
65d478e0d8f46848fbe783b0,5cc052c9a1e263001715594d,RETURNED,Not Applicable,2024-02-20T10:03:25.004000Z,2024-02-20T10:04:08.812000Z,,2024-02-20T10:04:09.709000Z,,C16EH9UF,1025,CONSENT_REVOKED,CONSENT_REVOKED,CONSENT_REVOKED,CONSENT_REVOKED,CONSENT_REVOKED,CONSENT_REVOKED,CONSENT_REVOKED,CONSENT_REVOKED,CONSENT_REVOKED,CONSENT_REVOKED
65d479352029543cac1b383c,59d264e2faf42e00012b6cba,RETURNED,Not Applicable,2024-02-20T10:04:42.030000Z,,,,,,529,CONSENT_REVOKED,CONSENT_REVOKED,CONSENT_REVOKED,CONSENT_REVOKED,CONSENT_REVOKED,CONSENT_REVOKED,CONSENT_REVOKED,CONSENT_REVOKED,CONSENT_REVOKED,CONSENT_REVOKED
65d4798dfb2072a173b04db3,599186630675b100014daddd,RETURNED,Not Applicable,2024-02-20T10:06:10.832000Z,,,,,,1854,CONSENT_REVOKED,CONSENT_REVOKED,CONSENT_REVOKED,CONSENT_REVOKED,CONSENT_REVOKED,CONSENT_REVOKED,CONSENT_REVOKED,CONSENT_REVOKED,CONSENT_REVOKED,CONSENT_REVOKED
65d479aaaeaf9a3a945ec499,5e6977731ff38b22e8654bc4,RETURNED,Not Applicable,2024-02-20T10:06:37.719000Z,,,,,,930,CONSENT_REVOKED,CONSENT_REVOKED,CONSENT_REVOKED,CONSENT_REVOKED,CONSENT_REVOKED,CONSENT_REVOKED,CONSENT_REVOKED,CONSENT_REVOKED,CONSENT_REVOKED,CONSENT_REVOKED
65d479beaeaf9a3a945ec49f,5c3f3f83d831ed0001f78d1c,RETURNED,Not Applicable,2024-02-20T10:08:14.545000Z,,,,,,1056,CONSENT_REVOKED,CONSENT_REVOKED,CONSENT_REVOKED,CONSENT_REVOKED,CONSENT_REVOKED,CONSENT_REVOKED,CONSENT_REVOKED,CONSENT_REVOKED,CONSENT_REVOKED,CONSENT_REVOKED
65d479e71eea700757b8b13a,58e52aa56112f70001f47096,RETURNED,Not Applicable,2024-02-20T10:18:00.070000Z,,,,,,919,CONSENT_REVOKED,CONSENT_REVOKED,CONSENT_REVOKED,CONSENT_REVOKED,CONSENT_REVOKED,CONSENT_REVOKED,CONSENT_REVOKED,CONSENT_REVOKED,CONSENT_REVOKED,CONSENT_REVOKED
65d47a46b3dce5d5f0a7b318,5ba91b64edcf630001e8e474,RETURNED,Not Applicable,2024-02-20T10:09:13.581000Z,,,,,,1002,CONSENT_REVOKED,CONSENT_REVOKED,CONSENT_REVOKED,CONSENT_REVOKED,CONSENT_REVOKED,CONSENT_REVOKED,CONSENT_REVOKED,CONSENT_REVOKED,CONSENT_REVOKED,CONSENT_REVOKED
65d47a7c0d10231deac99f7a,5c6f21ecf957540001a5196b,RETURNED,Not Applicable,2024-02-20T10:10:18.038000Z,,,,,,2383,CONSENT_REVOKED,CONSENT_REVOKED,CONSENT_REVOKED,CONSENT_REVOKED,CONSENT_REVOKED,CONSENT_REVOKED,CONSENT_REVOKED,CONSENT_REVOKED,CONSENT_REVOKED,CONSENT_REVOKED
65d47a9ff34a573207e77ed3,5eb2955b008381000ceeeb29,RETURNED,Not Applicable,2024-02-20T10:10:41.602000Z,,,,,,1361,CONSENT_REVOKED,CONSENT_REVOKED,CONSENT_REVOKED,CONSENT_REVOKED,CONSENT_REVOKED,CONSENT_REVOKED,CONSENT_REVOKED,CONSENT_REVOKED,CONSENT_REVOKED,CONSENT_REVOKED
65d47ace3a45d6fbd75522d4,6110f9fd3a01425bd66a1251,RETURNED,Not Applicable,2024-02-20T10:11:29.370000Z,,,,,,1511,CONSENT_REVOKED,CONSENT_REVOKED,CONSENT_REVOKED,CONSENT_REVOKED,CONSENT_REVOKED,CONSENT_REVOKED,CONSENT_REVOKED,CONSENT_REVOKED,CONSENT_REVOKED,CONSENT_REVOKED
65d47af3d4f47de339d33c35,5f50db296d9ce726e639d020,RETURNED,Not Applicable,2024-02-20T10:12:07.882000Z,,,,,,2002,CONSENT_REVOKED,CONSENT_REVOKED,CONSENT_REVOKED,CONSENT_REVOKED,CONSENT_REVOKED,CONSENT_REVOKED,CONSENT_REVOKED,CONSENT_REVOKED,CONSENT_REVOKED,CONSENT_REVOKED
65d47b1e30b88085531b3512,62b34eef7b8919ea4666daee,RETURNED,Not Applicable,2024-02-20T10:12:52.441000Z,,,,,,1227,CONSENT_REVOKED,CONSENT_REVOKED,CONSENT_REVOKED,CONSENT_REVOKED,CONSENT_REVOKED,CONSENT_REVOKED,CONSENT_REVOKED,CONSENT_REVOKED,CONSENT_REVOKED,CONSENT_REVOKED
65d47c0688d3d321ec1d57c3,57fa6c8b07d709000141ad46,RETURNED,Not Applicable,2024-02-20T10:17:42.052000Z,,,,,,2359,CONSENT_REVOKED,CONSENT_REVOKED,CONSENT_REVOKED,CONSENT_REVOKED,CONSENT_REVOKED,CONSENT_REVOKED,CONSENT_REVOKED,CONSENT_REVOKED,CONSENT_REVOKED,CONSENT_REVOKED
65d47c4c0fc4e7ba82cd77f7,5f44088c22717b701b526c9f,RETURNED,Not Applicable,2024-02-20T10:18:04.966000Z,,,,,,790,CONSENT_REVOKED,CONSENT_REVOKED,CONSENT_REVOKED,CONSENT_REVOKED,CONSENT_REVOKED,CONSENT_REVOKED,CONSENT_REVOKED,CONSENT_REVOKED,CONSENT_REVOKED,CONSENT_REVOKED
65d47c53adf487bbf9ba840b,56b6e889f2fc70000b32f99e,RETURNED,Not Applicable,2024-02-20T10:17:55.601000Z,,,,,,4004,CONSENT_REVOKED,CONSENT_REVOKED,CONSENT_REVOKED,CONSENT_REVOKED,CONSENT_REVOKED,CONSENT_REVOKED,CONSENT_REVOKED,CONSENT_REVOKED,CONSENT_REVOKED,CONSENT_REVOKED
65d47c7c9b62fb8b2ff8c685,5d7e1d2db5bd580017d11cec,RETURNED,Not Applicable,2024-02-20T10:18:43.891000Z,2024-02-20T10:24:23.170000Z,,2024-02-20T10:24:23.936000Z,,CRENH6H6,1751,CONSENT_REVOKED,CONSENT_REVOKED,CONSENT_REVOKED,CONSENT_REVOKED,CONSENT_REVOKED,CONSENT_REVOKED,CONSENT_REVOKED,CONSENT_REVOKED,CONSENT_REVOKED,CONSENT_REVOKED
65d47c7f88d3d321ec1d57db,5b4e03cd56e0140001ad5076,RETURNED,Not Applicable,2024-02-20T10:28:39.006000Z,,,,,,559,CONSENT_REVOKED,CONSENT_REVOKED,CONSENT_REVOKED,CONSENT_REVOKED,CONSENT_REVOKED,CONSENT_REVOKED,CONSENT_REVOKED,CONSENT_REVOKED,CONSENT_REVOKED,CONSENT_REVOKED
