Submission id,Participant id,Status,Custom study tncs accepted at,Started at,Completed at,Reviewed at,Archived at,Time taken,Completion code,Total approvals,Fluent languages,Colourblindness,Age,Sex,Ethnicity simplified,Country of birth,Country of residence,Nationality,Language,Student status,Employment status
6671be0ca494063600de2411,60c5165878a82f763c29536a,RETURNED,Not Applicable,2024-06-18T17:04:17.667000Z,,,2024-07-08T16:04:23.259377Z,,,1394,CONSENT_REVOKED,CONSENT_REVOKED,CONSENT_REVOKED,CONSENT_REVOKED,CONSENT_REVOKED,CONSENT_REVOKED,CONSENT_REVOKED,CONSENT_REVOKED,CONSENT_REVOKED,CONSENT_REVOKED,CONSENT_REVOKED
6671bf213591a5a9f2c6721d,6282486284f992485dcdf4ea,APPROVED,Not Applicable,2024-06-18T17:09:06.076000Z,2024-06-18T18:04:31.747000Z,2024-06-19T12:54:40.184000Z,2024-06-18T18:08:32.542837Z,3326.0,CD9A7ZYU,1964,English,"No, I have no issues seeing colours",29,Female,White,United States,United States,United States,English,DATA_EXPIRED,DATA_EXPIRED
6671bf3ddef98933530188e7,5d5e7c716a846b0017760587,APPROVED,Not Applicable,2024-06-18T17:09:21.629000Z,2024-06-18T18:02:05.441000Z,2024-06-19T12:54:40.387000Z,2024-06-18T18:02:05.879519Z,3164.0,CD9A7ZYU,174,English,"No, I have no issues seeing colours",30,Female,White,United Kingdom,United Kingdom,United Kingdom,English,Yes,Full-Time
6671bf99df6308c15eacb579,6632b7f87aa9f328a450e664,APPROVED,Not Applicable,2024-06-18T17:10:54.798000Z,2024-06-18T18:01:51.070000Z,2024-06-19T12:54:40.580000Z,2024-06-18T18:01:51.545813Z,3057.0,CD9A7ZYU,150,"English, Russian","No, I have no issues seeing colours",26,Male,White,Ukraine,United States,Russian Federation,English,Yes,Other
6671bfddf5b36e59c8328842,5f3ab128c4b6921312f28237,APPROVED,Not Applicable,2024-06-18T17:12:19.732000Z,2024-06-18T17:59:05.289000Z,2024-06-19T12:54:40.771000Z,2024-06-18T17:59:06.412089Z,2806.0,CD9A7ZYU,539,English,"No, I have no issues seeing colours",33,Female,White,United Kingdom,United Kingdom,United Kingdom,English,No,Full-Time
6671c09cf5b36e59c8328868,62b35b7ceadb050497fbbe58,APPROVED,Not Applicable,2024-06-18T17:15:14.502000Z,2024-06-18T18:03:24.869000Z,2024-06-19T12:54:40.968000Z,2024-06-18T18:08:15.222060Z,2891.0,CD9A7ZYU,463,English,"No, I have no issues seeing colours",30,Female,White,United Kingdom,United Kingdom,United Kingdom,English,No,Full-Time
6671c0dba836264096c255d3,563fa227074be600115e9642,APPROVED,Not Applicable,2024-06-18T17:19:27.589000Z,2024-06-18T18:28:34.131000Z,2024-06-19T12:54:41.159000Z,2024-06-18T18:28:48.047462Z,4147.0,CD9A7ZYU,319,English,"No, I have no issues seeing colours",34,Female,White,United Kingdom,United Kingdom,United Kingdom,English,No,Full-Time
6671c1314b6e608590d55ade,613c4625782929c725512b98,RETURNED,Not Applicable,2024-06-18T17:28:00.087000Z,,,2024-07-08T16:04:23.271615Z,,,72,CONSENT_REVOKED,CONSENT_REVOKED,CONSENT_REVOKED,CONSENT_REVOKED,CONSENT_REVOKED,CONSENT_REVOKED,CONSENT_REVOKED,CONSENT_REVOKED,CONSENT_REVOKED,CONSENT_REVOKED,CONSENT_REVOKED
6671c15c65cd429b28afc85d,63d142cd6facbdd809867c48,APPROVED,Not Applicable,2024-06-18T17:18:26.499000Z,2024-06-18T18:08:33.159000Z,2024-06-19T12:54:41.354000Z,2024-06-18T18:09:01.296174Z,3007.0,CD9A7ZYU,246,English,"No, I have no issues seeing colours",36,Female,White,United States,United States,United States,English,No,Full-Time
6671c188856a8690ada644c2,5b21702b6dba320001b072ce,RETURNED,Not Applicable,2024-06-18T17:19:14.215000Z,,,2024-07-08T16:04:23.278644Z,,,2602,CONSENT_REVOKED,CONSENT_REVOKED,CONSENT_REVOKED,CONSENT_REVOKED,CONSENT_REVOKED,CONSENT_REVOKED,CONSENT_REVOKED,CONSENT_REVOKED,CONSENT_REVOKED,CONSENT_REVOKED,CONSENT_REVOKED
6671c1bcd0d9caaa354046ba,65dc7bb0530a30a348973b3e,APPROVED,Not Applicable,2024-06-18T17:20:04.552000Z,2024-06-18T18:17:18.486000Z,2024-06-19T12:54:41.578000Z,2024-06-18T18:18:00.950978Z,3434.0,CD9A7ZYU,145,"English, Urdu, Punjabi, Other","No, I have no issues seeing colours",19,Male,Asian,United Kingdom,United Kingdom,United Kingdom,English,Yes,Other
6671c1c323175a39100f986c,63f85b1c3124fd03faff2126,RETURNED,Not Applicable,2024-06-18T17:20:10.839000Z,2024-06-18T18:35:14.082000Z,,2024-07-08T16:04:23.295898Z,,CEG0G0I7,578,CONSENT_REVOKED,CONSENT_REVOKED,CONSENT_REVOKED,CONSENT_REVOKED,CONSENT_REVOKED,CONSENT_REVOKED,CONSENT_REVOKED,CONSENT_REVOKED,CONSENT_REVOKED,CONSENT_REVOKED,CONSENT_REVOKED
6671c206758d681eacc96454,6662223a536c8f18e90ae53f,RETURNED,Not Applicable,2024-06-18T17:21:25.533000Z,,,2024-07-08T16:04:23.299689Z,,,38,CONSENT_REVOKED,CONSENT_REVOKED,CONSENT_REVOKED,CONSENT_REVOKED,CONSENT_REVOKED,CONSENT_REVOKED,CONSENT_REVOKED,CONSENT_REVOKED,CONSENT_REVOKED,CONSENT_REVOKED,CONSENT_REVOKED
6671c20e3405d8f73efbccad,5efae44f5a33e693df274fea,APPROVED,Not Applicable,2024-06-18T17:21:26.453000Z,2024-06-18T18:06:32.224000Z,2024-06-19T12:54:41.810000Z,2024-06-18T18:08:46.616788Z,2706.0,CD9A7ZYU,979,English,"No, I have no issues seeing colours",49,Female,White,United Kingdom,United Kingdom,United Kingdom,English,DATA_EXPIRED,DATA_EXPIRED
6671c2519faf236898b8c3d4,666f2a40bd321b51c55d9ea4,APPROVED,Not Applicable,2024-06-18T17:22:37.892000Z,2024-06-18T18:04:09.808000Z,2024-06-19T12:54:42.015000Z,2024-06-18T18:08:28.842736Z,2492.0,CD9A7ZYU,2,English,"No, I have no issues seeing colours",32,Male,White,United Kingdom,United Kingdom,United Kingdom,English,No,Full-Time
6671c253f8402adb4844035d,5be08379a34306000165f14c,APPROVED,Not Applicable,2024-06-18T17:23:00.884000Z,2024-06-18T18:29:53.124000Z,2024-06-19T12:54:42.209000Z,2024-06-18T18:29:53.733907Z,4013.0,CD9A7ZYU,538,English,"No, I have no issues seeing colours",30,Female,White,United Kingdom,United Kingdom,United Kingdom,English,DATA_EXPIRED,DATA_EXPIRED
6671c25e04ce4e2524efc6e9,62ececf09d04c75b0ac68b0b,APPROVED,Not Applicable,2024-06-18T17:22:45.942000Z,2024-06-18T18:19:21.923000Z,2024-06-19T12:54:42.427000Z,2024-06-18T18:19:22.657266Z,3396.0,CD9A7ZYU,266,English,"No, I have no issues seeing colours",34,Female,Black,United Kingdom,United Kingdom,United Kingdom,English,No,Unemployed (and job seeking)
6671c2adb2b1e713ae971713,62d9e46fded6a6209a518499,APPROVED,Not Applicable,2024-06-18T17:24:03.454000Z,2024-06-18T18:07:21.636000Z,2024-06-19T12:54:42.634000Z,2024-06-18T18:08:55.360274Z,2599.0,CD9A7ZYU,370,English,"No, I have no issues seeing colours",32,Male,Black,United States,United States,United States,English,DATA_EXPIRED,DATA_EXPIRED
6671c2e4b28a3c4ecd07ac89,6447e2e2d1e8e330d23d4057,APPROVED,Not Applicable,2024-06-18T17:25:28.195000Z,2024-06-18T18:19:16.687000Z,2024-06-19T12:54:42.834000Z,2024-06-18T18:19:17.191525Z,3229.0,CD9A7ZYU,33,English,"No, I have no issues seeing colours",32,Female,White,United Kingdom,United Kingdom,United Kingdom,English,No,Full-Time
6671c300bb14079bf232891c,5fb46dd5d9ece50422838e7a,APPROVED,Not Applicable,2024-06-18T17:27:59.655000Z,2024-06-18T18:30:04.150000Z,2024-06-19T12:54:43.036000Z,2024-06-18T18:30:04.714549Z,3725.0,CD9A7ZYU,940,English,"No, I have no issues seeing colours",40,Female,White,United Kingdom,United Kingdom,United Kingdom,English,No,Part-Time
6671c318ce282dd221801d16,5987bfb80e411a0001d83837,APPROVED,Not Applicable,2024-06-18T17:25:48.603000Z,2024-06-18T18:12:06.551000Z,2024-06-19T12:54:43.233000Z,2024-06-18T18:12:07.080061Z,2778.0,CD9A7ZYU,629,English,"No, I have no issues seeing colours",32,Male,White,United Kingdom,United Kingdom,United Kingdom,English,No,Full-Time
6671c333e013bd5fdfab5320,558fb997fdf99b7ce292469b,APPROVED,Not Applicable,2024-06-18T17:26:17.417000Z,2024-06-18T18:14:37.129000Z,2024-06-19T12:54:43.429000Z,2024-06-18T18:17:19.742774Z,2900.0,CD9A7ZYU,242,English,"No, I have no issues seeing colours",42,Female,White,United Kingdom,United Kingdom,United Kingdom,English,No,Full-Time
6671c35be0cc90d2bf18adae,66711d377398403120cb2746,RETURNED,Not Applicable,2024-06-18T17:27:00.034000Z,,,2024-07-08T16:04:23.304444Z,,,68,CONSENT_REVOKED,CONSENT_REVOKED,CONSENT_REVOKED,CONSENT_REVOKED,CONSENT_REVOKED,CONSENT_REVOKED,CONSENT_REVOKED,CONSENT_REVOKED,CONSENT_REVOKED,CONSENT_REVOKED,CONSENT_REVOKED
6671c36086d65c6801877171,663e83a2acfdb0135f470a34,APPROVED,Not Applicable,2024-06-18T17:27:18.230000Z,2024-06-18T18:28:51.111000Z,2024-06-19T12:54:43.639000Z,2024-06-18T18:29:00.194115Z,3693.0,CD9A7ZYU,2,English,"No, I have no issues seeing colours",40,Female,Mixed,United States,United States,Vietnam,English,No,Unemployed (and job seeking)
6671c377b113b9bbccdd83f2,64a83272f2f581fb23f023b1,APPROVED,Not Applicable,2024-06-18T17:29:38.844000Z,2024-06-18T18:24:36.207000Z,2024-06-19T12:54:43.843000Z,2024-06-18T18:26:09.156154Z,3298.0,CD9A7ZYU,84,English,"No, I have no issues seeing colours",25,Male,Black,United States,United States,United States,English,No,DATA_EXPIRED
6671c38648934b1323ec7263,66562890f69de1ed9b022a86,APPROVED,Not Applicable,2024-06-18T17:28:02.642000Z,2024-06-18T18:28:08.307000Z,2024-06-19T12:54:44.050000Z,2024-06-18T18:28:11.994337Z,3606.0,CD9A7ZYU,16,"English, Scots, Gaelic","No, I have no issues seeing colours",45,Female,White,United Kingdom,United Kingdom,United Kingdom,English,No,Full-Time
6671c3a09d6ab829d81459e2,6050a8d916ed9ccb611761b4,APPROVED,Not Applicable,2024-06-18T17:28:08.134000Z,2024-06-18T18:11:41.689000Z,2024-06-19T12:54:44.248000Z,2024-06-18T18:11:42.180170Z,2614.0,CD9A7ZYU,413,English,"No, I have no issues seeing colours",33,Female,White,United Kingdom,United Kingdom,United Kingdom,English,No,Part-Time
6671c3b4e0cc90d2bf18adc1,6601a7e1895f6a6f2d9ccea9,APPROVED,Not Applicable,2024-06-18T17:28:53.534000Z,2024-06-18T18:23:01.133000Z,2024-06-19T12:54:44.454000Z,2024-06-18T18:23:01.617901Z,3248.0,CD9A7ZYU,6,"Dutch, English, German","No, I have no issues seeing colours",26,Female,Black,Netherlands,United Kingdom,Netherlands,English,No,Part-Time
6671c3c672a20f2d04339289,5d5d726e844f160018f23caa,APPROVED,Not Applicable,2024-06-18T17:28:47.244000Z,2024-06-18T18:13:26.954000Z,2024-06-19T12:54:44.656000Z,2024-06-18T18:16:01.922857Z,2680.0,CD9A7ZYU,282,English,"No, I have no issues seeing colours",47,Male,White,United Kingdom,United Kingdom,United Kingdom,English,No,Full-Time
6671c3cb3ca49fb31b7211ba,63d000d62878aa92b833c5fc,APPROVED,Not Applicable,2024-06-18T17:29:29.556000Z,2024-06-18T18:18:26.179000Z,2024-06-19T12:54:44.863000Z,2024-06-18T18:18:26.934892Z,2937.0,CD9A7ZYU,3161,English,"No, I have no issues seeing colours",41,Female,White,United States,United States,United States,English,No,Full-Time
6671c3e5e72438979ec672de,63d40e796583b47b26f403fe,APPROVED,Not Applicable,2024-06-18T17:35:07.334000Z,2024-06-18T19:17:40.195000Z,2024-06-19T12:54:45.073000Z,2024-06-18T19:18:22.382577Z,6153.0,CD9A7ZYU,499,English,"No, I have no issues seeing colours",28,Female,White,United Kingdom,United States,United Kingdom,English,Yes,Unemployed (and job seeking)
6671c3e6281e4ff5431291e9,5ca73fcf7067e70001f7a41f,APPROVED,Not Applicable,2024-06-18T17:29:16.178000Z,2024-06-18T18:26:14.719000Z,2024-06-19T12:54:45.273000Z,2024-06-18T18:26:23.374436Z,3419.0,CD9A7ZYU,1191,English,"No, I have no issues seeing colours",25,Female,White,United Kingdom,United Kingdom,United Kingdom,English,DATA_EXPIRED,Part-Time
6671c3fcb2b1e713ae971763,664364feba09c0fa5f34ef0f,APPROVED,Not Applicable,2024-06-18T17:29:42.659000Z,2024-06-18T18:31:07.489000Z,2024-06-19T12:54:45.469000Z,2024-06-18T18:31:08.158009Z,3685.0,CD9A7ZYU,15,English,"No, I have no issues seeing colours",39,Male,Black,Nigeria,United Kingdom,United Kingdom,English,No,Part-Time
6671c3fdc4c4250526207081,613bae70cab01ced932e5e9f,TIMED-OUT,Not Applicable,2024-06-18T17:30:43.330000Z,,,2024-07-08T16:04:23.320261Z,1722821.0,,1269,"French, English","No, I have no issues seeing colours",31,Female,White,United Kingdom,United Kingdom,United Kingdom,English,DATA_EXPIRED,DATA_EXPIRED
6671c40b5f27c5ab82ff3fd7,665b23cd7b1fe039854a2f13,APPROVED,Not Applicable,2024-06-18T17:30:02.594000Z,2024-06-18T18:35:25.587000Z,2024-06-19T12:54:45.667000Z,2024-06-18T18:36:04.851458Z,3923.0,CD9A7ZYU,3,"English, Somali","No, I have no issues seeing colours",25,Male,Black,Kenya,United Kingdom,United Kingdom,English,No,Full-Time
6671c414b2b17cec02bd4431,6131057db82458b8609961c1,APPROVED,Not Applicable,2024-06-18T17:30:30.959000Z,2024-06-18T18:27:23.787000Z,2024-06-19T12:54:45.879000Z,2024-06-18T18:27:24.241190Z,3413.0,CD9A7ZYU,677,English,"No, I have no issues seeing colours",47,Female,White,United Kingdom,United Kingdom,United Kingdom,English,No,Full-Time
6671c4237c9caaf433fd0b3e,6401bcfa282745fe0e77361e,APPROVED,Not Applicable,2024-06-18T17:30:19.811000Z,2024-06-18T18:19:46.765000Z,2024-06-19T12:54:46.103000Z,2024-06-18T18:19:47.274651Z,2967.0,CD9A7ZYU,240,English,"No, I have no issues seeing colours",32,Male,White,United Kingdom,United Kingdom,United Kingdom,English,No,DATA_EXPIRED
6671c433a6ac1703f3c084c5,6658be7bbc36ded0ffe47140,APPROVED,Not Applicable,2024-06-18T17:30:34.448000Z,2024-06-18T18:17:10.974000Z,2024-06-19T12:54:46.314000Z,2024-06-18T18:18:00.330314Z,2797.0,CD9A7ZYU,29,English,"No, I have no issues seeing colours",46,Female,White,United Kingdom,United Kingdom,United Kingdom,English,No,Full-Time
6671c44f86d65c68018771a1,5f319705c8f15307cbb192a7,APPROVED,Not Applicable,2024-06-18T17:31:03.620000Z,2024-06-18T18:15:29.410000Z,2024-06-19T12:54:46.693000Z,2024-06-18T18:17:43.875164Z,2666.0,CD9A7ZYU,555,English,"No, I have no issues seeing colours",31,Female,White,New Zealand,United Kingdom,New Zealand,English,No,Full-Time
6671c456b28a3c4ecd07acde,60d03b4be7200f842a86ee33,APPROVED,Not Applicable,2024-06-18T17:31:07.248000Z,2024-06-18T18:28:27.999000Z,2024-06-19T12:54:47.018000Z,2024-06-18T18:28:37.958382Z,3441.0,CD9A7ZYU,270,English,"No, I have no issues seeing colours",25,Female,White,United Kingdom,United Kingdom,United Kingdom,English,No,Unemployed (and job seeking)
6671c45b61f5ce690177b994,5f27cadd2947300008515f3f,APPROVED,Not Applicable,2024-06-18T17:31:22.452000Z,2024-06-18T18:20:31.202000Z,2024-06-19T12:54:47.450000Z,2024-06-18T18:20:31.718278Z,2949.0,CD9A7ZYU,2005,English,"No, I have no issues seeing colours",46,Male,White,Nigeria,United Kingdom,United Kingdom,English,DATA_EXPIRED,DATA_EXPIRED
6671c4626e102552cb9e1aa0,6531958a74d39ace86a60bd9,RETURNED,Not Applicable,2024-06-18T17:31:14.123000Z,,,2024-07-08T16:04:23.326513Z,,,1136,CONSENT_REVOKED,CONSENT_REVOKED,CONSENT_REVOKED,CONSENT_REVOKED,CONSENT_REVOKED,CONSENT_REVOKED,CONSENT_REVOKED,CONSENT_REVOKED,CONSENT_REVOKED,CONSENT_REVOKED,CONSENT_REVOKED
6671c473d1985a0200f4cc41,5f01c399cbdce603a8af49b4,APPROVED,Not Applicable,2024-06-18T17:31:39.780000Z,2024-06-18T18:22:07.388000Z,2024-06-19T12:54:47.815000Z,2024-06-18T18:22:08.088795Z,3028.0,CD9A7ZYU,660,English,"No, I have no issues seeing colours",36,Female,White,United Kingdom,United Kingdom,United Kingdom,English,No,Full-Time
6671c4748934c4253a842ea1,62df57db36c1085c48f8d86c,APPROVED,Not Applicable,2024-06-18T17:32:55.994000Z,2024-06-18T18:18:01.419000Z,2024-06-19T12:54:48.411000Z,2024-06-18T18:18:04.965923Z,2706.0,CD9A7ZYU,607,English,"No, I have no issues seeing colours",25,Male,Asian,United Kingdom,United Kingdom,United Kingdom,English,DATA_EXPIRED,DATA_EXPIRED
6671c475574a6be045b8c573,6658b5120acc6e0ea889828a,TIMED-OUT,Not Applicable,2024-06-18T17:31:37.198000Z,,,2024-07-08T16:04:23.344572Z,1722767.0,,42,English,"No, I have no issues seeing colours",27,Female,White,United Kingdom,United Kingdom,United Kingdom,English,No,Full-Time
6671c4985f27c5ab82ff4008,5d6da6447ef31f001e90d985,APPROVED,Not Applicable,2024-06-18T17:32:22.889000Z,2024-06-18T18:28:39.206000Z,2024-06-19T12:54:48.801000Z,2024-06-18T18:28:54.669706Z,3377.0,CD9A7ZYU,537,English,"No, I have no issues seeing colours",31,Male,White,United Kingdom,United Kingdom,United Kingdom,English,No,Full-Time
6671c4ac281e4ff543129214,5bfb200269fe300001e88ffe,APPROVED,Not Applicable,2024-06-18T17:32:36.556000Z,2024-06-18T18:04:41.653000Z,2024-06-19T12:54:49.096000Z,2024-06-18T18:08:34.604003Z,1926.0,CEG0G0I7,619,English,"No, I have no issues seeing colours",32,Female,White,United Kingdom,United Kingdom,United Kingdom,English,No,Part-Time
6671c4aeaf19f9bae04048a8,65c732e873b992088286bec2,APPROVED,Not Applicable,2024-06-18T17:32:41.123000Z,2024-06-18T18:23:30.106000Z,2024-06-19T12:54:49.296000Z,2024-06-18T18:25:54.363912Z,3049.0,CD9A7ZYU,138,"English, Spanish","No, I have no issues seeing colours",23,Female,Black,Nigeria,United Kingdom,Nigeria,English,Yes,Unemployed (and job seeking)
6671c4c44da1c259af506f44,5b311fcea8327d0001000777,APPROVED,Not Applicable,2024-06-18T17:36:45.517000Z,2024-06-18T18:26:11.180000Z,2024-06-19T12:54:49.517000Z,2024-06-18T18:26:21.876443Z,2966.0,CD9A7ZYU,878,English,"No, I have no issues seeing colours",42,Female,White,United Kingdom,United Kingdom,United Kingdom,English,No,Full-Time
6671c4ccd5568c53c43fc4aa,665a00d9581153685eceb8d2,APPROVED,Not Applicable,2024-06-18T17:34:18.174000Z,2024-06-18T18:42:02.741000Z,2024-06-19T12:54:49.718000Z,2024-06-18T18:43:07.677641Z,4065.0,CD9A7ZYU,38,English,"No, I have no issues seeing colours",47,Female,White,United Kingdom,United Kingdom,United Kingdom,English,No,Part-Time
6671c4da3488e2b2134db7d0,60cb358cae78471cdfa7a0a6,RETURNED,Not Applicable,2024-06-18T17:33:18.859000Z,,,2024-07-08T16:04:23.338295Z,,,1130,CONSENT_REVOKED,CONSENT_REVOKED,CONSENT_REVOKED,CONSENT_REVOKED,CONSENT_REVOKED,CONSENT_REVOKED,CONSENT_REVOKED,CONSENT_REVOKED,CONSENT_REVOKED,CONSENT_REVOKED,CONSENT_REVOKED
6671c4dfabdc897227f72364,6636846a9190727f3132791a,APPROVED,Not Applicable,2024-06-18T17:33:27.783000Z,2024-06-18T18:48:42.198000Z,2024-06-19T12:54:49.915000Z,2024-06-18T18:48:42.752078Z,4515.0,CD9A7ZYU,169,English,"No, I have no issues seeing colours",45,Male,Black,United States,United States,United States,English,No,Unemployed (and job seeking)
6671c4e4d492b149069c3e7a,54b19cadfdf99b0b3d806330,APPROVED,Not Applicable,2024-06-18T17:33:54.175000Z,2024-06-18T18:22:19.195000Z,2024-06-19T12:54:50.127000Z,2024-06-18T18:22:19.694184Z,2906.0,CD9A7ZYU,1710,"Welsh, English","No, I have no issues seeing colours",43,Female,White,United Kingdom,United Kingdom,United Kingdom,English,No,Part-Time
6671c4f0b030403b9961ca17,5dfaafeec0b81f7f32f10709,APPROVED,Not Applicable,2024-06-18T17:36:01.408000Z,2024-06-18T18:34:07.200000Z,2024-06-19T12:54:50.318000Z,2024-06-18T18:34:58.294581Z,3486.0,CD9A7ZYU,2361,"English, Romanian","No, I have no issues seeing colours",29,Male,White,United States,United Kingdom,United States,English,Yes,Full-Time
6671c4fb37b522399f42c825,5b27587e007d870001c7de84,RETURNED,Not Applicable,2024-06-18T17:35:36.352000Z,,,2024-07-08T16:04:23.344725Z,,,614,CONSENT_REVOKED,CONSENT_REVOKED,CONSENT_REVOKED,CONSENT_REVOKED,CONSENT_REVOKED,CONSENT_REVOKED,CONSENT_REVOKED,CONSENT_REVOKED,CONSENT_REVOKED,CONSENT_REVOKED,CONSENT_REVOKED
6671c5008a7c5ee15caec7dd,665947e5a8fca6ea85c9abc0,APPROVED,Not Applicable,2024-06-18T17:35:40.529000Z,2024-06-18T18:25:04.663000Z,2024-06-19T12:54:50.519000Z,2024-06-18T18:26:13.137996Z,2965.0,CD9A7ZYU,28,English,"No, I have no issues seeing colours",18,Male,White,United Kingdom,United Kingdom,United Kingdom,English,Yes,Part-Time
6671c506d119576423f7939f,60fee8accc3a1247684fbe16,APPROVED,Not Applicable,2024-06-18T17:34:03.460000Z,2024-06-18T18:19:46.500000Z,2024-06-19T12:54:50.918000Z,2024-06-18T18:19:47.114499Z,2744.0,CD9A7ZYU,829,English,"No, I have no issues seeing colours",27,Female,White,United States,United States,United States,English,No,Full-Time
6671c50d237e741a86c23f53,6542617070afd2731d6bd018,APPROVED,Not Applicable,2024-06-18T17:34:10.631000Z,2024-06-18T18:23:13.046000Z,2024-06-19T12:54:51.116000Z,2024-06-18T18:23:13.565220Z,2943.0,CD9A7ZYU,401,English,"No, I have no issues seeing colours",41,Female,White,United Kingdom,United Kingdom,United Kingdom,English,No,Part-Time
6671c51ed6c734afae18adf4,6647aa527267da94043ce50d,APPROVED,Not Applicable,2024-06-18T17:34:22.618000Z,2024-06-18T18:28:11.353000Z,2024-06-19T12:54:51.312000Z,2024-06-18T18:28:17.041772Z,3229.0,CD9A7ZYU,42,English,"No, I have no issues seeing colours",40,Male,White,United Kingdom,United Kingdom,Ireland,English,No,Full-Time
6671c52cab24fe426493d0b7,615f0c2cab82bb38958bfd7f,APPROVED,Not Applicable,2024-06-18T17:34:49.312000Z,2024-06-18T18:24:34.109000Z,2024-06-19T12:54:51.549000Z,2024-06-18T18:26:08.373052Z,2985.0,CD9A7ZYU,1827,English,"No, I have no issues seeing colours",45,Male,White,United Kingdom,United Kingdom,United Kingdom,English,No,Part-Time
6671c52e5f18ca380f8ea33e,654b9c567ff6fb69c90e1263,APPROVED,Not Applicable,2024-06-18T17:34:45.862000Z,2024-06-18T18:21:00.190000Z,2024-06-19T12:54:51.783000Z,2024-06-18T18:21:00.734494Z,2775.0,CD9A7ZYU,139,English,"No, I have no issues seeing colours",35,Female,Mixed,Canada,United States,Canada,English,No,Full-Time
6671c52fce282dd221801d95,5d45d2c3b30ae50001578172,APPROVED,Not Applicable,2024-06-18T17:39:51.709000Z,2024-06-18T18:32:37.979000Z,2024-06-19T12:54:52.016000Z,2024-06-18T18:32:38.365012Z,3167.0,CD9A7ZYU,1495,English,"No, I have no issues seeing colours",44,Female,Black,United Kingdom,United Kingdom,United Kingdom,English,No,Full-Time
6671c533488d61bbc4dbfefc,5b5504e902660200017948c3,APPROVED,Not Applicable,2024-06-18T17:34:43.618000Z,2024-06-18T17:49:00.890000Z,2024-06-19T12:54:52.212000Z,2024-06-18T17:49:01.407717Z,858.0,CEG0G0I7,1928,English,"No, I have no issues seeing colours",49,Male,White,United Kingdom,United Kingdom,United Kingdom,English,No,"Not in paid work (e.g. homemaker', 'retired or disabled)"
6671c540c06623d0d57acb31,62fb7bd5e0c65f772ce189c8,APPROVED,Not Applicable,2024-06-18T17:35:02.066000Z,2024-06-18T18:37:25.661000Z,2024-06-19T12:54:52.415000Z,2024-06-18T18:37:26.215113Z,3744.0,CD9A7ZYU,738,English,"No, I have no issues seeing colours",47,Female,White,United Kingdom,United Kingdom,United Kingdom,English,No,DATA_EXPIRED
6671c54e2396454621bcf06a,662adac9f79478598b0e842c,APPROVED,Not Applicable,2024-06-18T17:35:15.005000Z,2024-06-18T18:27:29.414000Z,2024-06-19T12:54:52.639000Z,2024-06-18T18:27:29.873593Z,3135.0,CD9A7ZYU,18,English,"No, I have no issues seeing colours",31,Female,White,United Kingdom,United Kingdom,United Kingdom,English,No,Part-Time
6671c5518e8eb7cf2108d1da,65b2c1f20d8199c577778169,RETURNED,Not Applicable,2024-06-18T17:35:17.425000Z,,,2024-07-08T16:04:23.357913Z,,,188,CONSENT_REVOKED,CONSENT_REVOKED,CONSENT_REVOKED,CONSENT_REVOKED,CONSENT_REVOKED,CONSENT_REVOKED,CONSENT_REVOKED,CONSENT_REVOKED,CONSENT_REVOKED,CONSENT_REVOKED,CONSENT_REVOKED
6671c558af19f9bae04048e7,59e52174e75b450001a69189,APPROVED,Not Applicable,2024-06-18T17:35:31.128000Z,2024-06-18T18:34:36.349000Z,2024-06-19T12:54:52.838000Z,2024-06-18T18:35:53.187122Z,3546.0,CD9A7ZYU,1443,English,"No, I have no issues seeing colours",42,Female,White,United Kingdom,United Kingdom,United Kingdom,English,No,DATA_EXPIRED
6671c55ea2e7918290f2bcee,605fe9680cac2ea943d411ec,APPROVED,Not Applicable,2024-06-18T17:35:51.128000Z,2024-06-18T18:35:12.351000Z,2024-06-19T12:54:53.031000Z,2024-06-18T18:36:01.239151Z,3562.0,CD9A7ZYU,1877,English,"No, I have no issues seeing colours",34,Male,Black,United States,United States,United States,English,No,Part-Time
6671c57177fca07b973ee8c4,6644f8f56b474f497134b1c4,APPROVED,Not Applicable,2024-06-18T17:36:14.459000Z,2024-06-18T18:27:14.583000Z,2024-06-19T12:54:53.222000Z,2024-06-18T18:27:15.091119Z,3061.0,CD9A7ZYU,46,English,"No, I have no issues seeing colours",45,Female,White,United States,United States,United States,English,No,Full-Time
6671c590d0d9caaa35404795,63d7a26f594b17eba6a83328,APPROVED,Not Applicable,2024-06-18T17:36:57.013000Z,2024-06-18T18:26:38.054000Z,2024-06-19T12:54:53.423000Z,2024-06-18T18:26:38.565663Z,2982.0,CD9A7ZYU,413,English,"No, I have no issues seeing colours",28,Male,White,United Kingdom,United Kingdom,United Kingdom,English,No,Full-Time
6671c595a6ac1703f3c08510,664463deee6a56f00a43c35e,APPROVED,Not Applicable,2024-06-18T17:36:30.227000Z,2024-06-18T18:22:52.730000Z,2024-06-19T12:54:53.635000Z,2024-06-18T18:22:53.381030Z,2783.0,CD9A7ZYU,118,English,"No, I have no issues seeing colours",19,Male,White,United States,United States,United States,English,Yes,Unemployed (and job seeking)
6671c5966e102552cb9e1ae4,665735c6cfc5aaecdc031a50,APPROVED,Not Applicable,2024-06-18T17:38:48.337000Z,2024-06-18T18:24:25.242000Z,2024-06-19T12:54:53.836000Z,2024-06-18T18:26:07.517823Z,2737.0,CD9A7ZYU,62,English,"No, I have no issues seeing colours",40,Male,Asian,United Kingdom,United Kingdom,United Kingdom,English,No,Unemployed (and job seeking)
6671c5b5cf3fb340d11c727e,63ed78d1217e614a3c6b392e,APPROVED,Not Applicable,2024-06-18T17:37:06.467000Z,2024-06-18T17:51:09.738000Z,2024-06-19T12:54:54.043000Z,2024-06-18T17:51:10.455123Z,844.0,CEG0G0I7,1003,English,"No, I have no issues seeing colours",49,Female,White,United States,United States,United States,English,No,Full-Time
6671c5b6c3b19b1cd0899560,607360fe74938ad4139ad94b,TIMED-OUT,Not Applicable,2024-06-18T17:37:02.716000Z,,,2024-07-08T16:04:23.379519Z,1722441.0,,36,English,"No, I have no issues seeing colours",40,Female,White,United Kingdom,United Kingdom,United Kingdom,English,No,Full-Time
6671c5b96e102552cb9e1af2,66476157dbf12ebc5578b8da,APPROVED,Not Applicable,2024-06-18T17:37:04.641000Z,2024-06-18T18:27:38.608000Z,2024-06-19T12:54:54.402000Z,2024-06-18T18:27:39.419712Z,3034.0,CD9A7ZYU,24,"English, Welsh","No, I have no issues seeing colours",47,Female,White,United Kingdom,United Kingdom,United Kingdom,English,Yes,Part-Time
6671c5bf017cf6c68f0afbdb,58e4193733ae3700012735e5,RETURNED,Not Applicable,2024-06-18T17:37:09.504000Z,,,2024-07-08T16:04:23.385512Z,,,1241,CONSENT_REVOKED,CONSENT_REVOKED,CONSENT_REVOKED,CONSENT_REVOKED,CONSENT_REVOKED,CONSENT_REVOKED,CONSENT_REVOKED,CONSENT_REVOKED,CONSENT_REVOKED,CONSENT_REVOKED,CONSENT_REVOKED
6671c5c57d2badbbab688465,5eaab7bc385332016e089dda,APPROVED,Not Applicable,2024-06-18T17:37:33.506000Z,2024-06-18T18:19:54.026000Z,2024-06-19T12:54:54.594000Z,2024-06-18T18:19:54.531133Z,2541.0,CD9A7ZYU,917,English,"No, I have no issues seeing colours",38,Male,White,United Kingdom,United Kingdom,United Kingdom,English,No,Full-Time
6671c5daa3387f723e4aa66f,5dee8ee31255595293a9906b,RETURNED,Not Applicable,2024-06-18T17:37:37.555000Z,,,2024-07-08T16:04:23.380745Z,,,1499,CONSENT_REVOKED,CONSENT_REVOKED,CONSENT_REVOKED,CONSENT_REVOKED,CONSENT_REVOKED,CONSENT_REVOKED,CONSENT_REVOKED,CONSENT_REVOKED,CONSENT_REVOKED,CONSENT_REVOKED,CONSENT_REVOKED
6671c5ec0bef95e0799633c4,634689209c4779c9b181ff9f,APPROVED,Not Applicable,2024-06-18T17:41:57.698000Z,2024-06-18T18:34:11.742000Z,2024-06-19T12:54:54.794000Z,2024-06-18T18:35:06.959497Z,3135.0,CD9A7ZYU,191,English,"No, I have no issues seeing colours",30,Male,White,United Kingdom,United Kingdom,United Kingdom,English,No,Full-Time
6671c5ef23175a39100f992c,6658bcfd198f87b4009b05d6,APPROVED,Not Applicable,2024-06-18T17:37:56.679000Z,2024-06-18T18:24:46.989000Z,2024-06-19T12:54:54.995000Z,2024-06-18T18:26:10.370271Z,2811.0,CD9A7ZYU,23,English,"No, I have no issues seeing colours",26,Female,Black,United Kingdom,United Kingdom,United Kingdom,English,No,Full-Time
6671c5f5fe6be97d8151af25,594c69ee4b07c400013aa466,APPROVED,Not Applicable,2024-06-18T17:38:03.646000Z,2024-06-18T18:23:26.390000Z,2024-06-19T12:54:55.186000Z,2024-06-18T18:25:53.418584Z,2723.0,CD9A7ZYU,1277,"English, French, Tagalog-Filipino","No, I have no issues seeing colours",33,Female,Mixed,United Kingdom,United Kingdom,United Kingdom,English,Yes,DATA_EXPIRED
6671c5f78b7a9e2cbbca5fac,6633fa4ebe0a692fc1a5f422,APPROVED,Not Applicable,2024-06-18T17:38:16.454000Z,2024-06-18T18:39:41.323000Z,2024-06-19T12:54:55.378000Z,2024-06-18T18:39:41.849735Z,3685.0,CD9A7ZYU,69,English,"No, I have no issues seeing colours",32,Male,White,United Kingdom,United Kingdom,United Kingdom,English,No,Part-Time
6671c5fb77389236a6084c4f,6658b13d6a1df274ee633f90,APPROVED,Not Applicable,2024-06-18T17:38:10.375000Z,2024-06-18T18:29:10.357000Z,2024-06-19T12:54:55.578000Z,2024-06-18T18:29:11.032268Z,3060.0,CD9A7ZYU,41,English,"No, I have no issues seeing colours",25,Male,White,United Kingdom,United Kingdom,United Kingdom,English,No,Unemployed (and job seeking)
6671c641fdf431b31a797f0f,628d78a2ccf4a41f24c2d2d8,APPROVED,Not Applicable,2024-06-18T17:39:24.654000Z,2024-06-18T18:46:55.359000Z,2024-06-19T12:54:55.776000Z,2024-06-18T18:47:57.773555Z,4051.0,CD9A7ZYU,1560,English,"No, I have no issues seeing colours",20,Male,White,United States,United States,United States,English,No,Unemployed (and job seeking)
6671c6427c3cf6961f084d0e,6658b3351fbec54d5289350d,APPROVED,Not Applicable,2024-06-18T17:40:12.063000Z,2024-06-18T18:29:42.081000Z,2024-06-19T12:54:55.978000Z,2024-06-18T18:29:42.672839Z,2971.0,CD9A7ZYU,20,English,"No, I have no issues seeing colours",25,Female,Black,United Kingdom,United Kingdom,United Kingdom,English,Yes,Unemployed (and job seeking)
6671c6463d9110cf931c3848,5a68c8ec63394a000155cbb9,APPROVED,Not Applicable,2024-06-18T17:39:23.752000Z,2024-06-18T18:31:06.393000Z,2024-06-19T12:54:56.172000Z,2024-06-18T18:31:07.004068Z,3103.0,CD9A7ZYU,1446,English,"No, I have no issues seeing colours",48,Female,White,United States,United States,United States,English,No,Full-Time
6671c675c241d9f8be15d016,6635f3697ffd152017461397,APPROVED,Not Applicable,2024-06-18T17:40:18.341000Z,2024-06-18T18:36:31.125000Z,2024-06-19T12:54:56.367000Z,2024-06-18T18:36:31.696086Z,3373.0,CD9A7ZYU,20,English,"No, I have no issues seeing colours",31,Male,Black,Nigeria,United Kingdom,Nigeria,English,No,Full-Time
6671c67e18caccf02a0abba0,6659f69f13983841995832ae,APPROVED,Not Applicable,2024-06-18T17:40:19.300000Z,2024-06-18T18:26:46.507000Z,2024-06-19T12:54:56.564000Z,2024-06-18T18:26:47.062676Z,2788.0,CD9A7ZYU,18,English,"No, I have no issues seeing colours",29,Female,White,United Kingdom,United Kingdom,United Kingdom,English,No,Part-Time
6671c67e87ebb15a0ae1dff4,66572a95e52bc5d24caedc7b,APPROVED,Not Applicable,2024-06-18T17:44:28.206000Z,2024-06-18T18:38:34.211000Z,2024-06-19T12:54:56.762000Z,2024-06-18T18:38:34.599313Z,3247.0,CD9A7ZYU,30,English,"No, I have no issues seeing colours",33,Female,White,United Kingdom,United Kingdom,United Kingdom,English,No,Part-Time
6671c68194f20adf93f7234e,632b3639f61612815d100608,APPROVED,Not Applicable,2024-06-18T17:41:50.258000Z,2024-06-18T19:17:34.668000Z,2024-06-19T12:54:56.991000Z,2024-06-18T19:18:18.743038Z,5745.0,CD9A7ZYU,850,English,"No, I have no issues seeing colours",31,Male,Black,United Kingdom,United Kingdom,United Kingdom,English,DATA_EXPIRED,DATA_EXPIRED
6671c6838179832977bf8e36,65d5106c519964c4e8fe85dc,APPROVED,Not Applicable,2024-06-18T17:40:23.849000Z,2024-06-18T18:26:06.008000Z,2024-06-19T12:54:57.192000Z,2024-06-18T18:26:22.160349Z,2743.0,CD9A7ZYU,358,"Chinese, English","No, I have no issues seeing colours",27,Female,Asian,China,United States,China,English,Yes,Full-Time
6671c6859d2cdd5bd6f2a5ae,596155a998cf77000106f8d8,RETURNED,Not Applicable,2024-06-18T17:40:26.683000Z,,,2024-07-08T16:04:23.412040Z,,,3616,CONSENT_REVOKED,CONSENT_REVOKED,CONSENT_REVOKED,CONSENT_REVOKED,CONSENT_REVOKED,CONSENT_REVOKED,CONSENT_REVOKED,CONSENT_REVOKED,CONSENT_REVOKED,CONSENT_REVOKED,CONSENT_REVOKED
6671c693f35007ecc777bbaf,6145e674f74f637530a08a39,APPROVED,Not Applicable,2024-06-18T17:41:12.245000Z,2024-06-18T18:25:10.544000Z,2024-06-19T12:54:57.390000Z,2024-06-18T18:26:13.839757Z,2639.0,CD9A7ZYU,147,English,"No, I have no issues seeing colours",20,Female,White,United Kingdom,United Kingdom,United Kingdom,English,Yes,Part-Time
6671c698ab24fe426493d0f2,5a3be356c69d960001598162,APPROVED,Not Applicable,2024-06-18T17:42:25.919000Z,2024-06-18T18:28:15.381000Z,2024-06-19T12:54:57.595000Z,2024-06-18T18:28:24.934855Z,2750.0,CD9A7ZYU,137,English,"No, I have no issues seeing colours",33,Female,White,United Kingdom,United Kingdom,United Kingdom,English,No,Full-Time
6671c69acf3fb340d11c72a2,5e1489c27855d3aa8c6b6959,RETURNED,Not Applicable,2024-06-18T17:40:46.910000Z,,,2024-07-08T16:04:23.421525Z,,,563,CONSENT_REVOKED,CONSENT_REVOKED,CONSENT_REVOKED,CONSENT_REVOKED,CONSENT_REVOKED,CONSENT_REVOKED,CONSENT_REVOKED,CONSENT_REVOKED,CONSENT_REVOKED,CONSENT_REVOKED,CONSENT_REVOKED
6671c69e07dcbf6e735a815c,66718617fd80560808562990,APPROVED,Not Applicable,2024-06-18T17:40:57.657000Z,2024-06-18T18:32:35.715000Z,2024-06-19T12:54:57.788000Z,2024-06-18T18:32:36.187647Z,3099.0,CD9A7ZYU,1,English,"No, I have no issues seeing colours",25,Male,White,United Kingdom,United Kingdom,United Kingdom,English,No,Due to start a new job within the next month
6671c6a08e9d89ee3944ff50,65602bda0d0e433540dc765b,APPROVED,Not Applicable,2024-06-18T17:40:52.219000Z,2024-06-18T18:39:45.047000Z,2024-06-19T12:54:57.979000Z,2024-06-18T18:39:45.642545Z,3533.0,CD9A7ZYU,217,English,"No, I have no issues seeing colours",19,Female,Asian,United States,United States,United States,English,Yes,Part-Time
6671c6a14e68634542f709d8,5b278c153a20420001efd41b,APPROVED,Not Applicable,2024-06-18T17:44:30.199000Z,2024-06-18T18:33:45.488000Z,2024-06-19T12:54:58.175000Z,2024-06-18T18:34:12.398999Z,2956.0,CD9A7ZYU,2155,English,"No, I have no issues seeing colours",46,Female,White,United Kingdom,United Kingdom,United Kingdom,English,No,Part-Time
6671c6a4c223f4949efed34a,5c51d18698b0ff000110da96,APPROVED,Not Applicable,2024-06-18T17:43:00.480000Z,2024-06-18T18:42:20.397000Z,2024-06-19T12:54:58.361000Z,2024-06-18T18:44:16.253485Z,3560.0,CD9A7ZYU,1943,English,"No, I have no issues seeing colours",40,Female,Mixed,United Kingdom,United Kingdom,United Kingdom,English,No,Part-Time
6671c6a517ad2066dde1e009,665a00b92b54adb2e61b1ac0,RETURNED,Not Applicable,2024-06-18T17:50:53.239000Z,,,2024-07-08T16:04:23.429132Z,,,70,CONSENT_REVOKED,CONSENT_REVOKED,CONSENT_REVOKED,CONSENT_REVOKED,CONSENT_REVOKED,CONSENT_REVOKED,CONSENT_REVOKED,CONSENT_REVOKED,CONSENT_REVOKED,CONSENT_REVOKED,CONSENT_REVOKED
6671c6a9e0cc90d2bf18ae86,5ee18255395f8655ae190e48,APPROVED,Not Applicable,2024-06-18T17:41:39.203000Z,2024-06-18T18:45:30.415000Z,2024-06-19T12:54:58.558000Z,2024-06-18T18:47:09.311101Z,3832.0,CD9A7ZYU,1323,"Arabic, English, Portuguese","No, I have no issues seeing colours",39,Male,White,United Kingdom,United Kingdom,United Kingdom,English,No,Full-Time
6671c6ae9f0d38a297f4cbc6,5e7c7bf3ca18002bd9cf6eca,APPROVED,Not Applicable,2024-06-18T17:41:05.613000Z,2024-06-18T18:29:24.368000Z,2024-06-19T12:54:58.745000Z,2024-06-18T18:29:24.877914Z,2899.0,CD9A7ZYU,1569,English,"No, I have no issues seeing colours",45,Male,White,United Kingdom,United Kingdom,United Kingdom,English,No,Full-Time
6671c6bc5d9b8144f95cef64,5af6e223e19f8c00019e518a,APPROVED,Not Applicable,2024-06-18T17:44:03.152000Z,2024-06-18T18:04:45.585000Z,2024-06-19T12:54:58.949000Z,2024-06-18T18:08:35.467427Z,1243.0,NOCODE,242,English,"No, I have no issues seeing colours",47,Female,White,United Kingdom,United Kingdom,United Kingdom,English,No,Full-Time
6671c6bfb8fd6cf5a8fc59e0,614c6f6d59ee1549ff1f493e,APPROVED,Not Applicable,2024-06-18T17:42:12.258000Z,2024-06-18T18:26:52.149000Z,2024-06-19T12:54:59.144000Z,2024-06-18T18:26:52.668010Z,2680.0,CD9A7ZYU,1997,English,"No, I have no issues seeing colours",46,Male,White,United Kingdom,United Kingdom,United Kingdom,English,No,Full-Time
6671c6cc2a8b186d56dc007a,65e74105c99a4ee078b66239,APPROVED,Not Applicable,2024-06-18T17:41:48.097000Z,2024-06-18T18:35:21.213000Z,2024-06-19T12:54:59.340000Z,2024-06-18T18:36:04.000110Z,3214.0,CD9A7ZYU,237,English,"No, I have no issues seeing colours",29,Male,White,United Kingdom,United Kingdom,United Kingdom,English,No,Full-Time
6671c6cd0bef95e0799633ee,6666293d112b79e87d0ce0cc,APPROVED,Not Applicable,2024-06-18T17:43:31.844000Z,2024-06-18T18:38:02.807000Z,2024-06-19T12:54:59.549000Z,2024-06-18T18:38:03.447133Z,3271.0,CD9A7ZYU,13,"English, Portuguese","No, I have no issues seeing colours",20,Female,Mixed,Portugal,United Kingdom,United Kingdom,English,Yes,DATA_EXPIRED
6671c6d7a6ac1703f3c08560,6458fe267afe71c7aa4de260,APPROVED,Not Applicable,2024-06-18T17:42:45.956000Z,2024-06-18T18:36:43.853000Z,2024-06-19T12:54:59.755000Z,2024-06-18T18:36:44.614916Z,3238.0,CD9A7ZYU,697,English,"No, I have no issues seeing colours",41,Female,White,United Kingdom,United Kingdom,United Kingdom,English,No,Part-Time
6671c6ee8bccb6f41fad5b0c,65bcba7abc3559a97b375589,APPROVED,Not Applicable,2024-06-18T17:42:06.263000Z,2024-06-18T18:33:30.435000Z,2024-06-19T12:54:59.962000Z,2024-06-18T18:33:47.190075Z,3085.0,CD9A7ZYU,244,English,"No, I have no issues seeing colours",47,Female,Mixed,United Kingdom,United Kingdom,United Kingdom,English,No,Other
6671c6f98d5961a215e325d8,56f597c5736c79000b228052,RETURNED,Not Applicable,2024-06-18T17:52:17.938000Z,,,2024-07-08T16:04:23.447151Z,,,3338,CONSENT_REVOKED,CONSENT_REVOKED,CONSENT_REVOKED,CONSENT_REVOKED,CONSENT_REVOKED,CONSENT_REVOKED,CONSENT_REVOKED,CONSENT_REVOKED,CONSENT_REVOKED,CONSENT_REVOKED,CONSENT_REVOKED
6671c6ff214aef6535842e36,6658d0462f184dccfa54367d,APPROVED,Not Applicable,2024-06-18T17:42:33.414000Z,2024-06-18T18:44:07.538000Z,2024-06-19T12:55:00.171000Z,2024-06-18T18:46:05.044945Z,3695.0,CD9A7ZYU,14,English,"No, I have no issues seeing colours",30,Male,Black,United Kingdom,United Kingdom,Nigeria,English,No,Full-Time
6671c7054b6e608590d55c12,5ea32eac04834a2926e31b0f,APPROVED,Not Applicable,2024-06-18T17:42:33.167000Z,2024-06-18T18:24:34.805000Z,2024-06-19T12:55:00.370000Z,2024-06-18T18:26:08.962308Z,2522.0,CD9A7ZYU,567,English,"No, I have no issues seeing colours",30,Female,White,United Kingdom,United Kingdom,United Kingdom,English,No,Full-Time
6671c70babdc897227f723f2,6658c862c0f839493f866a75,APPROVED,Not Applicable,2024-06-18T17:42:40.183000Z,2024-06-18T18:27:11.749000Z,2024-06-19T12:55:00.900000Z,2024-06-18T18:27:12.222485Z,2672.0,CD9A7ZYU,49,"Hindi, Urdu, Gujarati, English","No, I have no issues seeing colours",29,Male,Asian,United Kingdom,United Kingdom,United Kingdom,English,No,Full-Time
6671c713856a8690ada645d1,64e0d6b839b0306275fb8168,APPROVED,Not Applicable,2024-06-18T17:44:08.732000Z,2024-06-18T18:36:09.258000Z,2024-06-19T12:55:01.150000Z,2024-06-18T18:36:17.553667Z,3121.0,CD9A7ZYU,168,"English, Tagalog-Filipino","No, I have no issues seeing colours",21,Female,Asian,United Kingdom,United Kingdom,United Kingdom,English,Yes,Other
6671c71b93f7c00fbd797eb4,6124ea99728014c37c9635c7,APPROVED,Not Applicable,2024-06-18T17:50:20.547000Z,2024-06-18T18:53:43.469000Z,2024-06-19T12:55:01.343000Z,2024-06-18T18:56:46.048812Z,3803.0,CD9A7ZYU,966,English,"No, I have no issues seeing colours",20,Female,Mixed,United Kingdom,United Kingdom,United Kingdom,English,Yes,Unemployed (and job seeking)
6671c71fa5e3aa793b5d5a11,60fbda8da0a0d35e04244499,APPROVED,Not Applicable,2024-06-18T17:43:29.807000Z,2024-06-18T18:30:54.818000Z,2024-06-19T12:55:01.553000Z,2024-06-18T18:30:55.627161Z,2846.0,CD9A7ZYU,329,English,"No, I have no issues seeing colours",25,Female,White,United Kingdom,United Kingdom,United Kingdom,English,No,Full-Time
6671c7237370c9641f722be5,601a13974cfca921da8a5189,RETURNED,Not Applicable,2024-06-18T17:52:59.486000Z,,,2024-07-08T16:04:23.438927Z,,,173,CONSENT_REVOKED,CONSENT_REVOKED,CONSENT_REVOKED,CONSENT_REVOKED,CONSENT_REVOKED,CONSENT_REVOKED,CONSENT_REVOKED,CONSENT_REVOKED,CONSENT_REVOKED,CONSENT_REVOKED,CONSENT_REVOKED
6671c7264b3052c7064e828d,6654ea56b80ff7608a7ae905,APPROVED,Not Applicable,2024-06-18T17:43:06.277000Z,2024-06-18T18:32:46.441000Z,2024-06-19T12:55:01.766000Z,2024-06-18T18:32:46.986557Z,2981.0,CD9A7ZYU,22,English,"No, I have no issues seeing colours",27,Male,Asian,United Kingdom,United Kingdom,United Kingdom,English,No,Full-Time
6671c72be8c9dac5ff497fca,666600547628e9babf3517b2,APPROVED,Not Applicable,2024-06-18T17:43:18.760000Z,2024-06-18T18:39:32.426000Z,2024-06-19T12:55:02.032000Z,2024-06-18T18:39:32.967552Z,3374.0,CD9A7ZYU,7,"English, Other","No, I have no issues seeing colours",23,Female,Black,United States,United Kingdom,United States,English,Yes,Unemployed (and job seeking)
6671c733488d61bbc4dbff52,5e8b765e88065404c4d50fe2,RETURNED,Not Applicable,2024-06-18T17:43:15.447000Z,,,2024-07-08T16:04:23.456247Z,,,1501,CONSENT_REVOKED,CONSENT_REVOKED,CONSENT_REVOKED,CONSENT_REVOKED,CONSENT_REVOKED,CONSENT_REVOKED,CONSENT_REVOKED,CONSENT_REVOKED,CONSENT_REVOKED,CONSENT_REVOKED,CONSENT_REVOKED
6671c74c2c78fc27fb555d40,614782b3984210a92c787d6d,APPROVED,Not Applicable,2024-06-18T17:43:59.988000Z,2024-06-18T18:29:56.645000Z,2024-06-19T12:55:02.253000Z,2024-06-18T18:29:57.575171Z,2757.0,CD9A7ZYU,920,English,"No, I have no issues seeing colours",38,Female,White,United Kingdom,United Kingdom,United Kingdom,English,No,Full-Time
6671c7503f176997f8aec87a,5c91fad394f7e600172f9d4a,APPROVED,Not Applicable,2024-06-18T17:45:14.683000Z,2024-06-18T18:44:08.619000Z,2024-06-19T12:55:02.812000Z,2024-06-18T18:46:07.516840Z,3534.0,CD9A7ZYU,1986,English,"No, I have no issues seeing colours",47,Female,White,United Kingdom,United Kingdom,United Kingdom,English,Yes,Part-Time
6671c7527a7a58bdd4d8c49f,6658bcdeee0559730099503b,APPROVED,Not Applicable,2024-06-18T17:43:54.634000Z,2024-06-18T18:34:51.565000Z,2024-06-19T12:55:03.063000Z,2024-06-18T18:35:56.666935Z,3057.0,CD9A7ZYU,2,English,"No, I have no issues seeing colours",19,Female,Mixed,United Kingdom,United Kingdom,United Kingdom,English,Yes,Full-Time
6671c754281e4ff5431292b9,57d2edf35e9bc90001f76b06,APPROVED,Not Applicable,2024-06-18T17:43:52.089000Z,2024-06-18T18:41:32.702000Z,2024-06-19T12:55:03.261000Z,2024-06-18T18:41:49.186531Z,3461.0,CD9A7ZYU,631,English,"No, I have no issues seeing colours",42,Female,White,United Kingdom,United Kingdom,United Kingdom,English,No,"Not in paid work (e.g. homemaker', 'retired or disabled)"
6671c75f7d869acd26e324c2,5d5dc275c4776b001936cddd,APPROVED,Not Applicable,2024-06-18T17:44:06.229000Z,2024-06-18T18:41:00.154000Z,2024-06-19T12:55:03.458000Z,2024-06-18T18:41:08.644802Z,3414.0,CD9A7ZYU,4,English,"No, I have no issues seeing colours",28,Female,White,United Kingdom,United Kingdom,United Kingdom,English,No,Full-Time
6671c7687a7a58bdd4d8c4a4,6658b52e7eff2a1582ca671b,APPROVED,Not Applicable,2024-06-18T17:44:12.448000Z,2024-06-18T18:29:14.964000Z,2024-06-19T12:55:03.666000Z,2024-06-18T18:29:15.569843Z,2703.0,CD9A7ZYU,25,English,"No, I have no issues seeing colours",25,Female,White,United Kingdom,United Kingdom,United Kingdom,English,No,Part-Time
6671c76a04ce4e2524efc7f1,5ffaff9cd071dd4e7ce5e31a,RETURNED,Not Applicable,2024-06-18T17:44:17.534000Z,,,2024-07-08T16:04:23.465665Z,,,456,CONSENT_REVOKED,CONSENT_REVOKED,CONSENT_REVOKED,CONSENT_REVOKED,CONSENT_REVOKED,CONSENT_REVOKED,CONSENT_REVOKED,CONSENT_REVOKED,CONSENT_REVOKED,CONSENT_REVOKED,CONSENT_REVOKED
6671c7725833fbaba20d874b,665b7b3f5c51de1463521b6a,APPROVED,Not Applicable,2024-06-18T17:44:22.028000Z,2024-06-18T18:31:43.237000Z,2024-06-19T12:55:03.878000Z,2024-06-18T18:31:43.670566Z,2842.0,CD9A7ZYU,20,English,"No, I have no issues seeing colours",20,Female,White,South Africa,United Kingdom,United Kingdom,English,No,Part-Time
6671c77f0f4742e48fc963b2,62a12aee913c1c1a20613418,APPROVED,Not Applicable,2024-06-18T17:44:31.058000Z,2024-06-18T18:28:57.298000Z,2024-06-19T12:55:04.131000Z,2024-06-18T18:29:02.271009Z,2667.0,CD9A7ZYU,1090,English,"No, I have no issues seeing colours",27,Male,White,United Kingdom,United Kingdom,United Kingdom,English,No,Unemployed (and job seeking)
6671c78081275d15833aa0b6,65d687224b44a4dcf4d06863,APPROVED,Not Applicable,2024-06-18T17:46:57.340000Z,2024-06-18T18:45:19.209000Z,2024-06-19T12:55:04.333000Z,2024-06-18T18:47:05.192568Z,3502.0,CD9A7ZYU,328,English,"No, I have no issues seeing colours",46,Female,White,United States,United States,United States,English,No,Unemployed (and job seeking)
6671c791e8c9dac5ff497fde,665c4369f98a5dfced84559a,RETURNED,Not Applicable,2024-06-18T17:55:00.074000Z,,,2024-07-08T16:04:23.469487Z,,,69,CONSENT_REVOKED,CONSENT_REVOKED,CONSENT_REVOKED,CONSENT_REVOKED,CONSENT_REVOKED,CONSENT_REVOKED,CONSENT_REVOKED,CONSENT_REVOKED,CONSENT_REVOKED,CONSENT_REVOKED,CONSENT_REVOKED
6671c793e72438979ec673c0,62a999b8ed876efe5ffe9599,APPROVED,Not Applicable,2024-06-18T17:46:36.339000Z,2024-06-18T18:54:43.729000Z,2024-06-19T12:55:04.540000Z,2024-06-18T18:57:31.175221Z,4088.0,CD9A7ZYU,500,English,"No, I have no issues seeing colours",44,Male,White,United Kingdom,United Kingdom,United Kingdom,English,No,"Not in paid work (e.g. homemaker', 'retired or disabled)"
6671c7968d5961a215e325fc,6658bcb77effe3be35b0e6ea,APPROVED,Not Applicable,2024-06-18T17:45:17.251000Z,2024-06-18T18:44:56.596000Z,2024-06-19T12:55:04.746000Z,2024-06-18T18:46:40.502781Z,3580.0,CD9A7ZYU,33,English,"No, I have no issues seeing colours",28,Male,White,United Kingdom,United Kingdom,United Kingdom,English,No,Full-Time
6671c799574a6be045b8c641,600cc0ed3a7a0744a0699c5b,APPROVED,Not Applicable,2024-06-18T17:44:57.845000Z,2024-06-18T18:30:15.296000Z,2024-06-19T12:55:04.965000Z,2024-06-18T18:30:16.139572Z,2718.0,CD9A7ZYU,942,English,"No, I have no issues seeing colours",31,Male,White,United Kingdom,United Kingdom,United Kingdom,English,Yes,Full-Time
6671c79ff3575b6c056b7815,60a4efcabe6d8f29513a5258,APPROVED,Not Applicable,2024-06-18T17:45:09.706000Z,2024-06-18T18:28:46.886000Z,2024-06-19T12:55:05.196000Z,2024-06-18T18:28:59.727041Z,2618.0,CD9A7ZYU,165,English,"No, I have no issues seeing colours",23,Male,White,United Kingdom,United Kingdom,United Kingdom,English,No,Full-Time
6671c7bb81d3578f72ab11ca,5df46da2867681330ca44c39,APPROVED,Not Applicable,2024-06-18T17:45:35.571000Z,2024-06-18T18:29:11.189000Z,2024-06-19T12:55:05.443000Z,2024-06-18T18:29:11.822531Z,2616.0,CD9A7ZYU,250,English,"No, I have no issues seeing colours",29,Male,White,United States,United States,United States,English,Yes,Part-Time
6671c7c0aacbf8f0a7568b02,5cfe43f8d09fbc00013a0ee5,APPROVED,Not Applicable,2024-06-18T17:45:36.234000Z,2024-06-18T18:27:53.162000Z,2024-06-19T12:55:05.642000Z,2024-06-18T18:27:53.789144Z,2537.0,CD9A7ZYU,1114,English,"No, I have no issues seeing colours",30,Female,White,United Kingdom,United Kingdom,United Kingdom,English,No,Full-Time
6671c7c8b28a3c4ecd07adb1,5e7e846a89a21d55d5e77411,APPROVED,Not Applicable,2024-06-18T17:46:06.345000Z,2024-06-18T18:49:36.774000Z,2024-06-19T12:55:05.891000Z,2024-06-18T18:49:37.315205Z,3811.0,CD9A7ZYU,352,English,"No, I have no issues seeing colours",22,Male,Asian,United Kingdom,United Kingdom,United Kingdom,English,No,DATA_EXPIRED
6671c7d1a445237ba3890907,665488225b3bbb3e8317b1bd,APPROVED,Not Applicable,2024-06-18T17:47:12.336000Z,2024-06-18T19:05:25.399000Z,2024-06-19T12:55:06.119000Z,2024-06-18T19:06:32.197150Z,4694.0,CD9A7ZYU,20,English,"No, I have no issues seeing colours",31,Female,White,United Kingdom,United Kingdom,Ireland,English,No,Full-Time
6671c7e7d06784748b51b21d,65a68cb02b70524088c53064,RETURNED,Not Applicable,2024-06-18T17:46:15.660000Z,,,2024-07-08T16:04:23.476342Z,,,390,CONSENT_REVOKED,CONSENT_REVOKED,CONSENT_REVOKED,CONSENT_REVOKED,CONSENT_REVOKED,CONSENT_REVOKED,CONSENT_REVOKED,CONSENT_REVOKED,CONSENT_REVOKED,CONSENT_REVOKED,CONSENT_REVOKED
6671c7fc522c7b6bd24e823b,663316bf6334f1396d7df80f,APPROVED,Not Applicable,2024-06-18T17:47:42.416000Z,2024-06-18T18:41:50.635000Z,2024-06-19T12:55:06.327000Z,2024-06-18T18:42:26.280002Z,3249.0,CD9A7ZYU,68,English,"No, I have no issues seeing colours",40,Female,White,United States,United States,United States,English,No,Full-Time
6671c805bf94d2b28ff70b12,66240f6ce1a02cdc40bb666a,APPROVED,Not Applicable,2024-06-18T17:47:24.775000Z,2024-06-18T18:39:23.889000Z,2024-06-19T12:55:06.540000Z,2024-06-18T18:39:24.427180Z,3120.0,CD9A7ZYU,119,English,"No, I have no issues seeing colours",41,Female,White,United Kingdom,United Kingdom,United Kingdom,English,No,Full-Time
6671c82c69c6d9874a8fd7aa,64401708880c30ec28b9aef4,APPROVED,Not Applicable,2024-06-18T17:47:24.293000Z,2024-06-18T18:35:03.602000Z,2024-06-19T12:55:06.754000Z,2024-06-18T18:35:59.227317Z,2860.0,CD9A7ZYU,400,English,"No, I have no issues seeing colours",26,Male,White,United Kingdom,United Kingdom,United Kingdom,English,No,Full-Time
6671ca04b31f153d89971904,664f51de48781908d0283224,RETURNED,Not Applicable,2024-06-18T18:05:16.290000Z,,,2024-07-08T16:04:23.484520Z,,,71,CONSENT_REVOKED,CONSENT_REVOKED,CONSENT_REVOKED,CONSENT_REVOKED,CONSENT_REVOKED,CONSENT_REVOKED,CONSENT_REVOKED,CONSENT_REVOKED,CONSENT_REVOKED,CONSENT_REVOKED,CONSENT_REVOKED
6671ca331db68107d808e1cc,6666ef99b3beef6d08efdbfc,APPROVED,Not Applicable,2024-06-18T17:56:13.687000Z,2024-06-18T18:44:00.768000Z,2024-06-19T12:55:06.966000Z,2024-06-18T18:45:58.112116Z,2868.0,CD9A7ZYU,14,English,"No, I have no issues seeing colours",31,Female,White,United Kingdom,United Kingdom,United Kingdom,English,No,Full-Time
6671d33d7359a4b408fed76b,62a42874616cea6120350ad9,APPROVED,Not Applicable,2024-06-18T18:34:44.328000Z,2024-06-18T19:21:04.934000Z,2024-06-19T12:55:07.174000Z,2024-06-18T19:21:06.059248Z,2781.0,CD9A7ZYU,3459,English,"No, I have no issues seeing colours",35,Male,White,United States,United States,United States,English,No,Full-Time
6671e0277f65955fae8342a4,63e5eb956eab1f2740ac6289,APPROVED,Not Applicable,2024-06-18T19:30:02.439000Z,2024-06-18T20:19:24.948000Z,2024-06-19T12:55:07.385000Z,2024-06-18T20:20:09.591277Z,2963.0,CD9A7ZYU,1359,English,"No, I have no issues seeing colours",30,Male,White,United Kingdom,United Kingdom,United Kingdom,English,No,"Not in paid work (e.g. homemaker', 'retired or disabled)"
6671e069fa827c80793aa775,63d17686afe6614ac1f77f9b,APPROVED,Not Applicable,2024-06-18T19:30:49.606000Z,2024-06-18T20:28:23.564000Z,2024-06-19T12:55:07.635000Z,2024-06-18T20:30:08.304095Z,3454.0,CD9A7ZYU,638,English,"No, I have no issues seeing colours",25,Male,Mixed,United Kingdom,United Kingdom,United Kingdom,English,Yes,Full-Time
6671e06c026b56eeaf17f00c,6638e643284b804701f00535,APPROVED,Not Applicable,2024-06-18T19:30:52.202000Z,2024-06-18T21:18:40.044000Z,2024-06-19T12:55:07.850000Z,2024-06-18T21:19:08.221458Z,6468.0,CD9A7ZYU,110,English,"No, I have no issues seeing colours",30,Male,Black,Nigeria,United Kingdom,Nigeria,English,No,Full-Time
6671e3d7fe6be97d8151b5b4,665c050b07508f6c4f8d01e0,APPROVED,Not Applicable,2024-06-18T19:45:46.800000Z,2024-06-18T20:29:53.838000Z,2024-06-19T12:55:08.076000Z,2024-06-18T20:30:40.215953Z,2648.0,CD9A7ZYU,53,English,"No, I have no issues seeing colours",32,Female,White,United Kingdom,United Kingdom,United Kingdom,English,No,Full-Time
6671c317544b98984a0f98ff,63d13c3bcde8f0843d3dde24,TIMED-OUT,Not Applicable,2024-06-18T17:25:48.889000Z,,,,1723510.0,,258,English,"No, I have no issues seeing colours",41,Female,White,United Kingdom,United Kingdom,United Kingdom,English,No,Full-Time
6671e044c9c543053413690a,606c8e6bc369e4344ecd5ed1,RETURNED,Not Applicable,2024-06-18T19:40:12.199000Z,,,,,,243,CONSENT_REVOKED,CONSENT_REVOKED,CONSENT_REVOKED,CONSENT_REVOKED,CONSENT_REVOKED,CONSENT_REVOKED,CONSENT_REVOKED,CONSENT_REVOKED,CONSENT_REVOKED,CONSENT_REVOKED,CONSENT_REVOKED
