Submission id,Participant id,Status,Started at,Completed at,Reviewed at,Archived at,Time taken,Completion code,Total approvals,Fluent languages,Age,Sex,Ethnicity simplified,Country of birth,Country of residence,Nationality,Language,Student status,Employment status,Custom study tncs accepted at
65a931ca3d7a4161573dd2ab,5dde2ba745fb05d83d91d8ad,APPROVED,2024-01-18T14:12:30.625000Z,2024-01-18T14:45:59.656000Z,2024-01-18T16:27:25.131000Z,2024-01-18T14:46:00.227211Z,2010.0,CDH5AM11,403,English,32,Male,White,United Kingdom,United Kingdom,United Kingdom,English,No,Full-Time,
65a931da8ecae7c2d1fe3abb,65a3c31a29f1fc585996911f,APPROVED,2024-01-18T14:12:50.281000Z,2024-01-18T14:53:24.343000Z,2024-01-18T16:27:25.440000Z,2024-01-18T14:53:24.814463Z,2435.0,CDH5AM11,2,English,69,Male,Black,Nigeria,United States,Nigeria,English,No,Part-Time,
65a93214f41753de19544b73,63d006dc15bb7a9753aa56ab,APPROVED,2024-01-18T14:13:46.149000Z,2024-01-18T14:47:20.223000Z,2024-01-18T16:27:25.640000Z,2024-01-18T14:47:20.768576Z,2015.0,CDH5AM11,141,English,36,Male,White,United Kingdom,United Kingdom,United Kingdom,English,No,Full-Time,
65a93274932bcb966c2316f7,60c9abe32799d8a970e92799,APPROVED,2024-01-18T14:15:22.180000Z,2024-01-18T14:40:35.451000Z,2024-01-18T16:27:25.840000Z,2024-01-18T14:40:36.024968Z,1514.0,CDH5AM11,408,"English, French",39,Male,White,United Kingdom,United Kingdom,United Kingdom,English,No,Full-Time,
65a9328645e701b01aeec40f,63e527f52b035555467c68b4,APPROVED,2024-01-18T14:15:38.245000Z,2024-01-18T14:43:27.968000Z,2024-01-18T16:27:26.036000Z,2024-01-18T14:43:28.425479Z,1670.0,CDH5AM11,146,English,31,Male,White,United Kingdom,United Kingdom,United Kingdom,English,DATA_EXPIRED,DATA_EXPIRED,
65a932aec5eefde6c1647a17,5cb0d94aff629100171b05b1,APPROVED,2024-01-18T14:16:18.329000Z,2024-01-18T14:42:52.025000Z,2024-01-18T16:27:26.233000Z,2024-01-18T14:42:52.741987Z,1594.0,NOCODE,827,English,42,Male,White,United Kingdom,United Kingdom,United Kingdom,English,Yes,Unemployed (and job seeking),
65a932d8f78666b2020db662,5cffb12df6c3fb00157b2f39,APPROVED,2024-01-18T14:17:04.715000Z,2024-01-18T14:56:39.317000Z,2024-01-18T16:27:26.426000Z,2024-01-18T14:56:39.768123Z,2375.0,C16EH9UF,2322,English,69,Male,White,United Kingdom,United Kingdom,United Kingdom,English,No,"Not in paid work (e.g. homemaker', 'retired or disabled)",
65a932e6c27bbccd2375ca30,592220f8fc043000016c5aeb,APPROVED,2024-01-18T14:17:10.611000Z,2024-01-18T14:48:30.701000Z,2024-01-18T16:27:26.624000Z,2024-01-18T14:48:31.691343Z,1881.0,CDH5AM11,1398,English,38,Male,White,United Kingdom,United Kingdom,United Kingdom,English,No,Full-Time,
65a932ec199cde2645be2e4f,5efcb50255a06b097b8d5d29,APPROVED,2024-01-18T14:17:54.386000Z,2024-01-18T15:01:35.928000Z,2024-01-18T16:27:26.823000Z,2024-01-18T15:01:36.454331Z,2622.0,CDH5AM11,1390,English,36,Male,White,United Kingdom,United Kingdom,United Kingdom,English,DATA_EXPIRED,DATA_EXPIRED,
65a9334c59bc6ca1bbab2542,63e51d8fd8a1a336d19fa191,APPROVED,2024-01-18T14:21:39.555000Z,2024-01-18T14:54:09.724000Z,2024-01-18T16:27:27.027000Z,2024-01-18T14:54:10.349760Z,1951.0,CDH5AM11,546,English,35,Male,White,United Kingdom,United Kingdom,United Kingdom,English,No,Full-Time,
65a9334effcc5ed070df9171,611a45a99c4ee56ad9247e09,APPROVED,2024-01-18T14:19:02.095000Z,2024-01-18T14:48:42.787000Z,2024-01-18T16:27:27.224000Z,2024-01-18T14:48:43.633832Z,1781.0,CDH5AM11,428,"Turkish, English",32,Male,White,Turkey,United Kingdom,Turkey,Turkish,Yes,Part-Time,
65a934267cadc1df49062790,60de1d590358b86167255a80,APPROVED,2024-01-18T14:22:48.103000Z,2024-01-18T14:51:59.920000Z,2024-01-18T16:27:27.622000Z,2024-01-18T14:52:00.370287Z,1752.0,CDH5AM11,320,English,34,Male,White,United Kingdom,United Kingdom,United Kingdom,English,DATA_EXPIRED,DATA_EXPIRED,
65a9343b827c54ff445b26a1,63f8b081b083f1e1014cb21a,APPROVED,2024-01-18T14:23:01.655000Z,2024-01-18T14:54:10.057000Z,2024-01-18T16:27:30.176000Z,2024-01-18T14:54:10.613382Z,1869.0,NOCODE,403,"Urdu, English",32,Male,Asian,Afghanistan,United Kingdom,United Kingdom,Urdu,No,Full-Time,
65a9344783ce2adab5c60952,5f2c16aabf114905864692f9,APPROVED,2024-01-18T14:23:07.452000Z,2024-01-18T14:48:14.691000Z,2024-01-18T16:27:30.390000Z,2024-01-18T14:48:15.195745Z,1508.0,CDH5AM11,1072,English,45,Male,White,United Kingdom,United Kingdom,United Kingdom,English,No,Full-Time,
65a9346872fbf4033a83a1cb,62b9e1aed4b802b4e268125d,APPROVED,2024-01-18T14:24:25.136000Z,2024-01-18T14:55:26.232000Z,2024-01-18T16:27:30.604000Z,2024-01-18T14:55:26.811362Z,1862.0,CDH5AM11,1240,English,37,Male,Black,United States,United States,United States,English,No,Other,
65a93472199cde2645be2e9a,6442a22876eacc2e85ba2673,APPROVED,2024-01-18T14:23:48.478000Z,2024-01-18T14:49:44.031000Z,2024-01-18T16:27:30.833000Z,2024-01-18T14:49:44.705913Z,1556.0,CDH5AM11,428,English,39,Male,White,Ireland,United Kingdom,Ireland,English,No,Full-Time,
65a934721e5ef915efbe2fa4,6148546e99d5bf0eeab4d4ca,APPROVED,2024-01-18T14:23:46.910000Z,2024-01-18T14:50:46.809000Z,2024-01-18T16:27:31.061000Z,2024-01-18T14:50:47.483429Z,1620.0,CDH5AM11,559,"French, English",20,Male,Asian,United Kingdom,United Kingdom,United Kingdom,English,DATA_EXPIRED,DATA_EXPIRED,
65a93487f2e48afb573952cf,5de58f7433a3aa000b024461,APPROVED,2024-01-18T14:24:11.457000Z,2024-01-18T14:57:57.993000Z,2024-01-18T16:27:31.263000Z,2024-01-18T14:57:58.652169Z,2027.0,CDH5AM11,814,"English, Romanian",41,Male,White,Romania,United Kingdom,Romania,Romanian,No,Full-Time,
65a934b51e5ef915efbe2fb5,5bcb47c7c013ee0001037c02,APPROVED,2024-01-18T14:25:03.380000Z,2024-01-18T14:49:08.229000Z,2024-01-18T16:27:31.460000Z,2024-01-18T14:49:09.551921Z,1445.0,C16EH9UF,117,English,36,Male,White,United Kingdom,United Kingdom,United Kingdom,English,No,Full-Time,
65a93b59c3ec0af1df91a9d1,63d13d1465e0743b7b2b7962,APPROVED,2024-01-18T14:58:01.868000Z,2024-01-18T15:36:58.051000Z,2024-01-18T16:27:31.657000Z,2024-01-18T15:36:59.019541Z,2337.0,NOCODE,763,"Somali, English",24,Male,Black,United Kingdom,United Kingdom,United Kingdom,English,No,Due to start a new job within the next month,
65a9313e4c2b2327dbc499c5,5f7e0c5f582257095a86ff6e,APPROVED,2024-01-18T14:10:06.262000Z,2024-01-18T14:41:30.311000Z,2024-01-18T16:27:20.419000Z,2024-01-18T14:41:30.821395Z,1885.0,CDH5AM11,459,English,40,Female,White,United Kingdom,United Kingdom,United Kingdom,English,DATA_EXPIRED,DATA_EXPIRED,
65a9318dd1f231c466189fa6,56a733145ad8d9000596dc2f,APPROVED,2024-01-18T14:18:08.075000Z,2024-01-18T14:53:00.415000Z,2024-01-18T16:27:20.744000Z,2024-01-18T14:53:00.937442Z,2093.0,CDH5AM11,596,English,31,Female,White,United Kingdom,United Kingdom,United Kingdom,English,No,Part-Time,
65a931e334f2fd8642afca8e,6175622f78f8039a4c62bb83,APPROVED,2024-01-18T14:18:59.412000Z,2024-01-18T14:44:35.300000Z,2024-01-18T16:27:20.930000Z,2024-01-18T14:44:36.089343Z,1536.0,CDH5AM11,1359,English,25,Female,White,United Kingdom,United Kingdom,United Kingdom,English,DATA_EXPIRED,DATA_EXPIRED,
65a931f057f4159a9cfe3bf4,601035bc24cb8f2c108b3e48,APPROVED,2024-01-18T14:13:08.559000Z,2024-01-18T14:42:27.549000Z,2024-01-18T16:27:21.128000Z,2024-01-18T14:42:28.397974Z,1759.0,CDH5AM11,799,English,35,Female,White,United States,United Kingdom,United Kingdom,English,No,Part-Time,
65a931f134f2fd8642afca91,5cc7f52f4bb96d00018a979f,APPROVED,2024-01-18T14:13:11.883000Z,2024-01-18T14:49:49.088000Z,2024-01-18T16:27:21.326000Z,2024-01-18T14:49:50.241843Z,2198.0,CDH5AM11,627,English,54,Female,White,United Kingdom,United Kingdom,United Kingdom,English,Yes,DATA_EXPIRED,
65a9329871e9d30fabf5c5b1,5c7e7549c2d6ce00175aecef,APPROVED,2024-01-18T14:16:18.375000Z,2024-01-18T15:10:17.274000Z,2024-01-18T16:32:35.739000Z,2024-01-18T15:10:17.726488Z,3239.0,CDH5AM11,865,"English, Czech, Slovak, Polish",31,Female,White,Slovakia,United Kingdom,Slovakia,Slovak,No,Unemployed (and job seeking),
65a932aabe1721c6249e28c9,655a1dc0bcd51e70472061c2,APPROVED,2024-01-18T14:16:20.808000Z,2024-01-18T14:44:37.850000Z,2024-01-18T16:27:21.584000Z,2024-01-18T14:44:38.359799Z,1698.0,NOCODE,63,English,24,Female,Black,Nigeria,United Kingdom,United Kingdom,English,No,Full-Time,
65a932c64d3f331b0b93b515,5c5b4e360f2bab0001f01ffa,APPROVED,2024-01-18T14:23:30.807000Z,2024-01-18T14:50:37.494000Z,2024-01-18T16:27:21.785000Z,2024-01-18T14:50:38.859354Z,1627.0,NOCODE,412,English,34,Female,White,United Kingdom,United Kingdom,United Kingdom,English,DATA_EXPIRED,Full-Time,
65a932ca6816e2a4f19e297c,5855a08d4e111700010b2766,APPROVED,2024-01-18T14:16:49.960000Z,2024-01-18T14:43:36.865000Z,2024-01-18T16:27:21.986000Z,2024-01-18T14:43:37.333822Z,1607.0,CDH5AM11,429,English,43,Female,White,United Kingdom,United Kingdom,United Kingdom,English,No,Full-Time,
65a932f8fc1ee8c40991a89b,59a761ca1363d90001676931,APPROVED,2024-01-18T14:17:32.499000Z,2024-01-18T14:44:30.669000Z,2024-01-18T16:27:22.189000Z,2024-01-18T14:44:31.278887Z,1619.0,CDH5AM11,893,English,61,Female,White,United Kingdom,United Kingdom,United Kingdom,English,No,Part-Time,
65a9333954e3350c578253fe,655f5d39518bf272b6d96e9d,APPROVED,2024-01-18T14:22:25.894000Z,2024-01-18T14:32:00.216000Z,2024-01-18T16:27:22.390000Z,2024-01-18T14:32:00.757114Z,575.0,NOCODE,15,English,65,Female,Asian,Kenya,United Kingdom,United Kingdom,Gujarati,No,Full-Time,
65a93384ffcc5ed070df9186,64f3036a5b5f2feae0b1f51b,APPROVED,2024-01-18T14:19:55.907000Z,2024-01-18T14:51:23.387000Z,2024-01-18T16:27:22.637000Z,2024-01-18T14:51:24.378056Z,1888.0,CDH5AM11,248,English,33,Female,Other,Saint Helena,United Kingdom,United Kingdom,English,No,Unemployed (and job seeking),
65a933a483ce2adab5c60935,61199943b13201ca162206c6,APPROVED,2024-01-18T14:20:25.446000Z,2024-01-18T14:47:34.125000Z,2024-01-18T16:27:22.839000Z,2024-01-18T14:47:35.265562Z,1629.0,CDH5AM11,116,English,27,Female,White,United States,United Kingdom,United States,English,Yes,DATA_EXPIRED,
65a933bb1b65c1618a185020,5e950a4aef32a3375999451e,APPROVED,2024-01-18T14:21:22.451000Z,2024-01-18T14:49:19.046000Z,2024-01-18T16:27:23.032000Z,2024-01-18T14:49:19.769596Z,1677.0,CDH5AM11,388,English,43,Female,White,United Kingdom,United Kingdom,United Kingdom,English,Yes,Part-Time,
65a934244c2be26251000290,5d5eca9f97f8b6001aee9594,APPROVED,2024-01-18T14:24:57.139000Z,2024-01-18T14:56:32.186000Z,2024-01-18T16:27:23.227000Z,2024-01-18T14:56:32.688183Z,1896.0,CDH5AM11,1324,"English, French",50,Female,White,United Kingdom,United Kingdom,United Kingdom,English,No,Unemployed (and job seeking),
65a934332701a2b73488d584,59e764b07d6df50001e68a9b,APPROVED,2024-01-18T14:22:49.204000Z,2024-01-18T14:54:40.243000Z,2024-01-18T16:27:23.424000Z,2024-01-18T14:54:40.871106Z,1912.0,CDH5AM11,426,English,73,Female,White,United Kingdom,United Kingdom,United Kingdom,English,No,"Not in paid work (e.g. homemaker', 'retired or disabled)",
65a9345e3f6b4a6860f1c228,6016e3510ad8cc8a633834ab,APPROVED,2024-01-18T14:23:40.304000Z,2024-01-18T14:50:51.130000Z,2024-01-18T16:27:23.646000Z,2024-01-18T14:50:51.892200Z,1631.0,CDH5AM11,183,English,26,Female,White,United Kingdom,United Kingdom,United Kingdom,English,No,Other,
65a93480b7c2005091b3f0d9,60bb404e01d599dfb1c3d71c,APPROVED,2024-01-18T14:24:05.579000Z,2024-01-18T14:54:50.188000Z,2024-01-18T16:27:23.844000Z,2024-01-18T14:54:50.909766Z,1845.0,CDH5AM11,1409,English,41,Female,White,United Kingdom,United Kingdom,United Kingdom,English,No,"Not in paid work (e.g. homemaker', 'retired or disabled)",
65a934835f581d2ed33dd31e,656ba20ba90fb5fecc2b0deb,APPROVED,2024-01-18T14:24:40.252000Z,2024-01-18T14:54:03.230000Z,2024-01-18T16:27:24.045000Z,2024-01-18T14:54:03.778573Z,1763.0,CDH5AM11,5,English,27,Female,White,United Kingdom,United Kingdom,United Kingdom,English,Yes,Other,
65a9350a33bcf78d87b7e64b,5976f45b86489900013f3667,APPROVED,2024-01-18T14:26:23.562000Z,2024-01-18T14:52:24.164000Z,2024-01-18T16:27:24.249000Z,2024-01-18T14:52:25.538951Z,1561.0,CDH5AM11,3,English,39,Female,White,United Kingdom,United Kingdom,United Kingdom,English,No,DATA_EXPIRED,
65a931079b8c8cadbf56c2f6,596f961cfe061d00011e3e03,RETURNED,2024-01-18T14:09:11.583000Z,,,,,,942,CONSENT_REVOKED,CONSENT_REVOKED,CONSENT_REVOKED,CONSENT_REVOKED,CONSENT_REVOKED,CONSENT_REVOKED,CONSENT_REVOKED,CONSENT_REVOKED,CONSENT_REVOKED,CONSENT_REVOKED,Not Applicable
65a9329a68487dd242182903,608801ce712597732c8f4049,RETURNED,2024-01-18T14:26:00.074000Z,,,,,,137,CONSENT_REVOKED,CONSENT_REVOKED,CONSENT_REVOKED,CONSENT_REVOKED,CONSENT_REVOKED,CONSENT_REVOKED,CONSENT_REVOKED,CONSENT_REVOKED,CONSENT_REVOKED,CONSENT_REVOKED,Not Applicable
65a93345661d3204a4a4808e,5663efdd1e460a0011633801,RETURNED,2024-01-18T14:18:51.984000Z,,,,,,1314,CONSENT_REVOKED,CONSENT_REVOKED,CONSENT_REVOKED,CONSENT_REVOKED,CONSENT_REVOKED,CONSENT_REVOKED,CONSENT_REVOKED,CONSENT_REVOKED,CONSENT_REVOKED,CONSENT_REVOKED,Not Applicable
65a9335e54e3350c57825409,5cebd58ade266200191eaf7d,RETURNED,2024-01-18T14:23:28.333000Z,,,,,,3187,CONSENT_REVOKED,CONSENT_REVOKED,CONSENT_REVOKED,CONSENT_REVOKED,CONSENT_REVOKED,CONSENT_REVOKED,CONSENT_REVOKED,CONSENT_REVOKED,CONSENT_REVOKED,CONSENT_REVOKED,Not Applicable
65a93362a1f4d5b10939e215,5903934944ed040001625819,RETURNED,2024-01-18T14:19:43.984000Z,,,,,,478,CONSENT_REVOKED,CONSENT_REVOKED,CONSENT_REVOKED,CONSENT_REVOKED,CONSENT_REVOKED,CONSENT_REVOKED,CONSENT_REVOKED,CONSENT_REVOKED,CONSENT_REVOKED,CONSENT_REVOKED,Not Applicable
65a933b30c4c97ff9fffffee,5a119f36087f2e0001eaef90,RETURNED,2024-01-18T14:20:40.407000Z,,,,,,26,CONSENT_REVOKED,CONSENT_REVOKED,CONSENT_REVOKED,CONSENT_REVOKED,CONSENT_REVOKED,CONSENT_REVOKED,CONSENT_REVOKED,CONSENT_REVOKED,CONSENT_REVOKED,CONSENT_REVOKED,Not Applicable
65a9342eabad040d78e41260,5955578c868d3100010cfa1a,RETURNED,2024-01-18T14:22:53.057000Z,,,,,,2049,CONSENT_REVOKED,CONSENT_REVOKED,CONSENT_REVOKED,CONSENT_REVOKED,CONSENT_REVOKED,CONSENT_REVOKED,CONSENT_REVOKED,CONSENT_REVOKED,CONSENT_REVOKED,CONSENT_REVOKED,Not Applicable
65a934de6110ea2aba11655c,62e158f37782799d83425bb6,RETURNED,2024-01-18T14:36:00.071000Z,,,,,,764,CONSENT_REVOKED,CONSENT_REVOKED,CONSENT_REVOKED,CONSENT_REVOKED,CONSENT_REVOKED,CONSENT_REVOKED,CONSENT_REVOKED,CONSENT_REVOKED,CONSENT_REVOKED,CONSENT_REVOKED,Not Applicable
65a9376e3f6b4a6860f1c306,5fa1a5fb86ec532fd6798d90,RETURNED,2024-01-18T14:36:39.212000Z,,,,,,1667,CONSENT_REVOKED,CONSENT_REVOKED,CONSENT_REVOKED,CONSENT_REVOKED,CONSENT_REVOKED,CONSENT_REVOKED,CONSENT_REVOKED,CONSENT_REVOKED,CONSENT_REVOKED,CONSENT_REVOKED,Not Applicable
65a9313e4c2b2327dbc499c5,5f7e0c5f582257095a86ff6e,APPROVED,2024-01-18T14:10:06.262000Z,2024-01-18T14:41:30.311000Z,2024-01-18T16:27:20.419000Z,2024-01-18T14:41:31.036000Z,1885.0,CDH5AM11,543,English,41,Female,White,United Kingdom,United Kingdom,United Kingdom,English,DATA_EXPIRED,DATA_EXPIRED,Not Applicable
65a9318dd1f231c466189fa6,56a733145ad8d9000596dc2f,APPROVED,2024-01-18T14:18:08.075000Z,2024-01-18T14:53:00.415000Z,2024-01-18T16:27:20.744000Z,2024-01-18T14:53:01.180000Z,2093.0,CDH5AM11,692,English,32,Female,White,United Kingdom,United Kingdom,United Kingdom,English,No,Full-Time,Not Applicable
65a931ca3d7a4161573dd2ab,5dde2ba745fb05d83d91d8ad,APPROVED,2024-01-18T14:12:30.625000Z,2024-01-18T14:45:59.656000Z,2024-01-18T16:27:25.131000Z,2024-01-18T14:46:00.448000Z,2010.0,CDH5AM11,518,English,33,Male,White,United Kingdom,United Kingdom,United Kingdom,English,No,Full-Time,Not Applicable
65a931da8ecae7c2d1fe3abb,65a3c31a29f1fc585996911f,APPROVED,2024-01-18T14:12:50.281000Z,2024-01-18T14:53:24.343000Z,2024-01-18T16:27:25.440000Z,2024-01-18T14:53:25.044000Z,2435.0,CDH5AM11,39,English,70,Male,Black,Nigeria,United States,Nigeria,English,No,Part-Time,Not Applicable
65a931e334f2fd8642afca8e,6175622f78f8039a4c62bb83,APPROVED,2024-01-18T14:18:59.412000Z,2024-01-18T14:44:35.300000Z,2024-01-18T16:27:20.930000Z,2024-01-18T14:44:36.274000Z,1536.0,CDH5AM11,1628,English,26,Female,White,United Kingdom,United Kingdom,United Kingdom,English,No,Full-Time,Not Applicable
65a931f057f4159a9cfe3bf4,601035bc24cb8f2c108b3e48,APPROVED,2024-01-18T14:13:08.559000Z,2024-01-18T14:42:27.549000Z,2024-01-18T16:27:21.128000Z,2024-01-18T14:42:28.627000Z,1759.0,CDH5AM11,961,English,35,Female,White,United States,United Kingdom,United Kingdom,English,No,Unemployed (and job seeking),Not Applicable
65a931f134f2fd8642afca91,5cc7f52f4bb96d00018a979f,APPROVED,2024-01-18T14:13:11.883000Z,2024-01-18T14:49:49.088000Z,2024-01-18T16:27:21.326000Z,2024-01-18T14:49:50.464000Z,2198.0,CDH5AM11,796,English,54,Female,White,United Kingdom,United Kingdom,United Kingdom,English,DATA_EXPIRED,DATA_EXPIRED,Not Applicable
65a93214f41753de19544b73,63d006dc15bb7a9753aa56ab,APPROVED,2024-01-18T14:13:46.149000Z,2024-01-18T14:47:20.223000Z,2024-01-18T16:27:25.640000Z,2024-01-18T14:47:21.001000Z,2015.0,CDH5AM11,175,English,37,Male,White,United Kingdom,United Kingdom,United Kingdom,English,No,Full-Time,Not Applicable
65a93274932bcb966c2316f7,60c9abe32799d8a970e92799,APPROVED,2024-01-18T14:15:22.180000Z,2024-01-18T14:40:35.451000Z,2024-01-18T16:27:25.840000Z,2024-01-18T14:40:36.178000Z,1514.0,CDH5AM11,527,"English, French",40,Male,White,United Kingdom,United Kingdom,United Kingdom,English,DATA_EXPIRED,DATA_EXPIRED,Not Applicable
65a9328645e701b01aeec40f,63e527f52b035555467c68b4,APPROVED,2024-01-18T14:15:38.245000Z,2024-01-18T14:43:27.968000Z,2024-01-18T16:27:26.036000Z,2024-01-18T14:43:28.628000Z,1670.0,CDH5AM11,191,English,32,Male,White,United Kingdom,United Kingdom,United Kingdom,English,No,Part-Time,Not Applicable
65a9329871e9d30fabf5c5b1,5c7e7549c2d6ce00175aecef,APPROVED,2024-01-18T14:16:18.375000Z,2024-01-18T15:10:17.274000Z,2024-01-18T16:32:35.739000Z,2024-01-18T15:10:17.952000Z,3239.0,CDH5AM11,1008,"Slovak, Czech, Polish, English",31,Female,White,Slovakia,United Kingdom,Slovakia,Slovak,No,Unemployed (and job seeking),Not Applicable
65a932aabe1721c6249e28c9,655a1dc0bcd51e70472061c2,APPROVED,2024-01-18T14:16:20.808000Z,2024-01-18T14:44:37.850000Z,2024-01-18T16:27:21.584000Z,2024-01-18T14:44:38.570000Z,1698.0,NOCODE,100,English,24,Female,Black,Nigeria,United Kingdom,United Kingdom,English,DATA_EXPIRED,DATA_EXPIRED,Not Applicable
65a932aec5eefde6c1647a17,5cb0d94aff629100171b05b1,APPROVED,2024-01-18T14:16:18.329000Z,2024-01-18T14:42:52.025000Z,2024-01-18T16:27:26.233000Z,2024-01-18T14:42:52.993000Z,1594.0,NOCODE,1088,English,42,Male,White,United Kingdom,United Kingdom,United Kingdom,English,Yes,Unemployed (and job seeking),Not Applicable
65a932c64d3f331b0b93b515,5c5b4e360f2bab0001f01ffa,APPROVED,2024-01-18T14:23:30.807000Z,2024-01-18T14:50:37.494000Z,2024-01-18T16:27:21.785000Z,2024-01-18T14:50:39.133000Z,1627.0,NOCODE,540,English,35,Female,White,United Kingdom,United Kingdom,United Kingdom,English,DATA_EXPIRED,DATA_EXPIRED,Not Applicable
65a932ca6816e2a4f19e297c,5855a08d4e111700010b2766,APPROVED,2024-01-18T14:16:49.960000Z,2024-01-18T14:43:36.865000Z,2024-01-18T16:27:21.986000Z,2024-01-18T14:43:37.553000Z,1607.0,CDH5AM11,459,English,44,Female,White,United Kingdom,United Kingdom,United Kingdom,English,DATA_EXPIRED,DATA_EXPIRED,Not Applicable
65a932d8f78666b2020db662,5cffb12df6c3fb00157b2f39,APPROVED,2024-01-18T14:17:04.715000Z,2024-01-18T14:56:39.317000Z,2024-01-18T16:27:26.426000Z,2024-01-18T14:56:39.971000Z,2375.0,C16EH9UF,2680,English,69,Male,White,United Kingdom,United Kingdom,United Kingdom,English,No,"Not in paid work (e.g. homemaker', 'retired or disabled)",Not Applicable
65a932e6c27bbccd2375ca30,592220f8fc043000016c5aeb,APPROVED,2024-01-18T14:17:10.611000Z,2024-01-18T14:48:30.701000Z,2024-01-18T16:27:26.624000Z,2024-01-18T14:48:31.969000Z,1881.0,CDH5AM11,1577,English,38,Male,White,United Kingdom,United Kingdom,United Kingdom,English,No,Full-Time,Not Applicable
65a932ec199cde2645be2e4f,5efcb50255a06b097b8d5d29,APPROVED,2024-01-18T14:17:54.386000Z,2024-01-18T15:01:35.928000Z,2024-01-18T16:27:26.823000Z,2024-01-18T15:01:36.657000Z,2622.0,CDH5AM11,1551,English,36,Male,White,United Kingdom,United Kingdom,United Kingdom,English,DATA_EXPIRED,DATA_EXPIRED,Not Applicable
65a932f8fc1ee8c40991a89b,59a761ca1363d90001676931,APPROVED,2024-01-18T14:17:32.499000Z,2024-01-18T14:44:30.669000Z,2024-01-18T16:27:22.189000Z,2024-01-18T14:44:31.509000Z,1619.0,CDH5AM11,1002,English,61,Female,White,United Kingdom,United Kingdom,United Kingdom,English,No,Part-Time,Not Applicable
65a9333954e3350c578253fe,655f5d39518bf272b6d96e9d,APPROVED,2024-01-18T14:22:25.894000Z,2024-01-18T14:32:00.216000Z,2024-01-18T16:27:22.390000Z,2024-01-18T14:32:00.919000Z,575.0,NOCODE,160,English,66,Female,Asian,Kenya,United Kingdom,United Kingdom,Gujarati,No,Full-Time,Not Applicable
65a9334c59bc6ca1bbab2542,63e51d8fd8a1a336d19fa191,APPROVED,2024-01-18T14:21:39.555000Z,2024-01-18T14:54:09.724000Z,2024-01-18T16:27:27.027000Z,2024-01-18T14:54:10.585000Z,1951.0,CDH5AM11,709,English,36,Male,White,United Kingdom,United Kingdom,United Kingdom,English,No,Full-Time,Not Applicable
65a9334effcc5ed070df9171,611a45a99c4ee56ad9247e09,APPROVED,2024-01-18T14:19:02.095000Z,2024-01-18T14:48:42.787000Z,2024-01-18T16:27:27.224000Z,2024-01-18T14:48:43.919000Z,1781.0,CDH5AM11,665,"Turkish, English",32,Male,White,Turkey,United Kingdom,Turkey,Turkish,Yes,Part-Time,Not Applicable
65a93384ffcc5ed070df9186,64f3036a5b5f2feae0b1f51b,APPROVED,2024-01-18T14:19:55.907000Z,2024-01-18T14:51:23.387000Z,2024-01-18T16:27:22.637000Z,2024-01-18T14:51:24.691000Z,1888.0,CDH5AM11,608,English,33,Female,Other,Saint Helena,United Kingdom,United Kingdom,English,No,Unemployed (and job seeking),Not Applicable
65a933a483ce2adab5c60935,61199943b13201ca162206c6,APPROVED,2024-01-18T14:20:25.446000Z,2024-01-18T14:47:34.125000Z,2024-01-18T16:27:22.839000Z,2024-01-18T14:47:35.648000Z,1629.0,CDH5AM11,124,English,27,Female,White,United States,United Kingdom,United States,English,Yes,DATA_EXPIRED,Not Applicable
65a933bb1b65c1618a185020,5e950a4aef32a3375999451e,APPROVED,2024-01-18T14:21:22.451000Z,2024-01-18T14:49:19.046000Z,2024-01-18T16:27:23.032000Z,2024-01-18T14:49:20.033000Z,1677.0,CDH5AM11,446,English,43,Female,White,United Kingdom,United Kingdom,United Kingdom,English,Yes,DATA_EXPIRED,Not Applicable
65a934244c2be26251000290,5d5eca9f97f8b6001aee9594,APPROVED,2024-01-18T14:24:57.139000Z,2024-01-18T14:56:32.186000Z,2024-01-18T16:27:23.227000Z,2024-01-18T14:56:33.057000Z,1896.0,CDH5AM11,1572,"English, French",50,Female,White,United Kingdom,United Kingdom,United Kingdom,English,No,Other,Not Applicable
65a934267cadc1df49062790,60de1d590358b86167255a80,APPROVED,2024-01-18T14:22:48.103000Z,2024-01-18T14:51:59.920000Z,2024-01-18T16:27:27.622000Z,2024-01-18T14:52:00.680000Z,1752.0,CDH5AM11,335,English,35,Male,White,United Kingdom,United Kingdom,United Kingdom,English,No,DATA_EXPIRED,Not Applicable
65a934332701a2b73488d584,59e764b07d6df50001e68a9b,APPROVED,2024-01-18T14:22:49.204000Z,2024-01-18T14:54:40.243000Z,2024-01-18T16:27:23.424000Z,2024-01-18T14:54:41.102000Z,1912.0,CDH5AM11,545,English,74,Female,White,United Kingdom,United Kingdom,United Kingdom,English,No,"Not in paid work (e.g. homemaker', 'retired or disabled)",Not Applicable
65a9343b827c54ff445b26a1,63f8b081b083f1e1014cb21a,APPROVED,2024-01-18T14:23:01.655000Z,2024-01-18T14:54:10.057000Z,2024-01-18T16:27:30.176000Z,2024-01-18T14:54:10.876000Z,1869.0,NOCODE,546,"Urdu, English",33,Male,Asian,Afghanistan,United Kingdom,United Kingdom,Urdu,No,Full-Time,Not Applicable
65a9344783ce2adab5c60952,5f2c16aabf114905864692f9,APPROVED,2024-01-18T14:23:07.452000Z,2024-01-18T14:48:14.691000Z,2024-01-18T16:27:30.390000Z,2024-01-18T14:48:15.481000Z,1508.0,CDH5AM11,1196,English,45,Male,White,United Kingdom,United Kingdom,United Kingdom,English,No,Full-Time,Not Applicable
65a9345e3f6b4a6860f1c228,6016e3510ad8cc8a633834ab,APPROVED,2024-01-18T14:23:40.304000Z,2024-01-18T14:50:51.130000Z,2024-01-18T16:27:23.646000Z,2024-01-18T14:50:52.125000Z,1631.0,CDH5AM11,199,English,26,Female,White,United Kingdom,United Kingdom,United Kingdom,English,DATA_EXPIRED,DATA_EXPIRED,Not Applicable
65a9346872fbf4033a83a1cb,62b9e1aed4b802b4e268125d,APPROVED,2024-01-18T14:24:25.136000Z,2024-01-18T14:55:26.232000Z,2024-01-18T16:27:30.604000Z,2024-01-18T14:55:27.075000Z,1862.0,CDH5AM11,1347,English,37,Male,Black,United States,United States,United States,English,No,DATA_EXPIRED,Not Applicable
65a93472199cde2645be2e9a,6442a22876eacc2e85ba2673,APPROVED,2024-01-18T14:23:48.478000Z,2024-01-18T14:49:44.031000Z,2024-01-18T16:27:30.833000Z,2024-01-18T14:49:44.969000Z,1556.0,CDH5AM11,588,English,39,Male,White,Ireland,United Kingdom,Ireland,English,No,Full-Time,Not Applicable
65a934721e5ef915efbe2fa4,6148546e99d5bf0eeab4d4ca,APPROVED,2024-01-18T14:23:46.910000Z,2024-01-18T14:50:46.809000Z,2024-01-18T16:27:31.061000Z,2024-01-18T14:50:47.719000Z,1620.0,CDH5AM11,650,"French, English",20,Male,Asian,United Kingdom,United Kingdom,United Kingdom,English,DATA_EXPIRED,DATA_EXPIRED,Not Applicable
65a93480b7c2005091b3f0d9,60bb404e01d599dfb1c3d71c,APPROVED,2024-01-18T14:24:05.579000Z,2024-01-18T14:54:50.188000Z,2024-01-18T16:27:23.844000Z,2024-01-18T14:54:51.116000Z,1845.0,CDH5AM11,1515,English,41,Female,White,United Kingdom,United Kingdom,United Kingdom,English,No,"Not in paid work (e.g. homemaker', 'retired or disabled)",Not Applicable
65a934835f581d2ed33dd31e,656ba20ba90fb5fecc2b0deb,APPROVED,2024-01-18T14:24:40.252000Z,2024-01-18T14:54:03.230000Z,2024-01-18T16:27:24.045000Z,2024-01-18T14:54:04.035000Z,1763.0,CDH5AM11,36,English,28,Female,White,United Kingdom,United Kingdom,United Kingdom,English,Yes,Part-Time,Not Applicable
65a93487f2e48afb573952cf,5de58f7433a3aa000b024461,APPROVED,2024-01-18T14:24:11.457000Z,2024-01-18T14:57:57.993000Z,2024-01-18T16:27:31.263000Z,2024-01-18T14:57:58.874000Z,2027.0,CDH5AM11,1168,"English, Romanian",42,Male,White,Romania,United Kingdom,Romania,Romanian,No,Full-Time,Not Applicable
65a934b51e5ef915efbe2fb5,5bcb47c7c013ee0001037c02,APPROVED,2024-01-18T14:25:03.380000Z,2024-01-18T14:49:08.229000Z,2024-01-18T16:27:31.460000Z,2024-01-18T14:49:09.815000Z,1445.0,C16EH9UF,342,English,36,Male,White,United Kingdom,United Kingdom,United Kingdom,English,No,Full-Time,Not Applicable
65a9350a33bcf78d87b7e64b,5976f45b86489900013f3667,APPROVED,2024-01-18T14:26:23.562000Z,2024-01-18T14:52:24.164000Z,2024-01-18T16:27:24.249000Z,2024-01-18T14:52:25.762000Z,1561.0,CDH5AM11,22,English,40,Female,White,United Kingdom,United Kingdom,United Kingdom,English,No,Part-Time,Not Applicable
65a93b59c3ec0af1df91a9d1,63d13d1465e0743b7b2b7962,APPROVED,2024-01-18T14:58:01.868000Z,2024-01-18T15:36:58.051000Z,2024-01-18T16:27:31.657000Z,2024-01-18T15:36:59.252000Z,2337.0,NOCODE,900,"Somali, English",25,Male,Black,United Kingdom,United Kingdom,United Kingdom,English,DATA_EXPIRED,DATA_EXPIRED,Not Applicable
