stim1_name,stim1_file,stim1_pair,stim1_deact_file,stim1_step2_name,stim1_step2_file,stim1_step2_basket_name,stim1_step2_basket_file,stim2_name,stim2_file,stim2_pair,stim2_deact_file,stim2_step2_name,stim2_step2_file,stim2_step2_basket_name,stim2_step2_basket_file,stim3_name,stim3_file,stim3_pair,stim3_deact_file,stim3_step2_name,stim3_step2_file,stim3_step2_basket_name,stim3_step2_basket_file,stim4_name,stim4_file,stim4_pair,stim4_deact_file,stim4_step2_name,stim4_step2_file,stim4_step2_basket_name,stim4_step2_basket_file,participant,session,date,expName,psychopyVersion,OS,frameRate,PROLIFIC_PID,STUDY_ID,SESSION_ID,consent_keyresp.keys,consent_keyresp.rt,consent_keyresp.duration,global_instructions1_key.keys,global_instructions1_key.rt,global_instructions1_key.duration,global_instructions2_key.keys,global_instructions2_key.rt,global_instructions2_key.duration,global_instructions3_key.keys,global_instructions3_key.rt,global_instructions3_key.duration,global_instructions4_key.keys,global_instructions4_key.rt,global_instructions4_key.duration,global_instructions5_key.keys,global_instructions5_key.rt,global_instructions5_key.duration,p_fixation_2.started,p_fixation_2.stopped,p_step1_keyresp.keys,p_step1_keyresp.rt,p_step1_keyresp.duration,p_step2_keyresp.keys,p_step2_keyresp.rt,p_step2_keyresp.duration,p_step1_pair_index,p_step1_stimLeft_name,p_step1_stimLeft_pair,p_step1_stimLeft_reward,p_step1_stimLeft_step2Stim,p_step1_stimLeft_step2Basket,p_step1_stimRight_name,p_step1_stimRight_pair,p_step1_stimRight_reward,p_step1_stimRight_step2Stim,p_step1_stimRight_step2Basket,p_points,p_fail_step1,p_fail_step2,p_reward_flag,p_step1_choice,p_step2_stim,p_step2_basket,p_score,practice.thisRepN,practice.thisTrialN,practice.thisN,practice.thisIndex,practice.ran,pair_index,t_instructions_keyresp.keys,t_instructions_keyresp.rt,t_instructions_keyresp.duration,t_step1_keyresp.keys,t_step1_keyresp.rt,t_step1_keyresp.duration,t_step2_keyresp.keys,t_step2_keyresp.rt,t_step2_keyresp.duration,t_step1_pair_index,t_step1_stimLeft_name,t_step1_stimLeft_pair,t_step1_stimLeft_reward,t_step1_stimLeft_step2Stim,t_step1_stimLeft_step2Basket,t_step1_stimRight_name,t_step1_stimRight_pair,t_step1_stimRight_reward,t_step1_stimRight_step2Stim,t_step1_stimRight_step2Basket,t_points,t_fail_step1,t_fail_step2,t_reward_flag,t_step1_choice,t_step2_stim,t_step2_basket,globa_score,t_data_stimWalk0,t_data_stimWalk1,trials.thisRepN,trials.thisTrialN,trials.thisN,trials.thisIndex,trials.ran,pl_global_instructions_keyresp.keys,pl_global_instructions_keyresp.rt,pl_global_instructions_keyresp.duration,vb_instructions_keyresp.keys,vb_instructions_keyresp.rt,vb_instructions_keyresp.duration,vb_textbox.text,vb_mouse.x,vb_mouse.y,vb_mouse.leftButton,vb_mouse.midButton,vb_mouse.rightButton,vb_mouse.time,vb_mouse.clicked_name,pl1_instructions1_keyresp.keys,pl1_instructions1_keyresp.rt,pl1_instructions1_keyresp.duration,pl1_instructions2_keyresp.keys,pl1_instructions2_keyresp.rt,pl1_instructions2_keyresp.duration,pl1_instructions3_keyresp.keys,pl1_instructions3_keyresp.rt,pl1_instructions3_keyresp.duration,pl1_instructions4_keyresp.keys,pl1_instructions4_keyresp.rt,pl1_instructions4_keyresp.duration,pl1_task_lickert.response,pl1_task_lickert.rt,pl1_task_confidence_lickert.response,pl1_task_confidence_lickert.rt,pl1_task_keyresp.keys,pl1_task_keyresp.rt,pl1_task_keyresp.duration,pl1_task_stimUp,pl1_task_stimLeft,pl1_task_stimRight,pl1_loop.thisRepN,pl1_loop.thisTrialN,pl1_loop.thisN,pl1_loop.thisIndex,pl1_loop.ran,stimUp_index,stimLeft_index,stimRight_index,pl2_instructions_keyresp.keys,pl2_instructions_keyresp.rt,pl2_instructions_keyresp.duration,pl2_fixation_cross.started,pl2_fixation_cross.stopped,pl2_task_keyresp.keys,pl2_task_keyresp.rt,pl2_task_keyresp.duration,pl2_task_stimUp,pl2_task_stimLeftBg,pl2_task_stimLeft,pl2_loop.thisRepN,pl2_loop.thisTrialN,pl2_loop.thisN,pl2_loop.thisIndex,pl2_loop.ran,pl3_instructions_keyresp.keys,pl3_instructions_keyresp.rt,pl3_instructions_keyresp.duration,pl3_task_lickert.response,pl3_task_lickert.rt,pl3_task_keyresp.keys,pl3_task_keyresp.rt,pl3_task_keyresp.duration,pl3_task_confidence_lickert.response,pl3_task_confidence_lickert.rt,pl3_task_stimLeftBg,pl3_task_stimRightBg,pl3_task_stimLeft,pl3_task_stimRight,pl3_loop.thisRepN,pl3_loop.thisTrialN,pl3_loop.thisN,pl3_loop.thisIndex,pl3_loop.ran,pl4_instructions_keyresp.keys,pl4_instructions_keyresp.rt,pl4_instructions_keyresp.duration,pl4_task_lickert.response,pl4_task_lickert.rt,pl4_task_keyresp.keys,pl4_task_keyresp.rt,pl4_task_keyresp.duration,pl4_task_confidence_lickert.response,pl4_task_confidence_lickert.rt,pl4_task_stimLeft,pl4_task_stimRight,pl4_loop.thisRepN,pl4_loop.thisTrialN,pl4_loop.thisN,pl4_loop.thisIndex,pl4_loop.ran,end_keyresp.keys,end_keyresp.rt,end_keyresp.duration,show_trials.thisRepN,show_trials.thisTrialN,show_trials.thisN,show_trials.thisIndex,show_trials.ran
red_gnome,ressources/step1_stim2.png,1,ressources/step1_stim2_deact.png,bright_forest,ressources/step2_background1.png,yellow_basket,ressources/step2_stim1.png,green_gnomes,ressources/step1_stim1.png,1,ressources/step1_stim1_deact.png,dark_forest,ressources/step2_background2.png,red_basket,ressources/step2_stim2.png,brown_gnome,ressources/step1_stim3.png,2,ressources/step1_stim3_deact.png,bright_forest,ressources/step2_background1.png,yellow_basket,ressources/step2_stim1.png,purple_gnome,ressources/step1_stim4.png,2,ressources/step1_stim4_deact.png,dark_forest,ressources/step2_background2.png,red_basket,ressources/step2_stim2.png,896552,001,2023-11-29_13h43.25.211,experiment,2023.2.3,MacIntel,59.97361161,5f69dc04e44a140112b7e28b,6565e374d7a26d4a2f484f2a,656731e12e481d65554c0c7b,,,,,,,,,,,,,,,,,,,,,,,,,,,,,,,,,,,,,,,,,,,,,,,,,,,,,,,,,,,,,,,,,,,,,,,,,,,,,,,,,,,,,,,,,,,,,,,,,,,,,,,,,,,,,,,,,,,,,,,,,,,,,,,,,,,,,,,,,,,,,,,,,,,,,,,,,,,,,,,,,,,,,,,,,,,,,,,,,,,,,,,,,,,,,,
,,,,,,,,,,,,,,,,,,,,,,,,,,,,,,,,896552,001,2023-11-29_13h43.25.211,experiment,2023.2.3,MacIntel,59.97361161,5f69dc04e44a140112b7e28b,6565e374d7a26d4a2f484f2a,656731e12e481d65554c0c7b,y,13.1104,,,,,,,,,,,,,,,,,,,,,,,,,,,,,,,,,,,,,,,,,,,,,,,,,,,,,,,,,,,,,,,,,,,,,,,,,,,,,,,,,,,,,,,,,,,,,,,,,,,,,,,,,,,,,,,,,,,,,,,,,,,,,,,,,,,,,,,,,,,,,,,,,,,,,,,,,,,,,,,,,,,,,,,,,,,,,,,,,,,,,,,,,,,,
,,,,,,,,,,,,,,,,,,,,,,,,,,,,,,,,896552,001,2023-11-29_13h43.25.211,experiment,2023.2.3,MacIntel,59.97361161,5f69dc04e44a140112b7e28b,6565e374d7a26d4a2f484f2a,656731e12e481d65554c0c7b,,,,space,6.3597,,space,11.9729,,space,139.4924,,space,13.6028,,space,19.2533,,205.3381,205.8523,s,0.1597,,space,0.4137,,1,p_blue_gnome,1,5,p_yellow_forest,p_green_basket,p_orange_gnome,1,0,p_green_forest,p_blue_basket,5,0,0,1,p_blue_gnome,p_yellow_forest,p_green_basket,5,0,0,0,0,1,1,,,,,,,,,,,,,,,,,,,,,,,,,,,,,,,,,,,,,,,,,,,,,,,,,,,,,,,,,,,,,,,,,,,,,,,,,,,,,,,,,,,,,,,,,,,,,,,,,,,,,,,,,,,,,,,,,,,,,,,,,,,,,,,,,,,,,,,,,,,
,,,,,,,,,,,,,,,,,,,,,,,,,,,,,,,,896552,001,2023-11-29_13h43.25.211,experiment,2023.2.3,MacIntel,59.97361161,5f69dc04e44a140112b7e28b,6565e374d7a26d4a2f484f2a,656731e12e481d65554c0c7b,,,,,,,,,,,,,,,,,,,210.9434,211.4601,k,0.471,,space,0.3628,,1,p_orange_gnome,1,0,p_green_forest,p_blue_basket,p_blue_gnome,1,5,p_yellow_forest,p_green_basket,5,0,0,1,p_blue_gnome,p_yellow_forest,p_green_basket,10,0,1,1,0,1,1,,,,,,,,,,,,,,,,,,,,,,,,,,,,,,,,,,,,,,,,,,,,,,,,,,,,,,,,,,,,,,,,,,,,,,,,,,,,,,,,,,,,,,,,,,,,,,,,,,,,,,,,,,,,,,,,,,,,,,,,,,,,,,,,,,,,,,,,,,,
,,,,,,,,,,,,,,,,,,,,,,,,,,,,,,,,896552,001,2023-11-29_13h43.25.211,experiment,2023.2.3,MacIntel,59.97361161,5f69dc04e44a140112b7e28b,6565e374d7a26d4a2f484f2a,656731e12e481d65554c0c7b,,,,,,,,,,,,,,,,,,,216.5048,217.0076,s,0.4617,,space,0.5296,,1,p_orange_gnome,1,1,p_green_forest,p_blue_basket,p_blue_gnome,1,6,p_yellow_forest,p_green_basket,1,0,0,1,p_orange_gnome,p_green_forest,p_blue_basket,11,1,0,2,0,1,1,,,,,,,,,,,,,,,,,,,,,,,,,,,,,,,,,,,,,,,,,,,,,,,,,,,,,,,,,,,,,,,,,,,,,,,,,,,,,,,,,,,,,,,,,,,,,,,,,,,,,,,,,,,,,,,,,,,,,,,,,,,,,,,,,,,,,,,,,,,
,,,,,,,,,,,,,,,,,,,,,,,,,,,,,,,,896552,001,2023-11-29_13h43.25.211,experiment,2023.2.3,MacIntel,59.97361161,5f69dc04e44a140112b7e28b,6565e374d7a26d4a2f484f2a,656731e12e481d65554c0c7b,,,,,,,,,,,,,,,,,,,222.0371,222.5431,k,0.4297,,space,0.3959,,2,p_green_gnome,2,6,p_yellow_forest,p_green_basket,p_pink_gnomes,2,1,p_green_forest,p_blue_basket,1,0,0,1,p_pink_gnomes,p_green_forest,p_blue_basket,12,1,1,3,1,1,2,,,,,,,,,,,,,,,,,,,,,,,,,,,,,,,,,,,,,,,,,,,,,,,,,,,,,,,,,,,,,,,,,,,,,,,,,,,,,,,,,,,,,,,,,,,,,,,,,,,,,,,,,,,,,,,,,,,,,,,,,,,,,,,,,,,,,,,,,,,
,,,,,,,,,,,,,,,,,,,,,,,,,,,,,,,,896552,001,2023-11-29_13h43.25.211,experiment,2023.2.3,MacIntel,59.97361161,5f69dc04e44a140112b7e28b,6565e374d7a26d4a2f484f2a,656731e12e481d65554c0c7b,,,,,,,,,,,,,,,,,,,227.5738,228.0841,s,0.3275,,space,0.2781,,2,p_green_gnome,2,7,p_yellow_forest,p_green_basket,p_pink_gnomes,2,2,p_green_forest,p_blue_basket,7,0,0,1,p_green_gnome,p_yellow_forest,p_green_basket,19,2,0,4,1,1,2,,,,,,,,,,,,,,,,,,,,,,,,,,,,,,,,,,,,,,,,,,,,,,,,,,,,,,,,,,,,,,,,,,,,,,,,,,,,,,,,,,,,,,,,,,,,,,,,,,,,,,,,,,,,,,,,,,,,,,,,,,,,,,,,,,,,,,,,,,,
,,,,,,,,,,,,,,,,,,,,,,,,,,,,,,,,896552,001,2023-11-29_13h43.25.211,experiment,2023.2.3,MacIntel,59.97361161,5f69dc04e44a140112b7e28b,6565e374d7a26d4a2f484f2a,656731e12e481d65554c0c7b,,,,,,,,,,,,,,,,,,,233.132,233.6473,s,0.4157,,space,0.2836,,2,p_green_gnome,2,7,p_yellow_forest,p_green_basket,p_pink_gnomes,2,2,p_green_forest,p_blue_basket,7,0,0,1,p_green_gnome,p_yellow_forest,p_green_basket,26,2,1,5,1,1,2,,,,,,,,,,,,,,,,,,,,,,,,,,,,,,,,,,,,,,,,,,,,,,,,,,,,,,,,,,,,,,,,,,,,,,,,,,,,,,,,,,,,,,,,,,,,,,,,,,,,,,,,,,,,,,,,,,,,,,,,,,,,,,,,,,,,,,,,,,,
,,,,,,,,,,,,,,,,,,,,,,,,,,,,,,,,896552,001,2023-11-29_13h43.25.211,experiment,2023.2.3,MacIntel,59.97361161,5f69dc04e44a140112b7e28b,6565e374d7a26d4a2f484f2a,656731e12e481d65554c0c7b,,,,,,,,,,,,,,,,,,,238.6815,239.1864,s,0.3952,,space,0.3481,,1,p_orange_gnome,1,3,p_green_forest,p_blue_basket,p_blue_gnome,1,8,p_yellow_forest,p_green_basket,3,0,0,1,p_orange_gnome,p_green_forest,p_blue_basket,29,3,0,6,0,1,1,,,,,,,,,,,,,,,,,,,,,,,,,,,,,,,,,,,,,,,,,,,,,,,,,,,,,,,,,,,,,,,,,,,,,,,,,,,,,,,,,,,,,,,,,,,,,,,,,,,,,,,,,,,,,,,,,,,,,,,,,,,,,,,,,,,,,,,,,,,
,,,,,,,,,,,,,,,,,,,,,,,,,,,,,,,,896552,001,2023-11-29_13h43.25.211,experiment,2023.2.3,MacIntel,59.97361161,5f69dc04e44a140112b7e28b,6565e374d7a26d4a2f484f2a,656731e12e481d65554c0c7b,,,,,,,,,,,,,,,,,,,244.2352,244.7358,k,0.9638,,space,0.4286,,2,p_green_gnome,2,8,p_yellow_forest,p_green_basket,p_pink_gnomes,2,3,p_green_forest,p_blue_basket,3,0,0,1,p_pink_gnomes,p_green_forest,p_blue_basket,32,3,1,7,1,1,2,,,,,,,,,,,,,,,,,,,,,,,,,,,,,,,,,,,,,,,,,,,,,,,,,,,,,,,,,,,,,,,,,,,,,,,,,,,,,,,,,,,,,,,,,,,,,,,,,,,,,,,,,,,,,,,,,,,,,,,,,,,,,,,,,,,,,,,,,,,
,,,,,,,,,,,,,,,,,,,,,,,,,,,,,,,,896552,001,2023-11-29_13h43.25.211,experiment,2023.2.3,MacIntel,59.97361161,5f69dc04e44a140112b7e28b,6565e374d7a26d4a2f484f2a,656731e12e481d65554c0c7b,,,,,,,,,,,,,,,,,,,249.7704,250.2753,s,0.7809,,space,0.4813,,2,p_green_gnome,2,9,p_yellow_forest,p_green_basket,p_pink_gnomes,2,4,p_green_forest,p_blue_basket,9,0,0,1,p_green_gnome,p_yellow_forest,p_green_basket,41,4,0,8,1,1,2,,,,,,,,,,,,,,,,,,,,,,,,,,,,,,,,,,,,,,,,,,,,,,,,,,,,,,,,,,,,,,,,,,,,,,,,,,,,,,,,,,,,,,,,,,,,,,,,,,,,,,,,,,,,,,,,,,,,,,,,,,,,,,,,,,,,,,,,,,,
,,,,,,,,,,,,,,,,,,,,,,,,,,,,,,,,896552,001,2023-11-29_13h43.25.211,experiment,2023.2.3,MacIntel,59.97361161,5f69dc04e44a140112b7e28b,6565e374d7a26d4a2f484f2a,656731e12e481d65554c0c7b,,,,,,,,,,,,,,,,,,,255.3183,255.826,k,0.3601,,space,0.0337,,1,p_orange_gnome,1,4,p_green_forest,p_blue_basket,p_blue_gnome,1,9,p_yellow_forest,p_green_basket,9,0,0,1,p_blue_gnome,p_yellow_forest,p_green_basket,50,4,1,9,0,1,1,,,,,,,,,,,,,,,,,,,,,,,,,,,,,,,,,,,,,,,,,,,,,,,,,,,,,,,,,,,,,,,,,,,,,,,,,,,,,,,,,,,,,,,,,,,,,,,,,,,,,,,,,,,,,,,,,,,,,,,,,,,,,,,,,,,,,,,,,,,
,,,,,,,,,,,,,,,,,,,,,,,,,,,,,,,,896552,001,2023-11-29_13h43.25.211,experiment,2023.2.3,MacIntel,59.97361161,5f69dc04e44a140112b7e28b,6565e374d7a26d4a2f484f2a,656731e12e481d65554c0c7b,,,,,,,,,,,,,,,,,,,,,,,,,,,,,,,,,,,,,,,,,,,,,,,,,,,1,space,20.6191,,s,0.3946,,space,0.5277,,1,red_gnome,1,9,bright_forest,yellow_basket,green_gnomes,1,2,dark_forest,red_basket,9,0,0,1,red_gnome,bright_forest,yellow_basket,9,1,-2,0,0,0,0,1,,,,,,,,,,,,,,,,,,,,,,,,,,,,,,,,,,,,,,,,,,,,,,,,,,,,,,,,,,,,,,,,,,,,,,,,,,,,,,,,,,,,,,,,,,,,,,,,,,,,,,,,
,,,,,,,,,,,,,,,,,,,,,,,,,,,,,,,,896552,001,2023-11-29_13h43.25.211,experiment,2023.2.3,MacIntel,59.97361161,5f69dc04e44a140112b7e28b,6565e374d7a26d4a2f484f2a,656731e12e481d65554c0c7b,,,,,,,,,,,,,,,,,,,,,,,,,,,,,,,,,,,,,,,,,,,,,,,,,,,2,,,,k,0.3464,,space,0.3486,,2,purple_gnome,2,0,dark_forest,red_basket,brown_gnome,2,8,bright_forest,yellow_basket,8,0,0,1,brown_gnome,bright_forest,yellow_basket,17,2,2,0,1,1,1,1,,,,,,,,,,,,,,,,,,,,,,,,,,,,,,,,,,,,,,,,,,,,,,,,,,,,,,,,,,,,,,,,,,,,,,,,,,,,,,,,,,,,,,,,,,,,,,,,,,,,,,,,
,,,,,,,,,,,,,,,,,,,,,,,,,,,,,,,,896552,001,2023-11-29_13h43.25.211,experiment,2023.2.3,MacIntel,59.97361161,5f69dc04e44a140112b7e28b,6565e374d7a26d4a2f484f2a,656731e12e481d65554c0c7b,,,,,,,,,,,,,,,,,,,,,,,,,,,,,,,,,,,,,,,,,,,,,,,,,,,1,,,,s,0.3292,,space,0.4288,,1,red_gnome,1,8,bright_forest,yellow_basket,green_gnomes,1,2,dark_forest,red_basket,8,0,0,1,red_gnome,bright_forest,yellow_basket,25,1,3,1,0,2,0,1,,,,,,,,,,,,,,,,,,,,,,,,,,,,,,,,,,,,,,,,,,,,,,,,,,,,,,,,,,,,,,,,,,,,,,,,,,,,,,,,,,,,,,,,,,,,,,,,,,,,,,,,
,,,,,,,,,,,,,,,,,,,,,,,,,,,,,,,,896552,001,2023-11-29_13h43.25.211,experiment,2023.2.3,MacIntel,59.97361161,5f69dc04e44a140112b7e28b,6565e374d7a26d4a2f484f2a,656731e12e481d65554c0c7b,,,,,,,,,,,,,,,,,,,,,,,,,,,,,,,,,,,,,,,,,,,,,,,,,,,1,,,,k,0.6102,,space,0.518,,1,green_gnomes,1,5,dark_forest,red_basket,red_gnome,1,9,bright_forest,yellow_basket,9,0,0,1,red_gnome,bright_forest,yellow_basket,34,1,-1,1,1,3,0,1,,,,,,,,,,,,,,,,,,,,,,,,,,,,,,,,,,,,,,,,,,,,,,,,,,,,,,,,,,,,,,,,,,,,,,,,,,,,,,,,,,,,,,,,,,,,,,,,,,,,,,,,
,,,,,,,,,,,,,,,,,,,,,,,,,,,,,,,,896552,001,2023-11-29_13h43.25.211,experiment,2023.2.3,MacIntel,59.97361161,5f69dc04e44a140112b7e28b,6565e374d7a26d4a2f484f2a,656731e12e481d65554c0c7b,,,,,,,,,,,,,,,,,,,,,,,,,,,,,,,,,,,,,,,,,,,,,,,,,,,2,,,,s,0.3127,,space,0.36,,2,brown_gnome,2,8,bright_forest,yellow_basket,purple_gnome,2,4,dark_forest,red_basket,8,0,0,1,brown_gnome,bright_forest,yellow_basket,42,3,-1,2,0,4,1,1,,,,,,,,,,,,,,,,,,,,,,,,,,,,,,,,,,,,,,,,,,,,,,,,,,,,,,,,,,,,,,,,,,,,,,,,,,,,,,,,,,,,,,,,,,,,,,,,,,,,,,,,
,,,,,,,,,,,,,,,,,,,,,,,,,,,,,,,,896552,001,2023-11-29_13h43.25.211,experiment,2023.2.3,MacIntel,59.97361161,5f69dc04e44a140112b7e28b,6565e374d7a26d4a2f484f2a,656731e12e481d65554c0c7b,,,,,,,,,,,,,,,,,,,,,,,,,,,,,,,,,,,,,,,,,,,,,,,,,,,1,,,,k,0.745,,space,0.2965,,1,red_gnome,1,7,bright_forest,yellow_basket,green_gnomes,1,3,dark_forest,red_basket,3,0,0,1,green_gnomes,dark_forest,red_basket,45,2,1,2,1,5,0,1,,,,,,,,,,,,,,,,,,,,,,,,,,,,,,,,,,,,,,,,,,,,,,,,,,,,,,,,,,,,,,,,,,,,,,,,,,,,,,,,,,,,,,,,,,,,,,,,,,,,,,,,
,,,,,,,,,,,,,,,,,,,,,,,,,,,,,,,,896552,001,2023-11-29_13h43.25.211,experiment,2023.2.3,MacIntel,59.97361161,5f69dc04e44a140112b7e28b,6565e374d7a26d4a2f484f2a,656731e12e481d65554c0c7b,,,,,,,,,,,,,,,,,,,,,,,,,,,,,,,,,,,,,,,,,,,,,,,,,,,2,,,,s,0.559,,space,0.2669,,2,brown_gnome,2,9,bright_forest,yellow_basket,purple_gnome,2,4,dark_forest,red_basket,9,0,0,1,brown_gnome,bright_forest,yellow_basket,54,-2,5,3,0,6,1,1,,,,,,,,,,,,,,,,,,,,,,,,,,,,,,,,,,,,,,,,,,,,,,,,,,,,,,,,,,,,,,,,,,,,,,,,,,,,,,,,,,,,,,,,,,,,,,,,,,,,,,,,
,,,,,,,,,,,,,,,,,,,,,,,,,,,,,,,,896552,001,2023-11-29_13h43.25.211,experiment,2023.2.3,MacIntel,59.97361161,5f69dc04e44a140112b7e28b,6565e374d7a26d4a2f484f2a,656731e12e481d65554c0c7b,,,,,,,,,,,,,,,,,,,,,,,,,,,,,,,,,,,,,,,,,,,,,,,,,,,1,,,,k,0.7113,,space,0.3164,,1,green_gnomes,1,9,dark_forest,red_basket,red_gnome,1,7,bright_forest,yellow_basket,7,0,0,1,red_gnome,bright_forest,yellow_basket,61,0,-1,3,1,7,0,1,,,,,,,,,,,,,,,,,,,,,,,,,,,,,,,,,,,,,,,,,,,,,,,,,,,,,,,,,,,,,,,,,,,,,,,,,,,,,,,,,,,,,,,,,,,,,,,,,,,,,,,,
,,,,,,,,,,,,,,,,,,,,,,,,,,,,,,,,896552,001,2023-11-29_13h43.25.211,experiment,2023.2.3,MacIntel,59.97361161,5f69dc04e44a140112b7e28b,6565e374d7a26d4a2f484f2a,656731e12e481d65554c0c7b,,,,,,,,,,,,,,,,,,,,,,,,,,,,,,,,,,,,,,,,,,,,,,,,,,,1,,,,s,0.3609,,space,0.5521,,1,red_gnome,1,7,bright_forest,yellow_basket,green_gnomes,1,8,dark_forest,red_basket,7,0,0,1,red_gnome,bright_forest,yellow_basket,68,-2,-1,4,0,8,0,1,,,,,,,,,,,,,,,,,,,,,,,,,,,,,,,,,,,,,,,,,,,,,,,,,,,,,,,,,,,,,,,,,,,,,,,,,,,,,,,,,,,,,,,,,,,,,,,,,,,,,,,,
,,,,,,,,,,,,,,,,,,,,,,,,,,,,,,,,896552,001,2023-11-29_13h43.25.211,experiment,2023.2.3,MacIntel,59.97361161,5f69dc04e44a140112b7e28b,6565e374d7a26d4a2f484f2a,656731e12e481d65554c0c7b,,,,,,,,,,,,,,,,,,,,,,,,,,,,,,,,,,,,,,,,,,,,,,,,,,,2,,,,k,0.4076,,space,0.2655,,2,brown_gnome,2,5,bright_forest,yellow_basket,purple_gnome,2,7,dark_forest,red_basket,7,0,0,1,purple_gnome,dark_forest,red_basket,75,0,-2,4,1,9,1,1,,,,,,,,,,,,,,,,,,,,,,,,,,,,,,,,,,,,,,,,,,,,,,,,,,,,,,,,,,,,,,,,,,,,,,,,,,,,,,,,,,,,,,,,,,,,,,,,,,,,,,,,
,,,,,,,,,,,,,,,,,,,,,,,,,,,,,,,,896552,001,2023-11-29_13h43.25.211,experiment,2023.2.3,MacIntel,59.97361161,5f69dc04e44a140112b7e28b,6565e374d7a26d4a2f484f2a,656731e12e481d65554c0c7b,,,,,,,,,,,,,,,,,,,,,,,,,,,,,,,,,,,,,,,,,,,,,,,,,,,2,,,,s,0.1454,,space,0.2987,,2,purple_gnome,2,5,dark_forest,red_basket,brown_gnome,2,5,bright_forest,yellow_basket,5,0,0,1,purple_gnome,dark_forest,red_basket,80,4,2,5,0,10,1,1,,,,,,,,,,,,,,,,,,,,,,,,,,,,,,,,,,,,,,,,,,,,,,,,,,,,,,,,,,,,,,,,,,,,,,,,,,,,,,,,,,,,,,,,,,,,,,,,,,,,,,,,
,,,,,,,,,,,,,,,,,,,,,,,,,,,,,,,,896552,001,2023-11-29_13h43.25.211,experiment,2023.2.3,MacIntel,59.97361161,5f69dc04e44a140112b7e28b,6565e374d7a26d4a2f484f2a,656731e12e481d65554c0c7b,,,,,,,,,,,,,,,,,,,,,,,,,,,,,,,,,,,,,,,,,,,,,,,,,,,2,,,,k,0.365,,space,0.2835,,2,brown_gnome,2,9,bright_forest,yellow_basket,purple_gnome,2,7,dark_forest,red_basket,7,0,0,1,purple_gnome,dark_forest,red_basket,87,-4,3,5,1,11,1,1,,,,,,,,,,,,,,,,,,,,,,,,,,,,,,,,,,,,,,,,,,,,,,,,,,,,,,,,,,,,,,,,,,,,,,,,,,,,,,,,,,,,,,,,,,,,,,,,,,,,,,,,
,,,,,,,,,,,,,,,,,,,,,,,,,,,,,,,,896552,001,2023-11-29_13h43.25.211,experiment,2023.2.3,MacIntel,59.97361161,5f69dc04e44a140112b7e28b,6565e374d7a26d4a2f484f2a,656731e12e481d65554c0c7b,,,,,,,,,,,,,,,,,,,,,,,,,,,,,,,,,,,,,,,,,,,,,,,,,,,2,,,,s,0.4117,,space,0.4167,,2,brown_gnome,2,5,bright_forest,yellow_basket,purple_gnome,2,8,dark_forest,red_basket,5,0,0,1,brown_gnome,bright_forest,yellow_basket,92,2,2,6,0,12,1,1,,,,,,,,,,,,,,,,,,,,,,,,,,,,,,,,,,,,,,,,,,,,,,,,,,,,,,,,,,,,,,,,,,,,,,,,,,,,,,,,,,,,,,,,,,,,,,,,,,,,,,,,
,,,,,,,,,,,,,,,,,,,,,,,,,,,,,,,,896552,001,2023-11-29_13h43.25.211,experiment,2023.2.3,MacIntel,59.97361161,5f69dc04e44a140112b7e28b,6565e374d7a26d4a2f484f2a,656731e12e481d65554c0c7b,,,,,,,,,,,,,,,,,,,,,,,,,,,,,,,,,,,,,,,,,,,,,,,,,,,1,,,,s,0.3976,,space,0.4172,,1,red_gnome,1,7,bright_forest,yellow_basket,green_gnomes,1,8,dark_forest,red_basket,7,0,0,1,red_gnome,bright_forest,yellow_basket,99,-2,1,6,1,13,0,1,,,,,,,,,,,,,,,,,,,,,,,,,,,,,,,,,,,,,,,,,,,,,,,,,,,,,,,,,,,,,,,,,,,,,,,,,,,,,,,,,,,,,,,,,,,,,,,,,,,,,,,,
,,,,,,,,,,,,,,,,,,,,,,,,,,,,,,,,896552,001,2023-11-29_13h43.25.211,experiment,2023.2.3,MacIntel,59.97361161,5f69dc04e44a140112b7e28b,6565e374d7a26d4a2f484f2a,656731e12e481d65554c0c7b,,,,,,,,,,,,,,,,,,,,,,,,,,,,,,,,,,,,,,,,,,,,,,,,,,,2,,,,k,0.4459,,space,0.38,,2,purple_gnome,2,9,dark_forest,red_basket,brown_gnome,2,5,bright_forest,yellow_basket,5,0,0,1,brown_gnome,bright_forest,yellow_basket,104,0,-2,7,0,14,1,1,,,,,,,,,,,,,,,,,,,,,,,,,,,,,,,,,,,,,,,,,,,,,,,,,,,,,,,,,,,,,,,,,,,,,,,,,,,,,,,,,,,,,,,,,,,,,,,,,,,,,,,,
,,,,,,,,,,,,,,,,,,,,,,,,,,,,,,,,896552,001,2023-11-29_13h43.25.211,experiment,2023.2.3,MacIntel,59.97361161,5f69dc04e44a140112b7e28b,6565e374d7a26d4a2f484f2a,656731e12e481d65554c0c7b,,,,,,,,,,,,,,,,,,,,,,,,,,,,,,,,,,,,,,,,,,,,,,,,,,,1,,,,s,0.5628,,space,0.9164,,1,green_gnomes,1,7,dark_forest,red_basket,red_gnome,1,5,bright_forest,yellow_basket,7,0,0,1,green_gnomes,dark_forest,red_basket,111,1,2,7,1,15,0,1,,,,,,,,,,,,,,,,,,,,,,,,,,,,,,,,,,,,,,,,,,,,,,,,,,,,,,,,,,,,,,,,,,,,,,,,,,,,,,,,,,,,,,,,,,,,,,,,,,,,,,,,
,,,,,,,,,,,,,,,,,,,,,,,,,,,,,,,,896552,001,2023-11-29_13h43.25.211,experiment,2023.2.3,MacIntel,59.97361161,5f69dc04e44a140112b7e28b,6565e374d7a26d4a2f484f2a,656731e12e481d65554c0c7b,,,,,,,,,,,,,,,,,,,,,,,,,,,,,,,,,,,,,,,,,,,,,,,,,,,1,,,,k,0.6495,,space,0.4626,,1,red_gnome,1,6,bright_forest,yellow_basket,green_gnomes,1,9,dark_forest,red_basket,9,0,0,1,green_gnomes,dark_forest,red_basket,120,-1,3,8,0,16,0,1,,,,,,,,,,,,,,,,,,,,,,,,,,,,,,,,,,,,,,,,,,,,,,,,,,,,,,,,,,,,,,,,,,,,,,,,,,,,,,,,,,,,,,,,,,,,,,,,,,,,,,,,
,,,,,,,,,,,,,,,,,,,,,,,,,,,,,,,,896552,001,2023-11-29_13h43.25.211,experiment,2023.2.3,MacIntel,59.97361161,5f69dc04e44a140112b7e28b,6565e374d7a26d4a2f484f2a,656731e12e481d65554c0c7b,,,,,,,,,,,,,,,,,,,,,,,,,,,,,,,,,,,,,,,,,,,,,,,,,,,1,,,,s,0.3663,,space,0.8012,,1,red_gnome,1,5,bright_forest,yellow_basket,green_gnomes,1,6,dark_forest,red_basket,5,0,0,1,red_gnome,bright_forest,yellow_basket,125,1,2,8,1,17,0,1,,,,,,,,,,,,,,,,,,,,,,,,,,,,,,,,,,,,,,,,,,,,,,,,,,,,,,,,,,,,,,,,,,,,,,,,,,,,,,,,,,,,,,,,,,,,,,,,,,,,,,,,
,,,,,,,,,,,,,,,,,,,,,,,,,,,,,,,,896552,001,2023-11-29_13h43.25.211,experiment,2023.2.3,MacIntel,59.97361161,5f69dc04e44a140112b7e28b,6565e374d7a26d4a2f484f2a,656731e12e481d65554c0c7b,,,,,,,,,,,,,,,,,,,,,,,,,,,,,,,,,,,,,,,,,,,,,,,,,,,2,,,,k,0.4274,,space,0.3161,,2,brown_gnome,2,6,bright_forest,yellow_basket,purple_gnome,2,8,dark_forest,red_basket,8,0,0,1,purple_gnome,dark_forest,red_basket,133,-4,1,9,0,18,1,1,,,,,,,,,,,,,,,,,,,,,,,,,,,,,,,,,,,,,,,,,,,,,,,,,,,,,,,,,,,,,,,,,,,,,,,,,,,,,,,,,,,,,,,,,,,,,,,,,,,,,,,,
,,,,,,,,,,,,,,,,,,,,,,,,,,,,,,,,896552,001,2023-11-29_13h43.25.211,experiment,2023.2.3,MacIntel,59.97361161,5f69dc04e44a140112b7e28b,6565e374d7a26d4a2f484f2a,656731e12e481d65554c0c7b,,,,,,,,,,,,,,,,,,,,,,,,,,,,,,,,,,,,,,,,,,,,,,,,,,,2,,,,s,0.3252,,space,0.1443,,2,brown_gnome,2,2,bright_forest,yellow_basket,purple_gnome,2,9,dark_forest,red_basket,2,0,0,1,brown_gnome,bright_forest,yellow_basket,135,1,-3,9,1,19,1,1,,,,,,,,,,,,,,,,,,,,,,,,,,,,,,,,,,,,,,,,,,,,,,,,,,,,,,,,,,,,,,,,,,,,,,,,,,,,,,,,,,,,,,,,,,,,,,,,,,,,,,,,
,,,,,,,,,,,,,,,,,,,,,,,,,,,,,,,,896552,001,2023-11-29_13h43.25.211,experiment,2023.2.3,MacIntel,59.97361161,5f69dc04e44a140112b7e28b,6565e374d7a26d4a2f484f2a,656731e12e481d65554c0c7b,,,,,,,,,,,,,,,,,,,,,,,,,,,,,,,,,,,,,,,,,,,,,,,,,,,2,,,,s,0.5624,,space,0.3325,,2,purple_gnome,2,6,dark_forest,red_basket,brown_gnome,2,3,bright_forest,yellow_basket,6,0,0,1,purple_gnome,dark_forest,red_basket,141,-2,1,10,0,20,1,1,,,,,,,,,,,,,,,,,,,,,,,,,,,,,,,,,,,,,,,,,,,,,,,,,,,,,,,,,,,,,,,,,,,,,,,,,,,,,,,,,,,,,,,,,,,,,,,,,,,,,,,,
,,,,,,,,,,,,,,,,,,,,,,,,,,,,,,,,896552,001,2023-11-29_13h43.25.211,experiment,2023.2.3,MacIntel,59.97361161,5f69dc04e44a140112b7e28b,6565e374d7a26d4a2f484f2a,656731e12e481d65554c0c7b,,,,,,,,,,,,,,,,,,,,,,,,,,,,,,,,,,,,,,,,,,,,,,,,,,,1,,,,k,0.0701,,space,0.0298,,1,red_gnome,1,1,bright_forest,yellow_basket,green_gnomes,1,7,dark_forest,red_basket,7,0,0,1,green_gnomes,dark_forest,red_basket,148,-2,-3,10,1,21,0,1,,,,,,,,,,,,,,,,,,,,,,,,,,,,,,,,,,,,,,,,,,,,,,,,,,,,,,,,,,,,,,,,,,,,,,,,,,,,,,,,,,,,,,,,,,,,,,,,,,,,,,,,
,,,,,,,,,,,,,,,,,,,,,,,,,,,,,,,,896552,001,2023-11-29_13h43.25.211,experiment,2023.2.3,MacIntel,59.97361161,5f69dc04e44a140112b7e28b,6565e374d7a26d4a2f484f2a,656731e12e481d65554c0c7b,,,,,,,,,,,,,,,,,,,,,,,,,,,,,,,,,,,,,,,,,,,,,,,,,,,2,,,,s,0.2141,,space,0.1649,,2,purple_gnome,2,4,dark_forest,red_basket,brown_gnome,2,1,bright_forest,yellow_basket,4,0,0,1,purple_gnome,dark_forest,red_basket,152,2,3,11,0,22,1,1,,,,,,,,,,,,,,,,,,,,,,,,,,,,,,,,,,,,,,,,,,,,,,,,,,,,,,,,,,,,,,,,,,,,,,,,,,,,,,,,,,,,,,,,,,,,,,,,,,,,,,,,
,,,,,,,,,,,,,,,,,,,,,,,,,,,,,,,,896552,001,2023-11-29_13h43.25.211,experiment,2023.2.3,MacIntel,59.97361161,5f69dc04e44a140112b7e28b,6565e374d7a26d4a2f484f2a,656731e12e481d65554c0c7b,,,,,,,,,,,,,,,,,,,,,,,,,,,,,,,,,,,,,,,,,,,,,,,,,,,1,,,,s,0.2653,,space,0.3168,,1,green_gnomes,1,7,dark_forest,red_basket,red_gnome,1,3,bright_forest,yellow_basket,7,0,0,1,green_gnomes,dark_forest,red_basket,159,3,0,11,1,23,0,1,,,,,,,,,,,,,,,,,,,,,,,,,,,,,,,,,,,,,,,,,,,,,,,,,,,,,,,,,,,,,,,,,,,,,,,,,,,,,,,,,,,,,,,,,,,,,,,,,,,,,,,,
,,,,,,,,,,,,,,,,,,,,,,,,,,,,,,,,896552,001,2023-11-29_13h43.25.211,experiment,2023.2.3,MacIntel,59.97361161,5f69dc04e44a140112b7e28b,6565e374d7a26d4a2f484f2a,656731e12e481d65554c0c7b,,,,,,,,,,,,,,,,,,,,,,,,,,,,,,,,,,,,,,,,,,,,,,,,,,,2,,,,k,0.0951,,space,0.3822,,2,purple_gnome,2,7,dark_forest,red_basket,brown_gnome,2,6,bright_forest,yellow_basket,6,0,0,1,brown_gnome,bright_forest,yellow_basket,165,-3,0,12,0,24,1,1,,,,,,,,,,,,,,,,,,,,,,,,,,,,,,,,,,,,,,,,,,,,,,,,,,,,,,,,,,,,,,,,,,,,,,,,,,,,,,,,,,,,,,,,,,,,,,,,,,,,,,,,
,,,,,,,,,,,,,,,,,,,,,,,,,,,,,,,,896552,001,2023-11-29_13h43.25.211,experiment,2023.2.3,MacIntel,59.97361161,5f69dc04e44a140112b7e28b,6565e374d7a26d4a2f484f2a,656731e12e481d65554c0c7b,,,,,,,,,,,,,,,,,,,,,,,,,,,,,,,,,,,,,,,,,,,,,,,,,,,1,,,,s,0.2779,,space,0.0349,,1,green_gnomes,1,7,dark_forest,red_basket,red_gnome,1,3,bright_forest,yellow_basket,7,0,0,1,green_gnomes,dark_forest,red_basket,172,0,4,12,1,25,0,1,,,,,,,,,,,,,,,,,,,,,,,,,,,,,,,,,,,,,,,,,,,,,,,,,,,,,,,,,,,,,,,,,,,,,,,,,,,,,,,,,,,,,,,,,,,,,,,,,,,,,,,,
,,,,,,,,,,,,,,,,,,,,,,,,,,,,,,,,896552,001,2023-11-29_13h43.25.211,experiment,2023.2.3,MacIntel,59.97361161,5f69dc04e44a140112b7e28b,6565e374d7a26d4a2f484f2a,656731e12e481d65554c0c7b,,,,,,,,,,,,,,,,,,,,,,,,,,,,,,,,,,,,,,,,,,,,,,,,,,,1,,,,k,0.3964,,space,0.2764,,1,red_gnome,1,3,bright_forest,yellow_basket,green_gnomes,1,7,dark_forest,red_basket,7,0,0,1,green_gnomes,dark_forest,red_basket,179,-2,2,13,0,26,0,1,,,,,,,,,,,,,,,,,,,,,,,,,,,,,,,,,,,,,,,,,,,,,,,,,,,,,,,,,,,,,,,,,,,,,,,,,,,,,,,,,,,,,,,,,,,,,,,,,,,,,,,,
,,,,,,,,,,,,,,,,,,,,,,,,,,,,,,,,896552,001,2023-11-29_13h43.25.211,experiment,2023.2.3,MacIntel,59.97361161,5f69dc04e44a140112b7e28b,6565e374d7a26d4a2f484f2a,656731e12e481d65554c0c7b,,,,,,,,,,,,,,,,,,,,,,,,,,,,,,,,,,,,,,,,,,,,,,,,,,,2,,,,s,0.1951,,space,0.4294,,2,brown_gnome,2,1,bright_forest,yellow_basket,purple_gnome,2,9,dark_forest,red_basket,1,0,0,1,brown_gnome,bright_forest,yellow_basket,180,-2,2,13,1,27,1,1,,,,,,,,,,,,,,,,,,,,,,,,,,,,,,,,,,,,,,,,,,,,,,,,,,,,,,,,,,,,,,,,,,,,,,,,,,,,,,,,,,,,,,,,,,,,,,,,,,,,,,,,
,,,,,,,,,,,,,,,,,,,,,,,,,,,,,,,,896552,001,2023-11-29_13h43.25.211,experiment,2023.2.3,MacIntel,59.97361161,5f69dc04e44a140112b7e28b,6565e374d7a26d4a2f484f2a,656731e12e481d65554c0c7b,,,,,,,,,,,,,,,,,,,,,,,,,,,,,,,,,,,,,,,,,,,,,,,,,,,1,,,,k,0.4253,,space,0.2615,,1,red_gnome,1,1,bright_forest,yellow_basket,green_gnomes,1,7,dark_forest,red_basket,7,0,0,1,green_gnomes,dark_forest,red_basket,187,1,-1,14,0,28,0,1,,,,,,,,,,,,,,,,,,,,,,,,,,,,,,,,,,,,,,,,,,,,,,,,,,,,,,,,,,,,,,,,,,,,,,,,,,,,,,,,,,,,,,,,,,,,,,,,,,,,,,,,
,,,,,,,,,,,,,,,,,,,,,,,,,,,,,,,,896552,001,2023-11-29_13h43.25.211,experiment,2023.2.3,MacIntel,59.97361161,5f69dc04e44a140112b7e28b,6565e374d7a26d4a2f484f2a,656731e12e481d65554c0c7b,,,,,,,,,,,,,,,,,,,,,,,,,,,,,,,,,,,,,,,,,,,,,,,,,,,1,,,,s,0.31,,space,0.2638,,1,green_gnomes,1,6,dark_forest,red_basket,red_gnome,1,2,bright_forest,yellow_basket,6,0,0,1,green_gnomes,dark_forest,red_basket,193,-1,1,14,1,29,0,1,,,,,,,,,,,,,,,,,,,,,,,,,,,,,,,,,,,,,,,,,,,,,,,,,,,,,,,,,,,,,,,,,,,,,,,,,,,,,,,,,,,,,,,,,,,,,,,,,,,,,,,,
,,,,,,,,,,,,,,,,,,,,,,,,,,,,,,,,896552,001,2023-11-29_13h43.25.211,experiment,2023.2.3,MacIntel,59.97361161,5f69dc04e44a140112b7e28b,6565e374d7a26d4a2f484f2a,656731e12e481d65554c0c7b,,,,,,,,,,,,,,,,,,,,,,,,,,,,,,,,,,,,,,,,,,,,,,,,,,,2,,,,s,0.2803,,space,0.0822,,2,brown_gnome,2,1,bright_forest,yellow_basket,purple_gnome,2,7,dark_forest,red_basket,1,0,0,1,brown_gnome,bright_forest,yellow_basket,194,0,0,15,0,30,1,1,,,,,,,,,,,,,,,,,,,,,,,,,,,,,,,,,,,,,,,,,,,,,,,,,,,,,,,,,,,,,,,,,,,,,,,,,,,,,,,,,,,,,,,,,,,,,,,,,,,,,,,,
,,,,,,,,,,,,,,,,,,,,,,,,,,,,,,,,896552,001,2023-11-29_13h43.25.211,experiment,2023.2.3,MacIntel,59.97361161,5f69dc04e44a140112b7e28b,6565e374d7a26d4a2f484f2a,656731e12e481d65554c0c7b,,,,,,,,,,,,,,,,,,,,,,,,,,,,,,,,,,,,,,,,,,,,,,,,,,,2,,,,s,0.502,,space,0.569,,2,brown_gnome,2,1,bright_forest,yellow_basket,purple_gnome,2,7,dark_forest,red_basket,1,0,0,1,brown_gnome,bright_forest,yellow_basket,195,-2,1,15,1,31,1,1,,,,,,,,,,,,,,,,,,,,,,,,,,,,,,,,,,,,,,,,,,,,,,,,,,,,,,,,,,,,,,,,,,,,,,,,,,,,,,,,,,,,,,,,,,,,,,,,,,,,,,,,
,,,,,,,,,,,,,,,,,,,,,,,,,,,,,,,,896552,001,2023-11-29_13h43.25.211,experiment,2023.2.3,MacIntel,59.97361161,5f69dc04e44a140112b7e28b,6565e374d7a26d4a2f484f2a,656731e12e481d65554c0c7b,,,,,,,,,,,,,,,,,,,,,,,,,,,,,,,,,,,,,,,,,,,,,,,,,,,1,,,,k,0.1131,,space,0.0966,,1,red_gnome,1,1,bright_forest,yellow_basket,green_gnomes,1,8,dark_forest,red_basket,8,0,0,1,green_gnomes,dark_forest,red_basket,203,0,-2,16,0,32,0,1,,,,,,,,,,,,,,,,,,,,,,,,,,,,,,,,,,,,,,,,,,,,,,,,,,,,,,,,,,,,,,,,,,,,,,,,,,,,,,,,,,,,,,,,,,,,,,,,,,,,,,,,
,,,,,,,,,,,,,,,,,,,,,,,,,,,,,,,,896552,001,2023-11-29_13h43.25.211,experiment,2023.2.3,MacIntel,59.97361161,5f69dc04e44a140112b7e28b,6565e374d7a26d4a2f484f2a,656731e12e481d65554c0c7b,,,,,,,,,,,,,,,,,,,,,,,,,,,,,,,,,,,,,,,,,,,,,,,,,,,2,,,,k,0.0548,,space,0.0778,,2,purple_gnome,2,6,dark_forest,red_basket,brown_gnome,2,1,bright_forest,yellow_basket,1,0,0,1,brown_gnome,bright_forest,yellow_basket,204,1,0,16,1,33,1,1,,,,,,,,,,,,,,,,,,,,,,,,,,,,,,,,,,,,,,,,,,,,,,,,,,,,,,,,,,,,,,,,,,,,,,,,,,,,,,,,,,,,,,,,,,,,,,,,,,,,,,,,
,,,,,,,,,,,,,,,,,,,,,,,,,,,,,,,,896552,001,2023-11-29_13h43.25.211,experiment,2023.2.3,MacIntel,59.97361161,5f69dc04e44a140112b7e28b,6565e374d7a26d4a2f484f2a,656731e12e481d65554c0c7b,,,,,,,,,,,,,,,,,,,,,,,,,,,,,,,,,,,,,,,,,,,,,,,,,,,2,,,,k,0.0805,,space,0.1358,,2,purple_gnome,2,6,dark_forest,red_basket,brown_gnome,2,2,bright_forest,yellow_basket,2,0,0,1,brown_gnome,bright_forest,yellow_basket,206,-1,-1,17,0,34,1,1,,,,,,,,,,,,,,,,,,,,,,,,,,,,,,,,,,,,,,,,,,,,,,,,,,,,,,,,,,,,,,,,,,,,,,,,,,,,,,,,,,,,,,,,,,,,,,,,,,,,,,,,
,,,,,,,,,,,,,,,,,,,,,,,,,,,,,,,,896552,001,2023-11-29_13h43.25.211,experiment,2023.2.3,MacIntel,59.97361161,5f69dc04e44a140112b7e28b,6565e374d7a26d4a2f484f2a,656731e12e481d65554c0c7b,,,,,,,,,,,,,,,,,,,,,,,,,,,,,,,,,,,,,,,,,,,,,,,,,,,2,,,,k,0.3129,,space,0.3457,,2,purple_gnome,2,5,dark_forest,red_basket,brown_gnome,2,1,bright_forest,yellow_basket,1,0,0,1,brown_gnome,bright_forest,yellow_basket,207,-4,-3,17,1,35,1,1,,,,,,,,,,,,,,,,,,,,,,,,,,,,,,,,,,,,,,,,,,,,,,,,,,,,,,,,,,,,,,,,,,,,,,,,,,,,,,,,,,,,,,,,,,,,,,,,,,,,,,,,
,,,,,,,,,,,,,,,,,,,,,,,,,,,,,,,,896552,001,2023-11-29_13h43.25.211,experiment,2023.2.3,MacIntel,59.97361161,5f69dc04e44a140112b7e28b,6565e374d7a26d4a2f484f2a,656731e12e481d65554c0c7b,,,,,,,,,,,,,,,,,,,,,,,,,,,,,,,,,,,,,,,,,,,,,,,,,,,1,,,,k,0.3428,,space,0.1155,,1,green_gnomes,1,2,dark_forest,red_basket,red_gnome,1,3,bright_forest,yellow_basket,3,0,0,1,red_gnome,bright_forest,yellow_basket,210,-1,2,18,0,36,0,1,,,,,,,,,,,,,,,,,,,,,,,,,,,,,,,,,,,,,,,,,,,,,,,,,,,,,,,,,,,,,,,,,,,,,,,,,,,,,,,,,,,,,,,,,,,,,,,,,,,,,,,,
,,,,,,,,,,,,,,,,,,,,,,,,,,,,,,,,896552,001,2023-11-29_13h43.25.211,experiment,2023.2.3,MacIntel,59.97361161,5f69dc04e44a140112b7e28b,6565e374d7a26d4a2f484f2a,656731e12e481d65554c0c7b,,,,,,,,,,,,,,,,,,,,,,,,,,,,,,,,,,,,,,,,,,,,,,,,,,,1,,,,k,0.3588,,space,0.3153,,1,green_gnomes,1,4,dark_forest,red_basket,red_gnome,1,2,bright_forest,yellow_basket,2,0,0,1,red_gnome,bright_forest,yellow_basket,212,-1,1,18,1,37,0,1,,,,,,,,,,,,,,,,,,,,,,,,,,,,,,,,,,,,,,,,,,,,,,,,,,,,,,,,,,,,,,,,,,,,,,,,,,,,,,,,,,,,,,,,,,,,,,,,,,,,,,,,
,,,,,,,,,,,,,,,,,,,,,,,,,,,,,,,,896552,001,2023-11-29_13h43.25.211,experiment,2023.2.3,MacIntel,59.97361161,5f69dc04e44a140112b7e28b,6565e374d7a26d4a2f484f2a,656731e12e481d65554c0c7b,,,,,,,,,,,,,,,,,,,,,,,,,,,,,,,,,,,,,,,,,,,,,,,,,,,1,,,,k,0.3286,,space,0.162,,1,red_gnome,1,1,bright_forest,yellow_basket,green_gnomes,1,5,dark_forest,red_basket,5,0,0,1,green_gnomes,dark_forest,red_basket,217,2,-1,19,0,38,0,1,,,,,,,,,,,,,,,,,,,,,,,,,,,,,,,,,,,,,,,,,,,,,,,,,,,,,,,,,,,,,,,,,,,,,,,,,,,,,,,,,,,,,,,,,,,,,,,,,,,,,,,,
,,,,,,,,,,,,,,,,,,,,,,,,,,,,,,,,896552,001,2023-11-29_13h43.25.211,experiment,2023.2.3,MacIntel,59.97361161,5f69dc04e44a140112b7e28b,6565e374d7a26d4a2f484f2a,656731e12e481d65554c0c7b,,,,,,,,,,,,,,,,,,,,,,,,,,,,,,,,,,,,,,,,,,,,,,,,,,,1,,,,k,0.3096,,space,0.4455,,1,green_gnomes,1,4,dark_forest,red_basket,red_gnome,1,3,bright_forest,yellow_basket,3,0,0,1,red_gnome,bright_forest,yellow_basket,220,2,1,19,1,39,0,1,,,,,,,,,,,,,,,,,,,,,,,,,,,,,,,,,,,,,,,,,,,,,,,,,,,,,,,,,,,,,,,,,,,,,,,,,,,,,,,,,,,,,,,,,,,,,,,,,,,,,,,,
,,,,,,,,,,,,,,,,,,,,,,,,,,,,,,,,896552,001,2023-11-29_13h43.25.211,experiment,2023.2.3,MacIntel,59.97361161,5f69dc04e44a140112b7e28b,6565e374d7a26d4a2f484f2a,656731e12e481d65554c0c7b,,,,,,,,,,,,,,,,,,,,,,,,,,,,,,,,,,,,,,,,,,,,,,,,,,,2,,,,s,0.2803,,space,0.4913,,2,purple_gnome,2,5,dark_forest,red_basket,brown_gnome,2,5,bright_forest,yellow_basket,5,0,0,1,purple_gnome,dark_forest,red_basket,225,-5,-1,20,0,40,1,1,,,,,,,,,,,,,,,,,,,,,,,,,,,,,,,,,,,,,,,,,,,,,,,,,,,,,,,,,,,,,,,,,,,,,,,,,,,,,,,,,,,,,,,,,,,,,,,,,,,,,,,,
,,,,,,,,,,,,,,,,,,,,,,,,,,,,,,,,896552,001,2023-11-29_13h43.25.211,experiment,2023.2.3,MacIntel,59.97361161,5f69dc04e44a140112b7e28b,6565e374d7a26d4a2f484f2a,656731e12e481d65554c0c7b,,,,,,,,,,,,,,,,,,,,,,,,,,,,,,,,,,,,,,,,,,,,,,,,,,,1,,,,s,0.428,,space,0.2647,,1,green_gnomes,1,4,dark_forest,red_basket,red_gnome,1,0,bright_forest,yellow_basket,4,0,0,1,green_gnomes,dark_forest,red_basket,229,-4,3,20,1,41,0,1,,,,,,,,,,,,,,,,,,,,,,,,,,,,,,,,,,,,,,,,,,,,,,,,,,,,,,,,,,,,,,,,,,,,,,,,,,,,,,,,,,,,,,,,,,,,,,,,,,,,,,,,
,,,,,,,,,,,,,,,,,,,,,,,,,,,,,,,,896552,001,2023-11-29_13h43.25.211,experiment,2023.2.3,MacIntel,59.97361161,5f69dc04e44a140112b7e28b,6565e374d7a26d4a2f484f2a,656731e12e481d65554c0c7b,,,,,,,,,,,,,,,,,,,,,,,,,,,,,,,,,,,,,,,,,,,,,,,,,,,2,,,,k,0.4468,,space,0.1649,,2,brown_gnome,2,4,bright_forest,yellow_basket,purple_gnome,2,7,dark_forest,red_basket,7,0,0,1,purple_gnome,dark_forest,red_basket,236,2,0,21,0,42,1,1,,,,,,,,,,,,,,,,,,,,,,,,,,,,,,,,,,,,,,,,,,,,,,,,,,,,,,,,,,,,,,,,,,,,,,,,,,,,,,,,,,,,,,,,,,,,,,,,,,,,,,,,
,,,,,,,,,,,,,,,,,,,,,,,,,,,,,,,,896552,001,2023-11-29_13h43.25.211,experiment,2023.2.3,MacIntel,59.97361161,5f69dc04e44a140112b7e28b,6565e374d7a26d4a2f484f2a,656731e12e481d65554c0c7b,,,,,,,,,,,,,,,,,,,,,,,,,,,,,,,,,,,,,,,,,,,,,,,,,,,1,,,,s,0.4433,,space,0.2799,,1,green_gnomes,1,7,dark_forest,red_basket,red_gnome,1,6,bright_forest,yellow_basket,7,0,0,1,green_gnomes,dark_forest,red_basket,243,0,1,21,1,43,0,1,,,,,,,,,,,,,,,,,,,,,,,,,,,,,,,,,,,,,,,,,,,,,,,,,,,,,,,,,,,,,,,,,,,,,,,,,,,,,,,,,,,,,,,,,,,,,,,,,,,,,,,,
,,,,,,,,,,,,,,,,,,,,,,,,,,,,,,,,896552,001,2023-11-29_13h43.25.211,experiment,2023.2.3,MacIntel,59.97361161,5f69dc04e44a140112b7e28b,6565e374d7a26d4a2f484f2a,656731e12e481d65554c0c7b,,,,,,,,,,,,,,,,,,,,,,,,,,,,,,,,,,,,,,,,,,,,,,,,,,,1,,,,k,0.3152,,space,0.1149,,1,red_gnome,1,6,bright_forest,yellow_basket,green_gnomes,1,8,dark_forest,red_basket,8,0,0,1,green_gnomes,dark_forest,red_basket,251,3,-1,22,0,44,0,1,,,,,,,,,,,,,,,,,,,,,,,,,,,,,,,,,,,,,,,,,,,,,,,,,,,,,,,,,,,,,,,,,,,,,,,,,,,,,,,,,,,,,,,,,,,,,,,,,,,,,,,,
,,,,,,,,,,,,,,,,,,,,,,,,,,,,,,,,896552,001,2023-11-29_13h43.25.211,experiment,2023.2.3,MacIntel,59.97361161,5f69dc04e44a140112b7e28b,6565e374d7a26d4a2f484f2a,656731e12e481d65554c0c7b,,,,,,,,,,,,,,,,,,,,,,,,,,,,,,,,,,,,,,,,,,,,,,,,,,,1,,,,s,0.0777,,space,0.3481,,1,red_gnome,1,9,bright_forest,yellow_basket,green_gnomes,1,7,dark_forest,red_basket,9,0,0,1,red_gnome,bright_forest,yellow_basket,260,2,-1,22,1,45,0,1,,,,,,,,,,,,,,,,,,,,,,,,,,,,,,,,,,,,,,,,,,,,,,,,,,,,,,,,,,,,,,,,,,,,,,,,,,,,,,,,,,,,,,,,,,,,,,,,,,,,,,,,
,,,,,,,,,,,,,,,,,,,,,,,,,,,,,,,,896552,001,2023-11-29_13h43.25.211,experiment,2023.2.3,MacIntel,59.97361161,5f69dc04e44a140112b7e28b,6565e374d7a26d4a2f484f2a,656731e12e481d65554c0c7b,,,,,,,,,,,,,,,,,,,,,,,,,,,,,,,,,,,,,,,,,,,,,,,,,,,1,,,,k,0.2483,,space,0.1153,,1,red_gnome,1,7,bright_forest,yellow_basket,green_gnomes,1,6,dark_forest,red_basket,6,0,0,1,green_gnomes,dark_forest,red_basket,266,3,0,23,0,46,0,1,,,,,,,,,,,,,,,,,,,,,,,,,,,,,,,,,,,,,,,,,,,,,,,,,,,,,,,,,,,,,,,,,,,,,,,,,,,,,,,,,,,,,,,,,,,,,,,,,,,,,,,,
,,,,,,,,,,,,,,,,,,,,,,,,,,,,,,,,896552,001,2023-11-29_13h43.25.211,experiment,2023.2.3,MacIntel,59.97361161,5f69dc04e44a140112b7e28b,6565e374d7a26d4a2f484f2a,656731e12e481d65554c0c7b,,,,,,,,,,,,,,,,,,,,,,,,,,,,,,,,,,,,,,,,,,,,,,,,,,,2,,,,s,0.5335,,space,0.1796,,2,purple_gnome,2,6,dark_forest,red_basket,brown_gnome,2,8,bright_forest,yellow_basket,6,0,0,1,purple_gnome,dark_forest,red_basket,272,0,2,23,1,47,1,1,,,,,,,,,,,,,,,,,,,,,,,,,,,,,,,,,,,,,,,,,,,,,,,,,,,,,,,,,,,,,,,,,,,,,,,,,,,,,,,,,,,,,,,,,,,,,,,,,,,,,,,,
,,,,,,,,,,,,,,,,,,,,,,,,,,,,,,,,896552,001,2023-11-29_13h43.25.211,experiment,2023.2.3,MacIntel,59.97361161,5f69dc04e44a140112b7e28b,6565e374d7a26d4a2f484f2a,656731e12e481d65554c0c7b,,,,,,,,,,,,,,,,,,,,,,,,,,,,,,,,,,,,,,,,,,,,,,,,,,,2,,,,k,0.4272,,space,0.4575,,2,purple_gnome,2,8,dark_forest,red_basket,brown_gnome,2,8,bright_forest,yellow_basket,8,0,0,1,brown_gnome,bright_forest,yellow_basket,280,2,2,24,0,48,1,1,,,,,,,,,,,,,,,,,,,,,,,,,,,,,,,,,,,,,,,,,,,,,,,,,,,,,,,,,,,,,,,,,,,,,,,,,,,,,,,,,,,,,,,,,,,,,,,,,,,,,,,,
,,,,,,,,,,,,,,,,,,,,,,,,,,,,,,,,896552,001,2023-11-29_13h43.25.211,experiment,2023.2.3,MacIntel,59.97361161,5f69dc04e44a140112b7e28b,6565e374d7a26d4a2f484f2a,656731e12e481d65554c0c7b,,,,,,,,,,,,,,,,,,,,,,,,,,,,,,,,,,,,,,,,,,,,,,,,,,,1,,,,s,0.5977,,space,0.912,,1,red_gnome,1,8,bright_forest,yellow_basket,green_gnomes,1,8,dark_forest,red_basket,8,0,0,1,red_gnome,bright_forest,yellow_basket,288,-2,0,24,1,49,0,1,,,,,,,,,,,,,,,,,,,,,,,,,,,,,,,,,,,,,,,,,,,,,,,,,,,,,,,,,,,,,,,,,,,,,,,,,,,,,,,,,,,,,,,,,,,,,,,,,,,,,,,,
,,,,,,,,,,,,,,,,,,,,,,,,,,,,,,,,896552,001,2023-11-29_13h43.25.211,experiment,2023.2.3,MacIntel,59.97361161,5f69dc04e44a140112b7e28b,6565e374d7a26d4a2f484f2a,656731e12e481d65554c0c7b,,,,,,,,,,,,,,,,,,,,,,,,,,,,,,,,,,,,,,,,,,,,,,,,,,,1,,,,k,0.832,,space,0.58,,1,green_gnomes,1,8,dark_forest,red_basket,red_gnome,1,6,bright_forest,yellow_basket,6,0,0,1,red_gnome,bright_forest,yellow_basket,294,1,1,25,0,50,0,1,,,,,,,,,,,,,,,,,,,,,,,,,,,,,,,,,,,,,,,,,,,,,,,,,,,,,,,,,,,,,,,,,,,,,,,,,,,,,,,,,,,,,,,,,,,,,,,,,,,,,,,,
,,,,,,,,,,,,,,,,,,,,,,,,,,,,,,,,896552,001,2023-11-29_13h43.25.211,experiment,2023.2.3,MacIntel,59.97361161,5f69dc04e44a140112b7e28b,6565e374d7a26d4a2f484f2a,656731e12e481d65554c0c7b,,,,,,,,,,,,,,,,,,,,,,,,,,,,,,,,,,,,,,,,,,,,,,,,,,,2,,,,s,0.6478,,space,0.2967,,2,brown_gnome,2,7,bright_forest,yellow_basket,purple_gnome,2,9,dark_forest,red_basket,7,0,0,1,brown_gnome,bright_forest,yellow_basket,301,0,-1,25,1,51,1,1,,,,,,,,,,,,,,,,,,,,,,,,,,,,,,,,,,,,,,,,,,,,,,,,,,,,,,,,,,,,,,,,,,,,,,,,,,,,,,,,,,,,,,,,,,,,,,,,,,,,,,,,
,,,,,,,,,,,,,,,,,,,,,,,,,,,,,,,,896552,001,2023-11-29_13h43.25.211,experiment,2023.2.3,MacIntel,59.97361161,5f69dc04e44a140112b7e28b,6565e374d7a26d4a2f484f2a,656731e12e481d65554c0c7b,,,,,,,,,,,,,,,,,,,,,,,,,,,,,,,,,,,,,,,,,,,,,,,,,,,2,,,,k,0.5763,,space,0.1173,,2,purple_gnome,2,8,dark_forest,red_basket,brown_gnome,2,7,bright_forest,yellow_basket,7,0,0,1,brown_gnome,bright_forest,yellow_basket,308,4,-3,26,0,52,1,1,,,,,,,,,,,,,,,,,,,,,,,,,,,,,,,,,,,,,,,,,,,,,,,,,,,,,,,,,,,,,,,,,,,,,,,,,,,,,,,,,,,,,,,,,,,,,,,,,,,,,,,,
,,,,,,,,,,,,,,,,,,,,,,,,,,,,,,,,896552,001,2023-11-29_13h43.25.211,experiment,2023.2.3,MacIntel,59.97361161,5f69dc04e44a140112b7e28b,6565e374d7a26d4a2f484f2a,656731e12e481d65554c0c7b,,,,,,,,,,,,,,,,,,,,,,,,,,,,,,,,,,,,,,,,,,,,,,,,,,,1,,,,s,0.5956,,space,0.1242,,1,red_gnome,1,7,bright_forest,yellow_basket,green_gnomes,1,5,dark_forest,red_basket,7,0,0,1,red_gnome,bright_forest,yellow_basket,315,3,1,26,1,53,0,1,,,,,,,,,,,,,,,,,,,,,,,,,,,,,,,,,,,,,,,,,,,,,,,,,,,,,,,,,,,,,,,,,,,,,,,,,,,,,,,,,,,,,,,,,,,,,,,,,,,,,,,,
,,,,,,,,,,,,,,,,,,,,,,,,,,,,,,,,896552,001,2023-11-29_13h43.25.211,experiment,2023.2.3,MacIntel,59.97361161,5f69dc04e44a140112b7e28b,6565e374d7a26d4a2f484f2a,656731e12e481d65554c0c7b,,,,,,,,,,,,,,,,,,,,,,,,,,,,,,,,,,,,,,,,,,,,,,,,,,,2,,,,s,0.6461,,space,0.3723,,2,brown_gnome,2,8,bright_forest,yellow_basket,purple_gnome,2,6,dark_forest,red_basket,8,0,0,1,brown_gnome,bright_forest,yellow_basket,323,3,1,27,0,54,1,1,,,,,,,,,,,,,,,,,,,,,,,,,,,,,,,,,,,,,,,,,,,,,,,,,,,,,,,,,,,,,,,,,,,,,,,,,,,,,,,,,,,,,,,,,,,,,,,,,,,,,,,,
,,,,,,,,,,,,,,,,,,,,,,,,,,,,,,,,896552,001,2023-11-29_13h43.25.211,experiment,2023.2.3,MacIntel,59.97361161,5f69dc04e44a140112b7e28b,6565e374d7a26d4a2f484f2a,656731e12e481d65554c0c7b,,,,,,,,,,,,,,,,,,,,,,,,,,,,,,,,,,,,,,,,,,,,,,,,,,,2,,,,s,0.547,,space,0.1131,,2,brown_gnome,2,7,bright_forest,yellow_basket,purple_gnome,2,7,dark_forest,red_basket,7,0,0,1,brown_gnome,bright_forest,yellow_basket,330,1,0,27,1,55,1,1,,,,,,,,,,,,,,,,,,,,,,,,,,,,,,,,,,,,,,,,,,,,,,,,,,,,,,,,,,,,,,,,,,,,,,,,,,,,,,,,,,,,,,,,,,,,,,,,,,,,,,,,
,,,,,,,,,,,,,,,,,,,,,,,,,,,,,,,,896552,001,2023-11-29_13h43.25.211,experiment,2023.2.3,MacIntel,59.97361161,5f69dc04e44a140112b7e28b,6565e374d7a26d4a2f484f2a,656731e12e481d65554c0c7b,,,,,,,,,,,,,,,,,,,,,,,,,,,,,,,,,,,,,,,,,,,,,,,,,,,1,,,,s,0.7117,,space,0.3101,,1,red_gnome,1,8,bright_forest,yellow_basket,green_gnomes,1,7,dark_forest,red_basket,8,0,0,1,red_gnome,bright_forest,yellow_basket,338,0,0,28,0,56,0,1,,,,,,,,,,,,,,,,,,,,,,,,,,,,,,,,,,,,,,,,,,,,,,,,,,,,,,,,,,,,,,,,,,,,,,,,,,,,,,,,,,,,,,,,,,,,,,,,,,,,,,,,
,,,,,,,,,,,,,,,,,,,,,,,,,,,,,,,,896552,001,2023-11-29_13h43.25.211,experiment,2023.2.3,MacIntel,59.97361161,5f69dc04e44a140112b7e28b,6565e374d7a26d4a2f484f2a,656731e12e481d65554c0c7b,,,,,,,,,,,,,,,,,,,,,,,,,,,,,,,,,,,,,,,,,,,,,,,,,,,1,,,,k,0.7955,,space,0.2834,,1,green_gnomes,1,7,dark_forest,red_basket,red_gnome,1,8,bright_forest,yellow_basket,8,0,0,1,red_gnome,bright_forest,yellow_basket,346,-4,3,28,1,57,0,1,,,,,,,,,,,,,,,,,,,,,,,,,,,,,,,,,,,,,,,,,,,,,,,,,,,,,,,,,,,,,,,,,,,,,,,,,,,,,,,,,,,,,,,,,,,,,,,,,,,,,,,,
,,,,,,,,,,,,,,,,,,,,,,,,,,,,,,,,896552,001,2023-11-29_13h43.25.211,experiment,2023.2.3,MacIntel,59.97361161,5f69dc04e44a140112b7e28b,6565e374d7a26d4a2f484f2a,656731e12e481d65554c0c7b,,,,,,,,,,,,,,,,,,,,,,,,,,,,,,,,,,,,,,,,,,,,,,,,,,,2,,,,k,0.56,,space,0.0894,,2,purple_gnome,2,8,dark_forest,red_basket,brown_gnome,2,4,bright_forest,yellow_basket,4,0,0,1,brown_gnome,bright_forest,yellow_basket,350,4,1,29,0,58,1,1,,,,,,,,,,,,,,,,,,,,,,,,,,,,,,,,,,,,,,,,,,,,,,,,,,,,,,,,,,,,,,,,,,,,,,,,,,,,,,,,,,,,,,,,,,,,,,,,,,,,,,,,
,,,,,,,,,,,,,,,,,,,,,,,,,,,,,,,,896552,001,2023-11-29_13h43.25.211,experiment,2023.2.3,MacIntel,59.97361161,5f69dc04e44a140112b7e28b,6565e374d7a26d4a2f484f2a,656731e12e481d65554c0c7b,,,,,,,,,,,,,,,,,,,,,,,,,,,,,,,,,,,,,,,,,,,,,,,,,,,2,,,,s,0.4798,,space,0.4287,,2,brown_gnome,2,8,bright_forest,yellow_basket,purple_gnome,2,9,dark_forest,red_basket,8,0,0,1,brown_gnome,bright_forest,yellow_basket,358,-1,2,29,1,59,1,1,,,,,,,,,,,,,,,,,,,,,,,,,,,,,,,,,,,,,,,,,,,,,,,,,,,,,,,,,,,,,,,,,,,,,,,,,,,,,,,,,,,,,,,,,,,,,,,,,,,,,,,,
,,,,,,,,,,,,,,,,,,,,,,,,,,,,,,,,896552,001,2023-11-29_13h43.25.211,experiment,2023.2.3,MacIntel,59.97361161,5f69dc04e44a140112b7e28b,6565e374d7a26d4a2f484f2a,656731e12e481d65554c0c7b,,,,,,,,,,,,,,,,,,,,,,,,,,,,,,,,,,,,,,,,,,,,,,,,,,,1,,,,s,0.5782,,space,0.2295,,1,red_gnome,1,7,bright_forest,yellow_basket,green_gnomes,1,7,dark_forest,red_basket,7,0,0,1,red_gnome,bright_forest,yellow_basket,365,-4,-1,30,0,60,0,1,,,,,,,,,,,,,,,,,,,,,,,,,,,,,,,,,,,,,,,,,,,,,,,,,,,,,,,,,,,,,,,,,,,,,,,,,,,,,,,,,,,,,,,,,,,,,,,,,,,,,,,,
,,,,,,,,,,,,,,,,,,,,,,,,,,,,,,,,896552,001,2023-11-29_13h43.25.211,experiment,2023.2.3,MacIntel,59.97361161,5f69dc04e44a140112b7e28b,6565e374d7a26d4a2f484f2a,656731e12e481d65554c0c7b,,,,,,,,,,,,,,,,,,,,,,,,,,,,,,,,,,,,,,,,,,,,,,,,,,,2,,,,s,0.7778,,space,0.1223,,2,brown_gnome,2,3,bright_forest,yellow_basket,purple_gnome,2,6,dark_forest,red_basket,3,0,0,1,brown_gnome,bright_forest,yellow_basket,368,1,-6,30,1,61,1,1,,,,,,,,,,,,,,,,,,,,,,,,,,,,,,,,,,,,,,,,,,,,,,,,,,,,,,,,,,,,,,,,,,,,,,,,,,,,,,,,,,,,,,,,,,,,,,,,,,,,,,,,
,,,,,,,,,,,,,,,,,,,,,,,,,,,,,,,,896552,001,2023-11-29_13h43.25.211,experiment,2023.2.3,MacIntel,59.97361161,5f69dc04e44a140112b7e28b,6565e374d7a26d4a2f484f2a,656731e12e481d65554c0c7b,,,,,,,,,,,,,,,,,,,,,,,,,,,,,,,,,,,,,,,,,,,,,,,,,,,2,,,,k,0.6441,,space,0.2994,,2,purple_gnome,2,0,dark_forest,red_basket,brown_gnome,2,4,bright_forest,yellow_basket,4,0,0,1,brown_gnome,bright_forest,yellow_basket,372,0,0,31,0,62,1,1,,,,,,,,,,,,,,,,,,,,,,,,,,,,,,,,,,,,,,,,,,,,,,,,,,,,,,,,,,,,,,,,,,,,,,,,,,,,,,,,,,,,,,,,,,,,,,,,,,,,,,,,
,,,,,,,,,,,,,,,,,,,,,,,,,,,,,,,,896552,001,2023-11-29_13h43.25.211,experiment,2023.2.3,MacIntel,59.97361161,5f69dc04e44a140112b7e28b,6565e374d7a26d4a2f484f2a,656731e12e481d65554c0c7b,,,,,,,,,,,,,,,,,,,,,,,,,,,,,,,,,,,,,,,,,,,,,,,,,,,2,,,,k,0.8663,,space,0.3659,,2,purple_gnome,2,0,dark_forest,red_basket,brown_gnome,2,4,bright_forest,yellow_basket,4,0,0,1,brown_gnome,bright_forest,yellow_basket,376,-5,1,31,1,63,1,1,,,,,,,,,,,,,,,,,,,,,,,,,,,,,,,,,,,,,,,,,,,,,,,,,,,,,,,,,,,,,,,,,,,,,,,,,,,,,,,,,,,,,,,,,,,,,,,,,,,,,,,,
,,,,,,,,,,,,,,,,,,,,,,,,,,,,,,,,896552,001,2023-11-29_13h43.25.211,experiment,2023.2.3,MacIntel,59.97361161,5f69dc04e44a140112b7e28b,6565e374d7a26d4a2f484f2a,656731e12e481d65554c0c7b,,,,,,,,,,,,,,,,,,,,,,,,,,,,,,,,,,,,,,,,,,,,,,,,,,,1,,,,s,0.4642,,space,0.1062,,1,red_gnome,1,1,bright_forest,yellow_basket,green_gnomes,1,1,dark_forest,red_basket,1,0,0,1,red_gnome,bright_forest,yellow_basket,377,0,-4,32,0,64,0,1,,,,,,,,,,,,,,,,,,,,,,,,,,,,,,,,,,,,,,,,,,,,,,,,,,,,,,,,,,,,,,,,,,,,,,,,,,,,,,,,,,,,,,,,,,,,,,,,,,,,,,,,
,,,,,,,,,,,,,,,,,,,,,,,,,,,,,,,,896552,001,2023-11-29_13h43.25.211,experiment,2023.2.3,MacIntel,59.97361161,5f69dc04e44a140112b7e28b,6565e374d7a26d4a2f484f2a,656731e12e481d65554c0c7b,,,,,,,,,,,,,,,,,,,,,,,,,,,,,,,,,,,,,,,,,,,,,,,,,,,2,,,,s,0.4791,,space,0.2138,,2,brown_gnome,2,1,bright_forest,yellow_basket,purple_gnome,2,3,dark_forest,red_basket,1,0,0,1,brown_gnome,bright_forest,yellow_basket,378,0,-2,32,1,65,1,1,,,,,,,,,,,,,,,,,,,,,,,,,,,,,,,,,,,,,,,,,,,,,,,,,,,,,,,,,,,,,,,,,,,,,,,,,,,,,,,,,,,,,,,,,,,,,,,,,,,,,,,,
,,,,,,,,,,,,,,,,,,,,,,,,,,,,,,,,896552,001,2023-11-29_13h43.25.211,experiment,2023.2.3,MacIntel,59.97361161,5f69dc04e44a140112b7e28b,6565e374d7a26d4a2f484f2a,656731e12e481d65554c0c7b,,,,,,,,,,,,,,,,,,,,,,,,,,,,,,,,,,,,,,,,,,,,,,,,,,,2,,,,k,0.4787,,space,0.1804,,2,purple_gnome,2,1,dark_forest,red_basket,brown_gnome,2,1,bright_forest,yellow_basket,1,0,0,1,brown_gnome,bright_forest,yellow_basket,379,-1,-2,33,0,66,1,1,,,,,,,,,,,,,,,,,,,,,,,,,,,,,,,,,,,,,,,,,,,,,,,,,,,,,,,,,,,,,,,,,,,,,,,,,,,,,,,,,,,,,,,,,,,,,,,,,,,,,,,,
,,,,,,,,,,,,,,,,,,,,,,,,,,,,,,,,896552,001,2023-11-29_13h43.25.211,experiment,2023.2.3,MacIntel,59.97361161,5f69dc04e44a140112b7e28b,6565e374d7a26d4a2f484f2a,656731e12e481d65554c0c7b,,,,,,,,,,,,,,,,,,,,,,,,,,,,,,,,,,,,,,,,,,,,,,,,,,,1,,,,k,0.6618,,space,0.3017,,1,green_gnomes,1,1,dark_forest,red_basket,red_gnome,1,0,bright_forest,yellow_basket,0,0,0,1,red_gnome,bright_forest,yellow_basket,379,1,4,33,1,67,0,1,,,,,,,,,,,,,,,,,,,,,,,,,,,,,,,,,,,,,,,,,,,,,,,,,,,,,,,,,,,,,,,,,,,,,,,,,,,,,,,,,,,,,,,,,,,,,,,,,,,,,,,,
,,,,,,,,,,,,,,,,,,,,,,,,,,,,,,,,896552,001,2023-11-29_13h43.25.211,experiment,2023.2.3,MacIntel,59.97361161,5f69dc04e44a140112b7e28b,6565e374d7a26d4a2f484f2a,656731e12e481d65554c0c7b,,,,,,,,,,,,,,,,,,,,,,,,,,,,,,,,,,,,,,,,,,,,,,,,,,,1,,,,k,0.5455,,space,0.1328,,1,green_gnomes,1,5,dark_forest,red_basket,red_gnome,1,1,bright_forest,yellow_basket,1,0,0,1,red_gnome,bright_forest,yellow_basket,380,2,-2,34,0,68,0,1,,,,,,,,,,,,,,,,,,,,,,,,,,,,,,,,,,,,,,,,,,,,,,,,,,,,,,,,,,,,,,,,,,,,,,,,,,,,,,,,,,,,,,,,,,,,,,,,,,,,,,,,
,,,,,,,,,,,,,,,,,,,,,,,,,,,,,,,,896552,001,2023-11-29_13h43.25.211,experiment,2023.2.3,MacIntel,59.97361161,5f69dc04e44a140112b7e28b,6565e374d7a26d4a2f484f2a,656731e12e481d65554c0c7b,,,,,,,,,,,,,,,,,,,,,,,,,,,,,,,,,,,,,,,,,,,,,,,,,,,2,,,,k,0.7422,,space,0.3184,,2,purple_gnome,2,3,dark_forest,red_basket,brown_gnome,2,3,bright_forest,yellow_basket,3,0,0,1,brown_gnome,bright_forest,yellow_basket,383,3,-4,34,1,69,1,1,,,,,,,,,,,,,,,,,,,,,,,,,,,,,,,,,,,,,,,,,,,,,,,,,,,,,,,,,,,,,,,,,,,,,,,,,,,,,,,,,,,,,,,,,,,,,,,,,,,,,,,,
,,,,,,,,,,,,,,,,,,,,,,,,,,,,,,,,896552,001,2023-11-29_13h43.25.211,experiment,2023.2.3,MacIntel,59.97361161,5f69dc04e44a140112b7e28b,6565e374d7a26d4a2f484f2a,656731e12e481d65554c0c7b,,,,,,,,,,,,,,,,,,,,,,,,,,,,,,,,,,,,,,,,,,,,,,,,,,,2,,,,k,0.6619,,space,0.0998,,2,purple_gnome,2,1,dark_forest,red_basket,brown_gnome,2,6,bright_forest,yellow_basket,6,0,0,1,brown_gnome,bright_forest,yellow_basket,389,1,1,35,0,70,1,1,,,,,,,,,,,,,,,,,,,,,,,,,,,,,,,,,,,,,,,,,,,,,,,,,,,,,,,,,,,,,,,,,,,,,,,,,,,,,,,,,,,,,,,,,,,,,,,,,,,,,,,,
,,,,,,,,,,,,,,,,,,,,,,,,,,,,,,,,896552,001,2023-11-29_13h43.25.211,experiment,2023.2.3,MacIntel,59.97361161,5f69dc04e44a140112b7e28b,6565e374d7a26d4a2f484f2a,656731e12e481d65554c0c7b,,,,,,,,,,,,,,,,,,,,,,,,,,,,,,,,,,,,,,,,,,,,,,,,,,,1,,,,k,0.5807,,space,0.2946,,1,green_gnomes,1,2,dark_forest,red_basket,red_gnome,1,7,bright_forest,yellow_basket,7,0,0,1,red_gnome,bright_forest,yellow_basket,396,0,-4,35,1,71,0,1,,,,,,,,,,,,,,,,,,,,,,,,,,,,,,,,,,,,,,,,,,,,,,,,,,,,,,,,,,,,,,,,,,,,,,,,,,,,,,,,,,,,,,,,,,,,,,,,,,,,,,,,
,,,,,,,,,,,,,,,,,,,,,,,,,,,,,,,,896552,001,2023-11-29_13h43.25.211,experiment,2023.2.3,MacIntel,59.97361161,5f69dc04e44a140112b7e28b,6565e374d7a26d4a2f484f2a,656731e12e481d65554c0c7b,,,,,,,,,,,,,,,,,,,,,,,,,,,,,,,,,,,,,,,,,,,,,,,,,,,2,,,,k,0.6129,,space,0.2657,,2,purple_gnome,2,2,dark_forest,red_basket,brown_gnome,2,7,bright_forest,yellow_basket,7,0,0,1,brown_gnome,bright_forest,yellow_basket,403,1,-1,36,0,72,1,1,,,,,,,,,,,,,,,,,,,,,,,,,,,,,,,,,,,,,,,,,,,,,,,,,,,,,,,,,,,,,,,,,,,,,,,,,,,,,,,,,,,,,,,,,,,,,,,,,,,,,,,,
,,,,,,,,,,,,,,,,,,,,,,,,,,,,,,,,896552,001,2023-11-29_13h43.25.211,experiment,2023.2.3,MacIntel,59.97361161,5f69dc04e44a140112b7e28b,6565e374d7a26d4a2f484f2a,656731e12e481d65554c0c7b,,,,,,,,,,,,,,,,,,,,,,,,,,,,,,,,,,,,,,,,,,,,,,,,,,,1,,,,k,0.5272,,space,0.3952,,1,green_gnomes,1,1,dark_forest,red_basket,red_gnome,1,8,bright_forest,yellow_basket,8,0,0,1,red_gnome,bright_forest,yellow_basket,411,1,-2,36,1,73,0,1,,,,,,,,,,,,,,,,,,,,,,,,,,,,,,,,,,,,,,,,,,,,,,,,,,,,,,,,,,,,,,,,,,,,,,,,,,,,,,,,,,,,,,,,,,,,,,,,,,,,,,,,
,,,,,,,,,,,,,,,,,,,,,,,,,,,,,,,,896552,001,2023-11-29_13h43.25.211,experiment,2023.2.3,MacIntel,59.97361161,5f69dc04e44a140112b7e28b,6565e374d7a26d4a2f484f2a,656731e12e481d65554c0c7b,,,,,,,,,,,,,,,,,,,,,,,,,,,,,,,,,,,,,,,,,,,,,,,,,,,1,,,,s,0.6112,,space,0.7913,,1,red_gnome,1,9,bright_forest,yellow_basket,green_gnomes,1,1,dark_forest,red_basket,9,0,0,1,red_gnome,bright_forest,yellow_basket,420,1,0,37,0,74,0,1,,,,,,,,,,,,,,,,,,,,,,,,,,,,,,,,,,,,,,,,,,,,,,,,,,,,,,,,,,,,,,,,,,,,,,,,,,,,,,,,,,,,,,,,,,,,,,,,,,,,,,,,
,,,,,,,,,,,,,,,,,,,,,,,,,,,,,,,,896552,001,2023-11-29_13h43.25.211,experiment,2023.2.3,MacIntel,59.97361161,5f69dc04e44a140112b7e28b,6565e374d7a26d4a2f484f2a,656731e12e481d65554c0c7b,,,,,,,,,,,,,,,,,,,,,,,,,,,,,,,,,,,,,,,,,,,,,,,,,,,1,,,,s,0.5948,,space,0.4182,,1,red_gnome,1,8,bright_forest,yellow_basket,green_gnomes,1,1,dark_forest,red_basket,8,0,0,1,red_gnome,bright_forest,yellow_basket,428,3,0,37,1,75,0,1,,,,,,,,,,,,,,,,,,,,,,,,,,,,,,,,,,,,,,,,,,,,,,,,,,,,,,,,,,,,,,,,,,,,,,,,,,,,,,,,,,,,,,,,,,,,,,,,,,,,,,,,
,,,,,,,,,,,,,,,,,,,,,,,,,,,,,,,,896552,001,2023-11-29_13h43.25.211,experiment,2023.2.3,MacIntel,59.97361161,5f69dc04e44a140112b7e28b,6565e374d7a26d4a2f484f2a,656731e12e481d65554c0c7b,,,,,,,,,,,,,,,,,,,,,,,,,,,,,,,,,,,,,,,,,,,,,,,,,,,1,,,,k,0.611,,space,0.6504,,1,green_gnomes,1,1,dark_forest,red_basket,red_gnome,1,7,bright_forest,yellow_basket,7,0,0,1,red_gnome,bright_forest,yellow_basket,435,-1,-2,38,0,76,0,1,,,,,,,,,,,,,,,,,,,,,,,,,,,,,,,,,,,,,,,,,,,,,,,,,,,,,,,,,,,,,,,,,,,,,,,,,,,,,,,,,,,,,,,,,,,,,,,,,,,,,,,,
,,,,,,,,,,,,,,,,,,,,,,,,,,,,,,,,896552,001,2023-11-29_13h43.25.211,experiment,2023.2.3,MacIntel,59.97361161,5f69dc04e44a140112b7e28b,6565e374d7a26d4a2f484f2a,656731e12e481d65554c0c7b,,,,,,,,,,,,,,,,,,,,,,,,,,,,,,,,,,,,,,,,,,,,,,,,,,,1,,,,s,0.4947,,space,0.3779,,1,red_gnome,1,6,bright_forest,yellow_basket,green_gnomes,1,1,dark_forest,red_basket,6,0,0,1,red_gnome,bright_forest,yellow_basket,441,0,0,38,1,77,0,1,,,,,,,,,,,,,,,,,,,,,,,,,,,,,,,,,,,,,,,,,,,,,,,,,,,,,,,,,,,,,,,,,,,,,,,,,,,,,,,,,,,,,,,,,,,,,,,,,,,,,,,,
,,,,,,,,,,,,,,,,,,,,,,,,,,,,,,,,896552,001,2023-11-29_13h43.25.211,experiment,2023.2.3,MacIntel,59.97361161,5f69dc04e44a140112b7e28b,6565e374d7a26d4a2f484f2a,656731e12e481d65554c0c7b,,,,,,,,,,,,,,,,,,,,,,,,,,,,,,,,,,,,,,,,,,,,,,,,,,,2,,,,k,0.5097,,space,0.2307,,2,purple_gnome,2,1,dark_forest,red_basket,brown_gnome,2,6,bright_forest,yellow_basket,6,0,0,1,brown_gnome,bright_forest,yellow_basket,447,0,3,39,0,78,1,1,,,,,,,,,,,,,,,,,,,,,,,,,,,,,,,,,,,,,,,,,,,,,,,,,,,,,,,,,,,,,,,,,,,,,,,,,,,,,,,,,,,,,,,,,,,,,,,,,,,,,,,,
,,,,,,,,,,,,,,,,,,,,,,,,,,,,,,,,896552,001,2023-11-29_13h43.25.211,experiment,2023.2.3,MacIntel,59.97361161,5f69dc04e44a140112b7e28b,6565e374d7a26d4a2f484f2a,656731e12e481d65554c0c7b,,,,,,,,,,,,,,,,,,,,,,,,,,,,,,,,,,,,,,,,,,,,,,,,,,,1,,,,s,0.4962,,space,0.1768,,1,red_gnome,1,6,bright_forest,yellow_basket,green_gnomes,1,4,dark_forest,red_basket,6,0,0,1,red_gnome,bright_forest,yellow_basket,453,1,-2,39,1,79,0,1,,,,,,,,,,,,,,,,,,,,,,,,,,,,,,,,,,,,,,,,,,,,,,,,,,,,,,,,,,,,,,,,,,,,,,,,,,,,,,,,,,,,,,,,,,,,,,,,,,,,,,,,
,,,,,,,,,,,,,,,,,,,,,,,,,,,,,,,,896552,001,2023-11-29_13h43.25.211,experiment,2023.2.3,MacIntel,59.97361161,5f69dc04e44a140112b7e28b,6565e374d7a26d4a2f484f2a,656731e12e481d65554c0c7b,,,,,,,,,,,,,,,,,,,,,,,,,,,,,,,,,,,,,,,,,,,,,,,,,,,1,,,,s,0.4953,,space,0.4666,,1,red_gnome,1,7,bright_forest,yellow_basket,green_gnomes,1,2,dark_forest,red_basket,7,0,0,1,red_gnome,bright_forest,yellow_basket,460,-7,-1,40,0,80,0,1,,,,,,,,,,,,,,,,,,,,,,,,,,,,,,,,,,,,,,,,,,,,,,,,,,,,,,,,,,,,,,,,,,,,,,,,,,,,,,,,,,,,,,,,,,,,,,,,,,,,,,,,
,,,,,,,,,,,,,,,,,,,,,,,,,,,,,,,,896552,001,2023-11-29_13h43.25.211,experiment,2023.2.3,MacIntel,59.97361161,5f69dc04e44a140112b7e28b,6565e374d7a26d4a2f484f2a,656731e12e481d65554c0c7b,,,,,,,,,,,,,,,,,,,,,,,,,,,,,,,,,,,,,,,,,,,,,,,,,,,2,,,,k,0.7297,,space,0.4157,,2,purple_gnome,2,1,dark_forest,red_basket,brown_gnome,2,0,bright_forest,yellow_basket,0,0,0,1,brown_gnome,bright_forest,yellow_basket,460,0,-1,40,1,81,1,1,,,,,,,,,,,,,,,,,,,,,,,,,,,,,,,,,,,,,,,,,,,,,,,,,,,,,,,,,,,,,,,,,,,,,,,,,,,,,,,,,,,,,,,,,,,,,,,,,,,,,,,,
,,,,,,,,,,,,,,,,,,,,,,,,,,,,,,,,896552,001,2023-11-29_13h43.25.211,experiment,2023.2.3,MacIntel,59.97361161,5f69dc04e44a140112b7e28b,6565e374d7a26d4a2f484f2a,656731e12e481d65554c0c7b,,,,,,,,,,,,,,,,,,,,,,,,,,,,,,,,,,,,,,,,,,,,,,,,,,,1,,,,k,0.7112,,space,0.5186,,1,green_gnomes,1,0,dark_forest,red_basket,red_gnome,1,0,bright_forest,yellow_basket,0,0,0,1,red_gnome,bright_forest,yellow_basket,460,-4,1,41,0,82,0,1,,,,,,,,,,,,,,,,,,,,,,,,,,,,,,,,,,,,,,,,,,,,,,,,,,,,,,,,,,,,,,,,,,,,,,,,,,,,,,,,,,,,,,,,,,,,,,,,,,,,,,,,
,,,,,,,,,,,,,,,,,,,,,,,,,,,,,,,,896552,001,2023-11-29_13h43.25.211,experiment,2023.2.3,MacIntel,59.97361161,5f69dc04e44a140112b7e28b,6565e374d7a26d4a2f484f2a,656731e12e481d65554c0c7b,,,,,,,,,,,,,,,,,,,,,,,,,,,,,,,,,,,,,,,,,,,,,,,,,,,2,,,,s,0.0727,,space,0.5767,,2,purple_gnome,2,1,dark_forest,red_basket,brown_gnome,2,4,bright_forest,yellow_basket,1,0,0,1,purple_gnome,dark_forest,red_basket,461,-3,-2,41,1,83,1,1,,,,,,,,,,,,,,,,,,,,,,,,,,,,,,,,,,,,,,,,,,,,,,,,,,,,,,,,,,,,,,,,,,,,,,,,,,,,,,,,,,,,,,,,,,,,,,,,,,,,,,,,
,,,,,,,,,,,,,,,,,,,,,,,,,,,,,,,,896552,001,2023-11-29_13h43.25.211,experiment,2023.2.3,MacIntel,59.97361161,5f69dc04e44a140112b7e28b,6565e374d7a26d4a2f484f2a,656731e12e481d65554c0c7b,,,,,,,,,,,,,,,,,,,,,,,,,,,,,,,,,,,,,,,,,,,,,,,,,,,2,,,,s,0.7506,,space,0.3959,,2,purple_gnome,2,1,dark_forest,red_basket,brown_gnome,2,1,bright_forest,yellow_basket,1,0,0,1,purple_gnome,dark_forest,red_basket,462,-1,0,42,0,84,1,1,,,,,,,,,,,,,,,,,,,,,,,,,,,,,,,,,,,,,,,,,,,,,,,,,,,,,,,,,,,,,,,,,,,,,,,,,,,,,,,,,,,,,,,,,,,,,,,,,,,,,,,,
,,,,,,,,,,,,,,,,,,,,,,,,,,,,,,,,896552,001,2023-11-29_13h43.25.211,experiment,2023.2.3,MacIntel,59.97361161,5f69dc04e44a140112b7e28b,6565e374d7a26d4a2f484f2a,656731e12e481d65554c0c7b,,,,,,,,,,,,,,,,,,,,,,,,,,,,,,,,,,,,,,,,,,,,,,,,,,,2,,,,s,0.4462,,space,0.2659,,2,purple_gnome,2,1,dark_forest,red_basket,brown_gnome,2,0,bright_forest,yellow_basket,1,0,0,1,purple_gnome,dark_forest,red_basket,463,-1,1,42,1,85,1,1,,,,,,,,,,,,,,,,,,,,,,,,,,,,,,,,,,,,,,,,,,,,,,,,,,,,,,,,,,,,,,,,,,,,,,,,,,,,,,,,,,,,,,,,,,,,,,,,,,,,,,,,
,,,,,,,,,,,,,,,,,,,,,,,,,,,,,,,,896552,001,2023-11-29_13h43.25.211,experiment,2023.2.3,MacIntel,59.97361161,5f69dc04e44a140112b7e28b,6565e374d7a26d4a2f484f2a,656731e12e481d65554c0c7b,,,,,,,,,,,,,,,,,,,,,,,,,,,,,,,,,,,,,,,,,,,,,,,,,,,2,,,,s,0.4472,,space,0.2637,,2,brown_gnome,2,1,bright_forest,yellow_basket,purple_gnome,2,2,dark_forest,red_basket,1,0,0,1,brown_gnome,bright_forest,yellow_basket,464,-1,-2,43,0,86,1,1,,,,,,,,,,,,,,,,,,,,,,,,,,,,,,,,,,,,,,,,,,,,,,,,,,,,,,,,,,,,,,,,,,,,,,,,,,,,,,,,,,,,,,,,,,,,,,,,,,,,,,,,
,,,,,,,,,,,,,,,,,,,,,,,,,,,,,,,,896552,001,2023-11-29_13h43.25.211,experiment,2023.2.3,MacIntel,59.97361161,5f69dc04e44a140112b7e28b,6565e374d7a26d4a2f484f2a,656731e12e481d65554c0c7b,,,,,,,,,,,,,,,,,,,,,,,,,,,,,,,,,,,,,,,,,,,,,,,,,,,2,,,,s,0.3762,,space,0.9805,,2,brown_gnome,2,0,bright_forest,yellow_basket,purple_gnome,2,0,dark_forest,red_basket,0,0,0,1,brown_gnome,bright_forest,yellow_basket,464,2,-3,43,1,87,1,1,,,,,,,,,,,,,,,,,,,,,,,,,,,,,,,,,,,,,,,,,,,,,,,,,,,,,,,,,,,,,,,,,,,,,,,,,,,,,,,,,,,,,,,,,,,,,,,,,,,,,,,,
,,,,,,,,,,,,,,,,,,,,,,,,,,,,,,,,896552,001,2023-11-29_13h43.25.211,experiment,2023.2.3,MacIntel,59.97361161,5f69dc04e44a140112b7e28b,6565e374d7a26d4a2f484f2a,656731e12e481d65554c0c7b,,,,,,,,,,,,,,,,,,,,,,,,,,,,,,,,,,,,,,,,,,,,,,,,,,,1,,,,s,0.3627,,space,0.3329,,1,red_gnome,1,2,bright_forest,yellow_basket,green_gnomes,1,3,dark_forest,red_basket,2,0,0,1,red_gnome,bright_forest,yellow_basket,466,1,3,44,0,88,0,1,,,,,,,,,,,,,,,,,,,,,,,,,,,,,,,,,,,,,,,,,,,,,,,,,,,,,,,,,,,,,,,,,,,,,,,,,,,,,,,,,,,,,,,,,,,,,,,,,,,,,,,,
,,,,,,,,,,,,,,,,,,,,,,,,,,,,,,,,896552,001,2023-11-29_13h43.25.211,experiment,2023.2.3,MacIntel,59.97361161,5f69dc04e44a140112b7e28b,6565e374d7a26d4a2f484f2a,656731e12e481d65554c0c7b,,,,,,,,,,,,,,,,,,,,,,,,,,,,,,,,,,,,,,,,,,,,,,,,,,,1,,,,k,0.2278,,space,0.2465,,1,red_gnome,1,3,bright_forest,yellow_basket,green_gnomes,1,6,dark_forest,red_basket,6,0,0,1,green_gnomes,dark_forest,red_basket,472,1,1,44,1,89,0,1,,,,,,,,,,,,,,,,,,,,,,,,,,,,,,,,,,,,,,,,,,,,,,,,,,,,,,,,,,,,,,,,,,,,,,,,,,,,,,,,,,,,,,,,,,,,,,,,,,,,,,,,
,,,,,,,,,,,,,,,,,,,,,,,,,,,,,,,,896552,001,2023-11-29_13h43.25.211,experiment,2023.2.3,MacIntel,59.97361161,5f69dc04e44a140112b7e28b,6565e374d7a26d4a2f484f2a,656731e12e481d65554c0c7b,,,,,,,,,,,,,,,,,,,,,,,,,,,,,,,,,,,,,,,,,,,,,,,,,,,2,,,,s,0.4794,,space,0.2791,,2,brown_gnome,2,4,bright_forest,yellow_basket,purple_gnome,2,7,dark_forest,red_basket,4,0,0,1,brown_gnome,bright_forest,yellow_basket,476,-3,2,45,0,90,1,1,,,,,,,,,,,,,,,,,,,,,,,,,,,,,,,,,,,,,,,,,,,,,,,,,,,,,,,,,,,,,,,,,,,,,,,,,,,,,,,,,,,,,,,,,,,,,,,,,,,,,,,,
,,,,,,,,,,,,,,,,,,,,,,,,,,,,,,,,896552,001,2023-11-29_13h43.25.211,experiment,2023.2.3,MacIntel,59.97361161,5f69dc04e44a140112b7e28b,6565e374d7a26d4a2f484f2a,656731e12e481d65554c0c7b,,,,,,,,,,,,,,,,,,,,,,,,,,,,,,,,,,,,,,,,,,,,,,,,,,,2,,,,k,0.5259,,space,0.2975,,2,brown_gnome,2,1,bright_forest,yellow_basket,purple_gnome,2,9,dark_forest,red_basket,9,0,0,1,purple_gnome,dark_forest,red_basket,485,-2,5,45,1,91,1,1,,,,,,,,,,,,,,,,,,,,,,,,,,,,,,,,,,,,,,,,,,,,,,,,,,,,,,,,,,,,,,,,,,,,,,,,,,,,,,,,,,,,,,,,,,,,,,,,,,,,,,,,
,,,,,,,,,,,,,,,,,,,,,,,,,,,,,,,,896552,001,2023-11-29_13h43.25.211,experiment,2023.2.3,MacIntel,59.97361161,5f69dc04e44a140112b7e28b,6565e374d7a26d4a2f484f2a,656731e12e481d65554c0c7b,,,,,,,,,,,,,,,,,,,,,,,,,,,,,,,,,,,,,,,,,,,,,,,,,,,1,,,,s,0.1605,,space,0.051,,1,green_gnomes,1,4,dark_forest,red_basket,red_gnome,1,1,bright_forest,yellow_basket,4,0,0,1,green_gnomes,dark_forest,red_basket,489,-1,0,46,0,92,0,1,,,,,,,,,,,,,,,,,,,,,,,,,,,,,,,,,,,,,,,,,,,,,,,,,,,,,,,,,,,,,,,,,,,,,,,,,,,,,,,,,,,,,,,,,,,,,,,,,,,,,,,,
,,,,,,,,,,,,,,,,,,,,,,,,,,,,,,,,896552,001,2023-11-29_13h43.25.211,experiment,2023.2.3,MacIntel,59.97361161,5f69dc04e44a140112b7e28b,6565e374d7a26d4a2f484f2a,656731e12e481d65554c0c7b,,,,,,,,,,,,,,,,,,,,,,,,,,,,,,,,,,,,,,,,,,,,,,,,,,,2,,,,k,0.3425,,space,1.3854,,2,purple_gnome,2,4,dark_forest,red_basket,brown_gnome,2,0,bright_forest,yellow_basket,0,0,0,1,brown_gnome,bright_forest,yellow_basket,489,-2,0,46,1,93,1,1,,,,,,,,,,,,,,,,,,,,,,,,,,,,,,,,,,,,,,,,,,,,,,,,,,,,,,,,,,,,,,,,,,,,,,,,,,,,,,,,,,,,,,,,,,,,,,,,,,,,,,,,
,,,,,,,,,,,,,,,,,,,,,,,,,,,,,,,,896552,001,2023-11-29_13h43.25.211,experiment,2023.2.3,MacIntel,59.97361161,5f69dc04e44a140112b7e28b,6565e374d7a26d4a2f484f2a,656731e12e481d65554c0c7b,,,,,,,,,,,,,,,,,,,,,,,,,,,,,,,,,,,,,,,,,,,,,,,,,,,2,,,,,,,,,,2,purple_gnome,2,4,dark_forest,red_basket,brown_gnome,2,2,bright_forest,yellow_basket,0,1,0,0,brown_gnome,bright_forest,yellow_basket,489,1,0,47,0,94,1,1,,,,,,,,,,,,,,,,,,,,,,,,,,,,,,,,,,,,,,,,,,,,,,,,,,,,,,,,,,,,,,,,,,,,,,,,,,,,,,,,,,,,,,,,,,,,,,,,,,,,,,,,
,,,,,,,,,,,,,,,,,,,,,,,,,,,,,,,,896552,001,2023-11-29_13h43.25.211,experiment,2023.2.3,MacIntel,59.97361161,5f69dc04e44a140112b7e28b,6565e374d7a26d4a2f484f2a,656731e12e481d65554c0c7b,,,,,,,,,,,,,,,,,,,,,,,,,,,,,,,,,,,,,,,,,,,,,,,,,,,1,,,,,,,,,,1,red_gnome,1,3,bright_forest,yellow_basket,green_gnomes,1,4,dark_forest,red_basket,0,1,0,0,brown_gnome,bright_forest,yellow_basket,489,-2,1,47,1,95,0,1,,,,,,,,,,,,,,,,,,,,,,,,,,,,,,,,,,,,,,,,,,,,,,,,,,,,,,,,,,,,,,,,,,,,,,,,,,,,,,,,,,,,,,,,,,,,,,,,,,,,,,,,
,,,,,,,,,,,,,,,,,,,,,,,,,,,,,,,,896552,001,2023-11-29_13h43.25.211,experiment,2023.2.3,MacIntel,59.97361161,5f69dc04e44a140112b7e28b,6565e374d7a26d4a2f484f2a,656731e12e481d65554c0c7b,,,,,,,,,,,,,,,,,,,,,,,,,,,,,,,,,,,,,,,,,,,,,,,,,,,2,,,,s,0.2284,,space,0.0357,,2,purple_gnome,2,5,dark_forest,red_basket,brown_gnome,2,1,bright_forest,yellow_basket,5,0,0,1,purple_gnome,dark_forest,red_basket,494,-2,-1,48,0,96,1,1,,,,,,,,,,,,,,,,,,,,,,,,,,,,,,,,,,,,,,,,,,,,,,,,,,,,,,,,,,,,,,,,,,,,,,,,,,,,,,,,,,,,,,,,,,,,,,,,,,,,,,,,
,,,,,,,,,,,,,,,,,,,,,,,,,,,,,,,,896552,001,2023-11-29_13h43.25.211,experiment,2023.2.3,MacIntel,59.97361161,5f69dc04e44a140112b7e28b,6565e374d7a26d4a2f484f2a,656731e12e481d65554c0c7b,,,,,,,,,,,,,,,,,,,,,,,,,,,,,,,,,,,,,,,,,,,,,,,,,,,1,,,,s,0.0697,,space,0.7277,,1,green_gnomes,1,4,dark_forest,red_basket,red_gnome,1,1,bright_forest,yellow_basket,4,0,0,1,green_gnomes,dark_forest,red_basket,498,1,3,48,1,97,0,1,,,,,,,,,,,,,,,,,,,,,,,,,,,,,,,,,,,,,,,,,,,,,,,,,,,,,,,,,,,,,,,,,,,,,,,,,,,,,,,,,,,,,,,,,,,,,,,,,,,,,,,,
,,,,,,,,,,,,,,,,,,,,,,,,,,,,,,,,896552,001,2023-11-29_13h43.25.211,experiment,2023.2.3,MacIntel,59.97361161,5f69dc04e44a140112b7e28b,6565e374d7a26d4a2f484f2a,656731e12e481d65554c0c7b,,,,,,,,,,,,,,,,,,,,,,,,,,,,,,,,,,,,,,,,,,,,,,,,,,,1,,,,s,0.3799,,space,0.3474,,1,green_gnomes,1,7,dark_forest,red_basket,red_gnome,1,2,bright_forest,yellow_basket,7,0,0,1,green_gnomes,dark_forest,red_basket,505,-3,3,49,0,98,0,1,,,,,,,,,,,,,,,,,,,,,,,,,,,,,,,,,,,,,,,,,,,,,,,,,,,,,,,,,,,,,,,,,,,,,,,,,,,,,,,,,,,,,,,,,,,,,,,,,,,,,,,,
,,,,,,,,,,,,,,,,,,,,,,,,,,,,,,,,896552,001,2023-11-29_13h43.25.211,experiment,2023.2.3,MacIntel,59.97361161,5f69dc04e44a140112b7e28b,6565e374d7a26d4a2f484f2a,656731e12e481d65554c0c7b,,,,,,,,,,,,,,,,,,,,,,,,,,,,,,,,,,,,,,,,,,,,,,,,,,,2,,,,s,0.2573,,space,0.2747,,2,purple_gnome,2,8,dark_forest,red_basket,brown_gnome,2,1,bright_forest,yellow_basket,8,0,0,1,purple_gnome,dark_forest,red_basket,513,0,1,49,1,99,1,1,,,,,,,,,,,,,,,,,,,,,,,,,,,,,,,,,,,,,,,,,,,,,,,,,,,,,,,,,,,,,,,,,,,,,,,,,,,,,,,,,,,,,,,,,,,,,,,,,,,,,,,,
,,,,,,,,,,,,,,,,,,,,,,,,,,,,,,,,896552,001,2023-11-29_13h43.25.211,experiment,2023.2.3,MacIntel,59.97361161,5f69dc04e44a140112b7e28b,6565e374d7a26d4a2f484f2a,656731e12e481d65554c0c7b,,,,,,,,,,,,,,,,,,,,,,,,,,,,,,,,,,,,,,,,,,,,,,,,,,,,,,,,,,,,,,,,,,,,,,,,,,,,,,,,,,,,,,,space,4.3145,,space,21.9069,,Pink/Violet gnomes gives almost always better amount of mushrooms.,0.747854679,-0.347046826,1,0,0,21.9402,vb_finished_typing_rect,space,5.3928,,space,18.1873,,space,10.1834,,space,3.0158,,86.78324941,9.0282,99.01457905,10.9634,space,12.1284,,red_gnome,purple_gnome,green_gnomes,0,0,0,1,1,0,1,3,,,,,,,,,,,,,,,,,,,,,,,,,,,,,,,,,,,,,,,,,,,,,,,,,,,,,,,,,,,,
,,,,,,,,,,,,,,,,,,,,,,,,,,,,,,,,896552,001,2023-11-29_13h43.25.211,experiment,2023.2.3,MacIntel,59.97361161,5f69dc04e44a140112b7e28b,6565e374d7a26d4a2f484f2a,656731e12e481d65554c0c7b,,,,,,,,,,,,,,,,,,,,,,,,,,,,,,,,,,,,,,,,,,,,,,,,,,,,,,,,,,,,,,,,,,,,,,,,,,,,,,,,,,,,,,,,,,,,,,,,,,,,,,,,,,,,,,,,,91.4824626,4.2423,84.43579398,5.8774,space,5.3444,,green_gnomes,purple_gnome,red_gnome,0,1,1,4,1,1,0,3,,,,,,,,,,,,,,,,,,,,,,,,,,,,,,,,,,,,,,,,,,,,,,,,,,,,,,,,,,,,
,,,,,,,,,,,,,,,,,,,,,,,,,,,,,,,,896552,001,2023-11-29_13h43.25.211,experiment,2023.2.3,MacIntel,59.97361161,5f69dc04e44a140112b7e28b,6565e374d7a26d4a2f484f2a,656731e12e481d65554c0c7b,,,,,,,,,,,,,,,,,,,,,,,,,,,,,,,,,,,,,,,,,,,,,,,,,,,,,,,,,,,,,,,,,,,,,,,,,,,,,,,,,,,,,,,,,,,,,,,,,,,,,,,,,,,,,,,,,86.12465577,5.2499,100,6.5305,space,6.1303,,brown_gnome,red_gnome,purple_gnome,0,2,2,7,1,2,0,3,,,,,,,,,,,,,,,,,,,,,,,,,,,,,,,,,,,,,,,,,,,,,,,,,,,,,,,,,,,,
,,,,,,,,,,,,,,,,,,,,,,,,,,,,,,,,896552,001,2023-11-29_13h43.25.211,experiment,2023.2.3,MacIntel,59.97361161,5f69dc04e44a140112b7e28b,6565e374d7a26d4a2f484f2a,656731e12e481d65554c0c7b,,,,,,,,,,,,,,,,,,,,,,,,,,,,,,,,,,,,,,,,,,,,,,,,,,,,,,,,,,,,,,,,,,,,,,,,,,,,,,,,,,,,,,,,,,,,,,,,,,,,,,,,,,,,,,,,,9.32545448,6.6815,99.90578509,8.3988,space,7.8447,,purple_gnome,red_gnome,green_gnomes,0,3,3,9,1,3,0,1,,,,,,,,,,,,,,,,,,,,,,,,,,,,,,,,,,,,,,,,,,,,,,,,,,,,,,,,,,,,
,,,,,,,,,,,,,,,,,,,,,,,,,,,,,,,,896552,001,2023-11-29_13h43.25.211,experiment,2023.2.3,MacIntel,59.97361161,5f69dc04e44a140112b7e28b,6565e374d7a26d4a2f484f2a,656731e12e481d65554c0c7b,,,,,,,,,,,,,,,,,,,,,,,,,,,,,,,,,,,,,,,,,,,,,,,,,,,,,,,,,,,,,,,,,,,,,,,,,,,,,,,,,,,,,,,,,,,,,,,,,,,,,,,,,,,,,,,,,78.13375085,4.0141,100,4.9452,space,4.3936,,brown_gnome,green_gnomes,purple_gnome,0,4,4,8,1,2,1,3,,,,,,,,,,,,,,,,,,,,,,,,,,,,,,,,,,,,,,,,,,,,,,,,,,,,,,,,,,,,
,,,,,,,,,,,,,,,,,,,,,,,,,,,,,,,,896552,001,2023-11-29_13h43.25.211,experiment,2023.2.3,MacIntel,59.97361161,5f69dc04e44a140112b7e28b,6565e374d7a26d4a2f484f2a,656731e12e481d65554c0c7b,,,,,,,,,,,,,,,,,,,,,,,,,,,,,,,,,,,,,,,,,,,,,,,,,,,,,,,,,,,,,,,,,,,,,,,,,,,,,,,,,,,,,,,,,,,,,,,,,,,,,,,,,,,,,,,,,1.319103577,5.7791,100,7.7166,space,7.2335,,green_gnomes,red_gnome,brown_gnome,0,5,5,3,1,1,0,2,,,,,,,,,,,,,,,,,,,,,,,,,,,,,,,,,,,,,,,,,,,,,,,,,,,,,,,,,,,,
,,,,,,,,,,,,,,,,,,,,,,,,,,,,,,,,896552,001,2023-11-29_13h43.25.211,experiment,2023.2.3,MacIntel,59.97361161,5f69dc04e44a140112b7e28b,6565e374d7a26d4a2f484f2a,656731e12e481d65554c0c7b,,,,,,,,,,,,,,,,,,,,,,,,,,,,,,,,,,,,,,,,,,,,,,,,,,,,,,,,,,,,,,,,,,,,,,,,,,,,,,,,,,,,,,,,,,,,,,,,,,,,,,,,,,,,,,,,,15.20803879,3.1646,100,4.3474,space,3.7412,,brown_gnome,green_gnomes,red_gnome,0,6,6,6,1,2,0,1,,,,,,,,,,,,,,,,,,,,,,,,,,,,,,,,,,,,,,,,,,,,,,,,,,,,,,,,,,,,
,,,,,,,,,,,,,,,,,,,,,,,,,,,,,,,,896552,001,2023-11-29_13h43.25.211,experiment,2023.2.3,MacIntel,59.97361161,5f69dc04e44a140112b7e28b,6565e374d7a26d4a2f484f2a,656731e12e481d65554c0c7b,,,,,,,,,,,,,,,,,,,,,,,,,,,,,,,,,,,,,,,,,,,,,,,,,,,,,,,,,,,,,,,,,,,,,,,,,,,,,,,,,,,,,,,,,,,,,,,,,,,,,,,,,,,,,,,,,1.938099684,2.8244,100,3.9134,space,3.2604,,red_gnome,green_gnomes,brown_gnome,0,7,7,0,1,0,1,2,,,,,,,,,,,,,,,,,,,,,,,,,,,,,,,,,,,,,,,,,,,,,,,,,,,,,,,,,,,,
,,,,,,,,,,,,,,,,,,,,,,,,,,,,,,,,896552,001,2023-11-29_13h43.25.211,experiment,2023.2.3,MacIntel,59.97361161,5f69dc04e44a140112b7e28b,6565e374d7a26d4a2f484f2a,656731e12e481d65554c0c7b,,,,,,,,,,,,,,,,,,,,,,,,,,,,,,,,,,,,,,,,,,,,,,,,,,,,,,,,,,,,,,,,,,,,,,,,,,,,,,,,,,,,,,,,,,,,,,,,,,,,,,,,,,,,,,,,,24.34098171,5.634,100,4.1956,space,5.1093,,purple_gnome,green_gnomes,brown_gnome,0,8,8,11,1,3,1,2,,,,,,,,,,,,,,,,,,,,,,,,,,,,,,,,,,,,,,,,,,,,,,,,,,,,,,,,,,,,
,,,,,,,,,,,,,,,,,,,,,,,,,,,,,,,,896552,001,2023-11-29_13h43.25.211,experiment,2023.2.3,MacIntel,59.97361161,5f69dc04e44a140112b7e28b,6565e374d7a26d4a2f484f2a,656731e12e481d65554c0c7b,,,,,,,,,,,,,,,,,,,,,,,,,,,,,,,,,,,,,,,,,,,,,,,,,,,,,,,,,,,,,,,,,,,,,,,,,,,,,,,,,,,,,,,,,,,,,,,,,,,,,,,,,,,,,,,,,15.66767596,5.4369,100,6.6362,space,6.1451,,green_gnomes,purple_gnome,brown_gnome,0,9,9,5,1,1,2,3,,,,,,,,,,,,,,,,,,,,,,,,,,,,,,,,,,,,,,,,,,,,,,,,,,,,,,,,,,,,
,,,,,,,,,,,,,,,,,,,,,,,,,,,,,,,,896552,001,2023-11-29_13h43.25.211,experiment,2023.2.3,MacIntel,59.97361161,5f69dc04e44a140112b7e28b,6565e374d7a26d4a2f484f2a,656731e12e481d65554c0c7b,,,,,,,,,,,,,,,,,,,,,,,,,,,,,,,,,,,,,,,,,,,,,,,,,,,,,,,,,,,,,,,,,,,,,,,,,,,,,,,,,,,,,,,,,,,,,,,,,,,,,,,,,,,,,,,,,8.784533098,2.8965,100,4.0637,space,3.5239,,red_gnome,purple_gnome,brown_gnome,0,10,10,2,1,0,2,3,,,,,,,,,,,,,,,,,,,,,,,,,,,,,,,,,,,,,,,,,,,,,,,,,,,,,,,,,,,,
,,,,,,,,,,,,,,,,,,,,,,,,,,,,,,,,896552,001,2023-11-29_13h43.25.211,experiment,2023.2.3,MacIntel,59.97361161,5f69dc04e44a140112b7e28b,6565e374d7a26d4a2f484f2a,656731e12e481d65554c0c7b,,,,,,,,,,,,,,,,,,,,,,,,,,,,,,,,,,,,,,,,,,,,,,,,,,,,,,,,,,,,,,,,,,,,,,,,,,,,,,,,,,,,,,,,,,,,,,,,,,,,,,,,,,,,,,,,,77.21799365,4.6714,92.94428956,3.7283,space,4.15,,purple_gnome,red_gnome,brown_gnome,0,11,11,10,1,3,0,2,,,,,,,,,,,,,,,,,,,,,,,,,,,,,,,,,,,,,,,,,,,,,,,,,,,,,,,,,,,,
,,,,,,,,,,,,,,,,,,,,,,,,,,,,,,,,896552,001,2023-11-29_13h43.25.211,experiment,2023.2.3,MacIntel,59.97361161,5f69dc04e44a140112b7e28b,6565e374d7a26d4a2f484f2a,656731e12e481d65554c0c7b,,,,,,,,,,,,,,,,,,,,,,,,,,,,,,,,,,,,,,,,,,,,,,,,,,,,,,,,,,,,,,,,,,,,,,,,,,,,,,,,,,,,,,,,,,,,,,,,,,,,,,,,,,,,,,,,,,,,,,,,,,,,,,,,,,,space,15.6612,,1010.4215,1010.9161,space,5.4634,,red_gnome,bright_forest,yellow_basket,0,0,0,0,1,,,,,,,,,,,,,,,,,,,,,,,,,,,,,,,,,,,,,,,,,,,,
,,,,,,,,,,,,,,,,,,,,,,,,,,,,,,,,896552,001,2023-11-29_13h43.25.211,experiment,2023.2.3,MacIntel,59.97361161,5f69dc04e44a140112b7e28b,6565e374d7a26d4a2f484f2a,656731e12e481d65554c0c7b,,,,,,,,,,,,,,,,,,,,,,,,,,,,,,,,,,,,,,,,,,,,,,,,,,,,,,,,,,,,,,,,,,,,,,,,,,,,,,,,,,,,,,,,,,,,,,,,,,,,,,,,,,,,,,,,,,,,,,,,,,,,,,,,,,,,,,1016.3996,1016.9043,space,4.0265,,green_gnomes,bright_forest,yellow_basket,1,0,1,0,1,,,,,,,,,,,,,,,,,,,,,,,,,,,,,,,,,,,,,,,,,,,,
,,,,,,,,,,,,,,,,,,,,,,,,,,,,,,,,896552,001,2023-11-29_13h43.25.211,experiment,2023.2.3,MacIntel,59.97361161,5f69dc04e44a140112b7e28b,6565e374d7a26d4a2f484f2a,656731e12e481d65554c0c7b,,,,,,,,,,,,,,,,,,,,,,,,,,,,,,,,,,,,,,,,,,,,,,,,,,,,,,,,,,,,,,,,,,,,,,,,,,,,,,,,,,,,,,,,,,,,,,,,,,,,,,,,,,,,,,,,,,,,,,,,,,,,,,,,,,,,,,1020.9482,1021.4399,space,5.3439,,brown_gnome,bright_forest,yellow_basket,2,0,2,0,1,,,,,,,,,,,,,,,,,,,,,,,,,,,,,,,,,,,,,,,,,,,,
,,,,,,,,,,,,,,,,,,,,,,,,,,,,,,,,896552,001,2023-11-29_13h43.25.211,experiment,2023.2.3,MacIntel,59.97361161,5f69dc04e44a140112b7e28b,6565e374d7a26d4a2f484f2a,656731e12e481d65554c0c7b,,,,,,,,,,,,,,,,,,,,,,,,,,,,,,,,,,,,,,,,,,,,,,,,,,,,,,,,,,,,,,,,,,,,,,,,,,,,,,,,,,,,,,,,,,,,,,,,,,,,,,,,,,,,,,,,,,,,,,,,,,,,,,,,,,,,,,1026.8009,1027.2899,space,4.3629,,purple_gnome,bright_forest,yellow_basket,3,0,3,0,1,,,,,,,,,,,,,,,,,,,,,,,,,,,,,,,,,,,,,,,,,,,,
,,,,,,,,,,,,,,,,,,,,,,,,,,,,,,,,896552,001,2023-11-29_13h43.25.211,experiment,2023.2.3,MacIntel,59.97361161,5f69dc04e44a140112b7e28b,6565e374d7a26d4a2f484f2a,656731e12e481d65554c0c7b,,,,,,,,,,,,,,,,,,,,,,,,,,,,,,,,,,,,,,,,,,,,,,,,,,,,,,,,,,,,,,,,,,,,,,,,,,,,,,,,,,,,,,,,,,,,,,,,,,,,,,,,,,,,,,,,,,,,,,,,,,,,,,,,,,,,,,,,,,,,,,,,,,,space,8.963,,1,1.9932,space,2.6151,,100,3.151,bright_forest,dark_forest,yellow_basket,red_basket,0,0,0,0,1,,,,,,,,,,,,,,,,,,,,,,,,,
,,,,,,,,,,,,,,,,,,,,,,,,,,,,,,,,896552,001,2023-11-29_13h43.25.211,experiment,2023.2.3,MacIntel,59.97361161,5f69dc04e44a140112b7e28b,6565e374d7a26d4a2f484f2a,656731e12e481d65554c0c7b,,,,,,,,,,,,,,,,,,,,,,,,,,,,,,,,,,,,,,,,,,,,,,,,,,,,,,,,,,,,,,,,,,,,,,,,,,,,,,,,,,,,,,,,,,,,,,,,,,,,,,,,,,,,,,,,,,,,,,,,,,,,,,,,,0,1,,,,,,,,,,,,,,,,,,,,,,,,,,,,,,,,,,,,space,5.3424,,1,1.9314,space,2.463,,100,2.9827,red_gnome,green_gnomes,0,0,0,0,1,,,,,,,,
,,,,,,,,,,,,,,,,,,,,,,,,,,,,,,,,896552,001,2023-11-29_13h43.25.211,experiment,2023.2.3,MacIntel,59.97361161,5f69dc04e44a140112b7e28b,6565e374d7a26d4a2f484f2a,656731e12e481d65554c0c7b,,,,,,,,,,,,,,,,,,,,,,,,,,,,,,,,,,,,,,,,,,,,,,,,,,,,,,,,,,,,,,,,,,,,,,,,,,,,,,,,,,,,,,,,,,,,,,,,,,,,,,,,,,,,,,,,,,,,,,,,,,,,,,,,,1,3,,,,,,,,,,,,,,,,,,,,,,,,,,,,,,,,,,,,,,,100,3.5789,space,4.1298,,62.8620368,4.6162,green_gnomes,purple_gnome,0,1,1,4,1,,,,,,,,
,,,,,,,,,,,,,,,,,,,,,,,,,,,,,,,,896552,001,2023-11-29_13h43.25.211,experiment,2023.2.3,MacIntel,59.97361161,5f69dc04e44a140112b7e28b,6565e374d7a26d4a2f484f2a,656731e12e481d65554c0c7b,,,,,,,,,,,,,,,,,,,,,,,,,,,,,,,,,,,,,,,,,,,,,,,,,,,,,,,,,,,,,,,,,,,,,,,,,,,,,,,,,,,,,,,,,,,,,,,,,,,,,,,,,,,,,,,,,,,,,,,,,,,,,,,,,0,3,,,,,,,,,,,,,,,,,,,,,,,,,,,,,,,,,,,,,,,100,2.0621,space,2.4602,,100,3.0451,purple_gnome,red_gnome,0,2,2,2,1,,,,,,,,
,,,,,,,,,,,,,,,,,,,,,,,,,,,,,,,,896552,001,2023-11-29_13h43.25.211,experiment,2023.2.3,MacIntel,59.97361161,5f69dc04e44a140112b7e28b,6565e374d7a26d4a2f484f2a,656731e12e481d65554c0c7b,,,,,,,,,,,,,,,,,,,,,,,,,,,,,,,,,,,,,,,,,,,,,,,,,,,,,,,,,,,,,,,,,,,,,,,,,,,,,,,,,,,,,,,,,,,,,,,,,,,,,,,,,,,,,,,,,,,,,,,,,,,,,,,,,1,2,,,,,,,,,,,,,,,,,,,,,,,,,,,,,,,,,,,,,,,1,2.6271,space,3.2278,,100,3.7953,green_gnomes,brown_gnome,0,3,3,3,1,,,,,,,,
,,,,,,,,,,,,,,,,,,,,,,,,,,,,,,,,896552,001,2023-11-29_13h43.25.211,experiment,2023.2.3,MacIntel,59.97361161,5f69dc04e44a140112b7e28b,6565e374d7a26d4a2f484f2a,656731e12e481d65554c0c7b,,,,,,,,,,,,,,,,,,,,,,,,,,,,,,,,,,,,,,,,,,,,,,,,,,,,,,,,,,,,,,,,,,,,,,,,,,,,,,,,,,,,,,,,,,,,,,,,,,,,,,,,,,,,,,,,,,,,,,,,,,,,,,,,,0,2,,,,,,,,,,,,,,,,,,,,,,,,,,,,,,,,,,,,,,,100,2.1264,space,2.9457,,74.17361367,3.4671,brown_gnome,red_gnome,0,4,4,1,1,,,,,,,,
,,,,,,,,,,,,,,,,,,,,,,,,,,,,,,,,896552,001,2023-11-29_13h43.25.211,experiment,2023.2.3,MacIntel,59.97361161,5f69dc04e44a140112b7e28b,6565e374d7a26d4a2f484f2a,656731e12e481d65554c0c7b,,,,,,,,,,,,,,,,,,,,,,,,,,,,,,,,,,,,,,,,,,,,,,,,,,,,,,,,,,,,,,,,,,,,,,,,,,,,,,,,,,,,,,,,,,,,,,,,,,,,,,,,,,,,,,,,,,,,,,,,,,,,,,,,,2,3,,,,,,,,,,,,,,,,,,,,,,,,,,,,,,,,,,,,,,,11.83831824,2.6655,space,3.1626,,82.96826023,3.7483,purple_gnome,brown_gnome,0,5,5,5,1,,,,,,,,
,,,,,,,,,,,,,,,,,,,,,,,,,,,,,,,,896552,001,2023-11-29_13h43.25.211,experiment,2023.2.3,MacIntel,59.97361161,5f69dc04e44a140112b7e28b,6565e374d7a26d4a2f484f2a,656731e12e481d65554c0c7b,,,,,,,,,,,,,,,,,,,,,,,,,,,,,,,,,,,,,,,,,,,,,,,,,,,,,,,,,,,,,,,,,,,,,,,,,,,,,,,,,,,,,,,,,,,,,,,,,,,,,,,,,,,,,,,,,,,,,,,,,,,,,,,,,,,,,,,,,,,,,,,,,,,,,,,,,,,,,,,,,,,,,,,,,,,,,,,,,,,,,,,space,26.4195,,0,0,0,0,1